run,vid,instante,x1,y1,x2,y2,v,theta,a,giro
# run=20260718-165917-978 opt=global condiciones_iniciales=[{'id': 1, 'inicio': (24.45, 3.84), 'giro_inicial': 0.6, 'meta': (29.46, 19.54), 'angulo_llegada': 283.6, 'largo': 1.07, 'ancho': 0.64, 'v_max': 2.24, 'v_inicial': 0.0, 'a_max': 0.83, 'giro_max': 28.1, 'grupo': 1, 'prioridad': 3}, {'id': 2, 'inicio': (36.98, 8.51), 'giro_inicial': 127.7, 'meta': (20.95, 18.18), 'angulo_llegada': 269.4, 'largo': 0.79, 'ancho': 0.49, 'v_max': 2.76, 'v_inicial': 0.0, 'a_max': 0.94, 'giro_max': 28.4, 'grupo': 1, 'prioridad': 1}, {'id': 3, 'inicio': (19.75, 19.53), 'giro_inicial': 47.0, 'meta': (31.02, 3.24), 'angulo_llegada': 53.7, 'largo': 0.87, 'ancho': 0.5, 'v_max': 2.81, 'v_inicial': 0.0, 'a_max': 0.72, 'giro_max': 33.4, 'grupo': 1, 'prioridad': 3}, {'id': 4, 'inicio': (14.71, 18.33), 'giro_inicial': 279.0, 'meta': (19.45, 17.97), 'angulo_llegada': 105.8, 'largo': 0.93, 'ancho': 0.52, 'v_max': 2.93, 'v_inicial': 0.0, 'a_max': 0.86, 'giro_max': 35.0, 'grupo': 1, 'prioridad': 2}, {'id': 5, 'inicio': (25.61, 18.56), 'giro_inicial': 125.2, 'meta': (14.29, 19.56), 'angulo_llegada': 247.8, 'largo': 0.97, 'ancho': 0.52, 'v_max': 2.97, 'v_inicial': 0.0, 'a_max': 0.98, 'giro_max': 34.2, 'grupo': 1, 'prioridad': 1}, {'id': 6, 'inicio': (16.81, 8.06), 'giro_inicial': 354.3, 'meta': (36.44, 18.14), 'angulo_llegada': 96.4, 'largo': 1.12, 'ancho': 0.68, 'v_max': 1.99, 'v_inicial': 0.0, 'a_max': 1.0, 'giro_max': 31.5, 'grupo': 2, 'prioridad': 3}]
20260718-165917-978,1,0,24.981620,4.165585,23.918380,3.514415,-0.083000,0.010472,-0.830000,3.141593
20260718-165917-978,1,1,24.973320,4.165498,23.910081,3.514328,-0.166000,0.010472,-0.830000,3.141593
20260718-165917-978,1,2,24.956721,4.165324,23.893482,3.514154,-0.249000,0.010472,-0.830000,3.141593
20260718-165917-978,1,3,24.931822,4.165063,23.868583,3.513894,-0.332000,0.010472,-0.827983,3.141593
20260718-165917-978,1,4,24.898624,4.164716,23.835385,3.513546,-0.414798,0.010472,-0.828689,-2.725112
20260718-165917-978,1,5,24.867025,4.148844,23.784002,3.531136,-0.497667,-0.020707,-0.828287,-2.733549
20260718-165917-978,1,6,24.828233,4.131696,23.723357,3.553985,-0.580496,-0.057265,-0.827868,-2.741981
20260718-165917-978,1,7,24.781968,4.114176,23.653991,3.582981,-0.663283,-0.098924,-0.827446,-2.750412
20260718-165917-978,1,8,24.728001,4.097303,23.576559,3.619097,-0.746027,-0.145409,-0.827030,-2.758841
20260718-165917-978,1,9,24.666186,4.082201,23.491847,3.663359,-0.828730,-0.196447,-0.826630,-2.767272
20260718-165917-978,1,10,24.596484,4.070091,23.400783,3.716822,-0.911393,-0.251767,-0.826254,-2.775705
20260718-165917-978,1,11,24.518989,4.062275,23.304443,3.780534,-0.994019,-0.311103,-0.825911,-2.784141
20260718-165917-978,1,12,24.433954,4.060115,23.204062,3.855504,-1.076610,-0.374189,-0.407865,-2.792581
20260718-165917-978,1,13,24.341810,4.065013,23.101031,3.942674,-1.117396,-0.440763,0.000000,-2.796752
20260718-165917-978,1,14,24.246732,4.077167,23.000500,4.039668,-1.117396,-0.508963,-0.000000,-2.796752
20260718-165917-978,1,15,24.152704,4.095772,22.906814,4.143289,-1.117396,-0.577164,-0.003659,-2.796752
20260718-165917-978,1,16,24.060162,4.120742,22.820406,4.253053,-1.117762,-0.645365,0.000000,-2.820249
20260718-165917-978,1,17,23.969704,4.154594,22.740785,4.364972,-1.117762,-0.708590,-0.000000,-2.820249
20260718-165917-978,1,18,23.881566,4.194093,22.668395,4.481699,-1.117762,-0.771816,0.000000,-2.820249
20260718-165917-978,1,19,23.796099,4.239083,22.603525,4.602766,-1.117762,-0.835041,0.826341,-2.820249
20260718-165917-978,1,20,23.713646,4.289382,22.546433,4.727690,-1.035128,-0.898267,0.826624,-2.812372
20260718-165917-978,1,21,23.639818,4.339580,22.501036,4.847197,-0.952466,-0.958362,0.826937,-2.804499
20260718-165917-978,1,22,23.574185,4.388753,22.466012,4.960114,-0.869772,-1.015084,0.827274,-2.796629
20260718-165917-978,1,23,23.516282,4.436072,22.440001,5.065451,-0.787045,-1.068191,0.827628,-2.788762
20260718-165917-978,1,24,23.465625,4.480802,22.421631,5.162401,-0.704282,-1.117439,0.827991,-2.780895
20260718-165917-978,1,25,23.421728,4.522301,22.409555,5.250316,-0.621483,-1.162580,0.828355,-2.773029
20260718-165917-978,1,26,23.384121,4.560016,22.402475,5.328697,-0.538647,-1.203365,0.828709,-2.765161
20260718-165917-978,1,27,23.352368,4.593484,22.399169,5.397169,-0.455776,-1.239545,0.828680,-2.757292
20260718-165917-978,1,28,23.326078,4.622320,22.398513,5.455461,-0.372908,-1.270865,0.829533,-2.805123
20260718-165917-978,1,29,23.306504,4.648015,22.397631,5.501508,-0.289955,-1.293029,0.829721,-2.798352
20260718-165917-978,1,30,23.291460,4.668104,22.397756,5.537467,-0.206983,-1.310637,0.829868,-2.791576
20260718-165917-978,1,31,23.280775,4.682472,22.398306,5.563238,-0.123996,-1.323476,0.829962,-2.784794
20260718-165917-978,1,32,23.274362,4.691067,22.398837,5.578736,-0.041000,-1.331330,0.830000,3.141593
20260718-165917-978,1,33,23.273389,4.695050,22.397865,5.582719,0.042000,-1.331330,0.830000,0.000000
20260718-165917-978,1,34,23.274385,4.690970,22.398861,5.578639,0.125000,-1.331330,0.830000,0.000000
20260718-165917-978,1,35,23.277350,4.678826,22.401826,5.566496,0.208000,-1.331330,0.829133,0.000000
20260718-165917-978,1,36,23.282283,4.658620,22.406759,5.546289,0.290913,-1.331330,0.829109,-0.458699
20260718-165917-978,1,37,23.277529,4.619637,22.423933,5.528413,0.373824,-1.355742,0.828698,-0.449679
20260718-165917-978,1,38,23.270257,4.570001,22.444920,5.504517,0.456694,-1.386401,0.828246,-0.440667
20260718-165917-978,1,39,23.259614,4.510013,22.469023,5.474101,0.539519,-1.422998,0.827770,-0.431661
20260718-165917-978,1,40,23.244601,4.440056,22.495416,5.436660,0.622296,-1.465228,0.827283,-0.422659
20260718-165917-978,1,41,23.224100,4.360615,22.523141,5.391710,0.705024,-1.512787,0.826800,-0.413659
20260718-165917-978,1,42,23.196897,4.272306,22.551109,5.338822,0.787704,-1.565378,0.826330,-0.404658
20260718-165917-978,1,43,23.161720,4.175887,22.578099,5.277653,0.870337,-1.622705,0.825885,-0.395656
20260718-165917-978,1,44,23.117264,4.072287,22.602771,5.207979,0.952925,-1.684476,0.825473,-0.386650
20260718-165917-978,1,45,23.062236,3.962610,22.623679,5.129729,1.035473,-1.750403,0.825104,-0.377640
20260718-165917-978,1,46,22.995385,3.848150,22.639289,5.043012,1.117983,-1.820199,0.824782,-0.368624
20260718-165917-978,1,47,22.915545,3.730393,22.648011,4.948147,1.200461,-1.893581,0.824516,-0.359601
20260718-165917-978,1,48,22.821676,3.611014,22.648224,4.845685,1.282913,-1.970269,0.824310,-0.350571
20260718-165917-978,1,49,22.712903,3.491864,22.638321,4.736427,1.365344,-2.049986,0.824167,-0.341533
20260718-165917-978,1,50,22.588551,3.374953,22.616743,4.621431,1.447761,-2.132454,0.824092,-0.332487
20260718-165917-978,1,51,22.448182,3.262428,22.582031,4.502018,1.530170,-2.217403,0.824086,-0.323432
20260718-165917-978,1,52,22.291624,3.156534,22.532867,4.379768,1.612578,-2.304559,0.824151,-0.314368
20260718-165917-978,1,53,22.118994,3.059580,22.468122,4.256496,1.694993,-2.393655,0.824288,-0.305296
20260718-165917-978,1,54,21.930714,2.973895,22.386898,4.134238,1.777422,-2.484424,0.824497,-0.296214
20260718-165917-978,1,55,21.727520,2.901782,22.288572,4.015210,1.859872,-2.576600,0.824777,-0.287125
20260718-165917-978,1,56,21.510460,2.845468,22.172826,3.901769,1.942350,-2.669921,0.825125,-0.278027
20260718-165917-978,1,57,21.280884,2.807054,22.039672,3.796367,2.024862,-2.764124,0.825541,-0.268921
20260718-165917-978,1,58,21.040423,2.788471,21.889474,3.701495,2.107416,-2.858949,0.826021,-0.259808
20260718-165917-978,1,59,20.790964,2.791435,21.722950,3.619628,2.190018,-2.954137,0.483618,-0.250688
20260718-165917-978,1,60,20.534611,2.817407,21.541171,3.553163,2.238380,-3.049432,0.000000,-0.099661
20260718-165917-978,1,61,20.297315,2.824690,21.331123,3.521641,2.238380,-3.087465,-0.000000,-0.099661
20260718-165917-978,1,62,20.060467,2.840991,21.120028,3.498130,2.238380,-3.125497,0.000000,-0.099661
20260718-165917-978,1,63,19.824411,2.866287,20.908192,3.482662,2.238380,-3.163530,-0.004593,-0.099661
20260718-165917-978,1,64,19.589487,2.900539,20.695921,3.475260,2.237921,-3.201562,0.000000,-0.112830
20260718-165917-978,1,65,19.354811,2.947681,20.484975,3.474207,2.237921,-3.244652,-0.000000,-0.112830
20260718-165917-978,1,66,19.122383,3.004888,20.274179,3.482242,2.237921,-3.287741,0.000000,-0.112830
20260718-165917-978,1,67,18.892635,3.072054,20.063924,3.499350,2.237921,-3.330831,-0.026266,-0.112830
20260718-165917-978,1,68,18.665994,3.149054,19.854602,3.525498,2.235294,-3.373921,0.000000,-0.169056
20260718-165917-978,1,69,18.440866,3.253540,19.651365,3.552189,2.235294,-3.438752,-0.000000,-0.169056
20260718-165917-978,1,70,18.222980,3.372391,19.450284,3.591990,2.235294,-3.503583,0.000000,-0.169056
20260718-165917-978,1,71,18.013251,3.505109,19.252204,3.644735,2.235294,-3.568414,-0.000000,-0.169056
20260718-165917-978,1,72,17.812562,3.651136,19.057958,3.710202,2.235294,-3.633245,0.000000,-0.169056
20260718-165917-978,1,73,17.621754,3.809857,18.868360,3.788115,2.235294,-3.698076,0.000000,-0.169056
20260718-165917-978,1,74,17.441630,3.980607,18.684209,3.878148,2.235294,-3.762907,-0.000000,-0.169056
20260718-165917-978,1,75,17.272947,4.162667,18.506277,3.979923,2.235294,-3.827738,-0.041362,-0.169056
20260718-165917-978,1,76,17.116413,4.355273,18.335313,4.093011,2.231158,-3.892569,-0.000000,-0.230278
20260718-165917-978,1,77,16.980923,4.575631,18.171732,4.206210,2.231158,-3.981450,0.000000,-0.230278
20260718-165917-978,1,78,16.865527,4.807146,18.018845,4.333482,2.231158,-4.070331,-0.000000,-0.230278
20260718-165917-978,1,79,16.771137,5.047991,17.877858,4.473823,2.231158,-4.159212,-0.013125,-0.230278
20260718-165917-978,1,80,16.698499,5.296263,17.749886,4.626124,2.229845,-4.248093,0.000000,-0.246291
20260718-165917-978,1,81,16.651949,5.553661,17.634832,4.786563,2.229845,-4.343347,0.000000,-0.246291
20260718-165917-978,1,82,16.630091,5.814321,17.535560,4.957217,2.229845,-4.438601,-0.000000,-0.246291
20260718-165917-978,1,83,16.633123,6.075877,17.452968,5.136540,2.229845,-4.533856,0.092503,-0.246291
20260718-165917-978,1,84,16.661019,6.335959,17.387807,5.322905,2.239096,-4.629110,0.000000,-0.074543
20260718-165917-978,1,85,16.663273,6.569742,17.360986,5.536448,2.239096,-4.657524,-0.000000,-0.074543
20260718-165917-978,1,86,16.672168,6.803366,17.340243,5.750667,2.239096,-4.685939,0.000000,-0.074543
20260718-165917-978,1,87,16.687696,7.036644,17.325594,5.965389,2.239096,-4.714353,0.009042,-0.074543
20260718-165917-978,1,88,16.709846,7.269386,17.317051,6.180440,2.240000,-4.742767,0.000000,0.000000
20260718-165917-978,1,89,16.716650,7.493282,17.323855,6.404337,2.240000,-4.742767,0.000000,0.000000
20260718-165917-978,1,90,16.723454,7.717179,17.330659,6.628234,2.240000,-4.742767,0.000000,0.000000
20260718-165917-978,1,91,16.730258,7.941076,17.337462,6.852130,2.240000,-4.742767,-0.000040,0.000000
20260718-165917-978,1,92,16.737061,8.164972,17.344266,7.076027,2.239996,-4.742767,-0.000000,-0.004991
20260718-165917-978,1,93,16.745325,8.389431,17.350460,7.299334,2.239996,-4.744667,0.000000,-0.004991
20260718-165917-978,1,94,16.754016,8.613874,17.357079,7.522630,2.239996,-4.746567,-0.000000,-0.004991
20260718-165917-978,1,95,16.763133,8.838301,17.364121,7.745912,2.239996,-4.748467,0.000000,-0.004991
20260718-165917-978,1,96,16.772676,9.062709,17.371588,7.969181,2.239996,-4.750367,-0.000000,-0.004991
20260718-165917-978,1,97,16.782645,9.287099,17.379479,8.192435,2.239996,-4.752267,0.000000,-0.004991
20260718-165917-978,1,98,16.793041,9.511469,17.387794,8.415673,2.239996,-4.754166,-0.000000,-0.004991
20260718-165917-978,1,99,16.803863,9.735820,17.396533,8.638896,2.239996,-4.756066,0.000000,-0.004991
20260718-165917-978,1,100,16.815111,9.960149,17.405696,8.862101,2.239996,-4.757966,0.000000,-0.004991
20260718-165917-978,1,101,16.826786,10.184457,17.415283,9.085289,2.239996,-4.759866,-0.000000,-0.004991
20260718-165917-978,1,102,16.838886,10.408742,17.425295,9.308457,2.239996,-4.761766,0.000000,-0.004991
20260718-165917-978,1,103,16.851413,10.633003,17.435730,9.531607,2.239996,-4.763666,-0.000205,-0.004991
20260718-165917-978,1,104,16.864366,10.857241,17.446589,9.754736,2.239975,-4.765566,-0.000000,0.012290
20260718-165917-978,1,105,16.872650,11.079610,17.460024,9.979841,2.239975,-4.760887,0.000000,0.012290
20260718-165917-978,1,106,16.879893,11.302015,17.472406,10.205006,2.239975,-4.756209,-0.000000,0.012290
20260718-165917-978,1,107,16.886096,11.524451,17.483734,10.430226,2.239975,-4.751531,-0.000000,0.012290
20260718-165917-978,1,108,16.891258,11.746914,17.494009,10.655497,2.239975,-4.746853,-0.000000,0.012290
20260718-165917-978,1,109,16.895379,11.969399,17.503229,10.880813,2.239975,-4.742175,0.000000,0.012290
20260718-165917-978,1,110,16.898460,12.191901,17.511396,11.106171,2.239975,-4.737496,-0.000000,0.012290
20260718-165917-978,1,111,16.900499,12.414414,17.518508,11.331564,2.239975,-4.732818,-0.012053,0.012290
20260718-165917-978,1,112,16.901498,12.636935,17.524566,11.556987,2.238770,-4.728140,-0.000000,0.086889
20260718-165917-978,1,113,16.879884,12.850283,17.538390,11.791572,2.238770,-4.695002,0.000000,0.086889
20260718-165917-978,1,114,16.851214,13.062798,17.544436,12.026485,2.238770,-4.661864,-0.000000,0.086889
20260718-165917-978,1,115,16.815518,13.274246,17.542694,12.261470,2.238770,-4.628726,0.000000,0.086889
20260718-165917-978,1,116,16.772836,13.484395,17.533168,12.496268,2.238770,-4.595588,0.000000,0.086889
20260718-165917-978,1,117,16.723215,13.693015,17.515868,12.730622,2.238770,-4.562451,0.000000,0.086889
20260718-165917-978,1,118,16.666709,13.899877,17.490813,12.964274,2.238770,-4.529313,-0.000000,0.086889
20260718-165917-978,1,119,16.603381,14.104752,17.458031,13.196967,2.238770,-4.496175,0.012298,0.086889
20260718-165917-978,1,120,16.533299,14.307417,17.417556,13.428446,2.240000,-4.463037,0.000000,0.000000
20260718-165917-978,1,121,16.478022,14.524489,17.362279,13.645519,2.240000,-4.463037,0.000000,0.000000
20260718-165917-978,1,122,16.422744,14.741562,17.307001,13.862591,2.240000,-4.463037,0.000000,0.000000
20260718-165917-978,1,123,16.367466,14.958634,17.251723,14.079663,2.240000,-4.463037,-0.000245,0.000000
20260718-165917-978,1,124,16.312188,15.175706,17.196445,14.296735,2.239975,-4.463037,-0.000000,-0.012290
20260718-165917-978,1,125,16.259987,15.395098,17.140122,14.512000,2.239975,-4.467715,0.000000,-0.012290
20260718-165917-978,1,126,16.208813,15.614732,17.084807,14.727526,2.239975,-4.472393,-0.000000,-0.012290
20260718-165917-978,1,127,16.158667,15.834603,17.030501,14.943309,2.239975,-4.477071,-0.012053,-0.012290
20260718-165917-978,1,128,16.109550,16.054706,16.977205,15.159343,2.238770,-4.481750,-0.000000,-0.086889
20260718-165917-978,1,129,16.080667,16.288479,16.918181,15.364861,2.238770,-4.514887,0.000000,-0.086889
20260718-165917-978,1,130,16.059546,16.523081,16.865999,15.572221,2.238770,-4.548025,-0.000000,-0.086889
20260718-165917-978,1,131,16.046209,16.758253,16.820715,15.781197,2.238770,-4.581163,-0.003901,-0.086889
20260718-165917-978,1,132,16.040671,16.993739,16.782380,15.991558,2.238380,-4.614301,-0.000000,-0.099661
20260718-165917-978,1,133,16.046548,17.231074,16.749615,16.201415,2.238380,-4.652334,0.000000,-0.099661
20260718-165917-978,1,134,16.061445,17.468014,16.724852,16.412367,2.238380,-4.690366,-0.000000,-0.099661
20260718-165917-978,1,135,16.085341,17.704216,16.708129,16.624107,2.238380,-4.728399,-0.072221,-0.099661
20260718-165917-978,1,136,16.118200,17.939338,16.699469,16.836330,2.231158,-4.766431,0.000000,-0.230278
20260718-165917-978,1,137,16.200207,18.184675,16.681274,17.034425,2.231158,-4.855312,-0.000000,-0.230278
20260718-165917-978,1,138,16.303667,18.421765,16.680734,17.233354,2.231158,-4.944193,0.000000,-0.230278
20260718-165917-978,1,139,16.427764,18.648735,16.697855,17.431545,2.231158,-5.033074,0.022787,-0.230278
20260718-165917-978,1,140,16.571518,18.863793,16.732500,17.627434,2.233437,-5.121955,0.000000,-0.199085
20260718-165917-978,1,141,16.723698,19.066187,16.789632,17.821136,2.233437,-5.198525,-0.000000,-0.199085
20260718-165917-978,1,142,16.890913,19.256348,16.861414,18.009901,2.233437,-5.275095,-0.000000,-0.199085
20260718-165917-978,1,143,17.072185,19.433159,16.947425,18.192621,2.233437,-5.351665,0.000000,-0.199085
20260718-165917-978,1,144,17.266451,19.595587,17.047162,18.368227,2.233437,-5.428235,0.000000,-0.199085
20260718-165917-978,1,145,17.472573,19.742678,17.160039,18.535689,2.233437,-5.504805,-0.000000,-0.199085
20260718-165917-978,1,146,17.689343,19.873571,17.285396,18.694026,2.233437,-5.581375,-0.000000,-0.199085
20260718-165917-978,1,147,17.915490,19.987498,17.422497,18.842309,2.233437,-5.657945,0.000000,-0.199085
20260718-165917-978,1,148,18.149689,20.083793,17.570540,18.979671,2.233437,-5.734514,-0.000000,-0.199085
20260718-165917-978,1,149,18.390568,20.161890,17.728656,19.105305,2.233437,-5.811084,0.000000,-0.199085
20260718-165917-978,1,150,18.636716,20.221332,17.895919,19.218476,2.233437,-5.887654,-0.000000,-0.199085
20260718-165917-978,1,151,18.886689,20.261772,18.071349,19.318521,2.233437,-5.964224,0.059250,-0.199085
20260718-165917-978,1,152,19.139023,20.282971,18.253919,19.404853,2.239362,-6.040794,-0.000000,-0.062656
20260718-165917-978,1,153,19.368051,20.320841,18.462237,19.464102,2.239362,-6.064667,0.000000,-0.062656
20260718-165917-978,1,154,19.597918,20.353233,18.671911,19.518361,2.239362,-6.088541,-0.000000,-0.062656
20260718-165917-978,1,155,19.828492,20.380129,18.882820,19.567600,2.239362,-6.112414,0.000000,-0.062656
20260718-165917-978,1,156,20.059643,20.401513,19.094844,19.611789,2.239362,-6.136287,-0.000000,-0.062656
20260718-165917-978,1,157,20.291238,20.417373,19.307863,19.650905,2.239362,-6.160160,0.000000,-0.062656
20260718-165917-978,1,158,20.523146,20.427700,19.521755,19.684925,2.239362,-6.184034,-0.000000,-0.062656
20260718-165917-978,1,159,20.755234,20.432489,19.736397,19.713830,2.239362,-6.207907,0.004896,-0.062656
20260718-165917-978,1,160,20.987371,20.431736,19.951669,19.737602,2.239851,-6.231780,-0.000000,-0.030264
20260718-165917-978,1,161,21.215157,20.434678,20.171527,19.752523,2.239851,-6.243302,-0.000000,-0.030264
20260718-165917-978,1,162,21.442962,20.434995,20.391541,19.764910,2.239851,-6.254824,0.000000,-0.030264
20260718-165917-978,1,163,21.670756,20.432687,20.611684,19.774761,2.239851,-6.266346,0.001487,-0.030264
20260718-165917-978,1,164,21.898508,20.427755,20.831926,19.782075,2.240000,-6.277868,0.000000,0.000000
20260718-165917-978,1,165,22.122505,20.428946,21.055923,19.783266,2.240000,-6.277868,0.000000,0.000000
20260718-165917-978,1,166,22.346502,20.430137,21.279920,19.784457,2.240000,-6.277868,0.000000,0.000000
20260718-165917-978,1,167,22.570498,20.431328,21.503916,19.785648,2.240000,-6.277868,-0.000040,0.000000
20260718-165917-978,1,168,22.794495,20.432519,21.727913,19.786839,2.239996,-6.277868,-0.000000,-0.004991
20260718-165917-978,1,169,23.019106,20.432271,21.951300,19.788618,2.239996,-6.279768,0.000000,-0.004991
20260718-165917-978,1,170,23.243716,20.431596,22.174689,19.789973,2.239996,-6.281668,-0.000000,-0.004991
20260718-165917-978,1,171,23.468325,20.430494,22.398080,19.790904,2.239996,-6.283568,-0.000205,-0.004991
20260718-165917-978,1,172,23.692931,20.428966,22.621473,19.791410,2.239975,-6.285468,-0.000000,-0.012290
20260718-165917-978,1,173,23.918411,20.424897,22.843982,19.792360,2.239975,-6.290146,0.000000,-0.012290
20260718-165917-978,1,174,24.143870,20.419774,23.066493,19.792270,2.239975,-6.294824,-0.000000,-0.012290
20260718-165917-978,1,175,24.369302,20.413595,23.289002,19.791139,2.239975,-6.299502,-0.001242,-0.012290
20260718-165917-978,1,176,24.594702,20.406362,23.511502,19.788966,2.239851,-6.304180,0.000000,-0.030264
20260718-165917-978,1,177,24.822105,20.392819,23.731863,19.787945,2.239851,-6.315702,-0.000000,-0.030264
20260718-165917-978,1,178,25.049336,20.376657,23.952198,19.784384,2.239851,-6.327224,0.000000,-0.030264
20260718-165917-978,1,179,25.276366,20.357877,24.172476,19.778285,2.239851,-6.338746,0.000000,-0.030264
20260718-165917-978,1,180,25.503164,20.336484,24.392670,19.769648,2.239851,-6.350268,-0.000000,-0.030264
20260718-165917-978,1,181,25.729701,20.312478,24.612750,19.758475,2.239851,-6.361790,0.000000,-0.030264
20260718-165917-978,1,182,25.955947,20.285864,24.832686,19.744767,2.239851,-6.373312,0.000000,-0.030264
20260718-165917-978,1,183,26.181870,20.256645,25.052450,19.728525,2.239851,-6.384834,-0.001170,-0.030264
20260718-165917-978,1,184,26.407442,20.224825,25.272012,19.709753,2.239734,-6.396356,0.000000,-0.040451
20260718-165917-978,1,185,26.633493,20.187329,25.490264,19.689807,2.239734,-6.411759,-0.000000,-0.040451
20260718-165917-978,1,186,26.858939,20.146355,25.708182,19.666501,2.239734,-6.427163,0.000000,-0.040451
20260718-165917-978,1,187,27.083727,20.101914,25.925716,19.639842,2.239734,-6.442566,-0.006385,-0.040451
20260718-165917-978,1,188,27.307804,20.054016,26.142813,19.609835,2.239096,-6.457969,-0.000000,-0.074543
20260718-165917-978,1,189,27.533270,19.992173,26.356130,19.581270,2.239096,-6.486384,0.000000,-0.074543
20260718-165917-978,1,190,27.756888,19.923950,26.568549,19.546655,2.239096,-6.514798,-0.000000,-0.074543
20260718-165917-978,1,191,27.978478,19.849401,26.779900,19.506020,2.239096,-6.543212,0.000000,-0.074543
20260718-165917-978,1,192,28.197860,19.768587,26.990010,19.459397,2.239096,-6.571627,-0.000000,-0.074543
20260718-165917-978,1,193,28.414857,19.681573,27.198711,19.406823,2.239096,-6.600041,0.000000,-0.074543
20260718-165917-978,1,194,28.629295,19.588429,27.405834,19.348341,2.239096,-6.628456,0.000000,-0.074543
20260718-165917-978,1,195,28.841000,19.489230,27.611212,19.283999,2.239096,-6.656870,-0.820958,-0.074543
20260718-165917-978,1,196,29.049802,19.384056,27.814679,19.213847,2.157000,-6.685284,-0.830000,0.000000
20260718-165917-978,1,197,29.248298,19.299642,28.013175,19.129433,2.074000,-6.685284,-0.830000,0.000000
20260718-165917-978,1,198,29.439156,19.218476,28.204033,19.048266,1.991000,-6.685284,-0.830000,0.000000
20260718-165917-978,1,199,29.622376,19.140558,28.387253,18.970349,1.908000,-6.685284,-0.830000,0.000000
20260718-165917-978,1,200,29.797958,19.065888,28.562835,18.895679,1.825000,-6.685284,-0.830000,0.000000
20260718-165917-978,1,201,29.965902,18.994467,28.730779,18.824257,1.742000,-6.685284,-0.830000,0.000000
20260718-165917-978,1,202,30.126208,18.926293,28.891085,18.756084,1.659000,-6.685284,-0.830000,0.000000
20260718-165917-978,1,203,30.278876,18.861368,29.043753,18.691159,1.576000,-6.685284,-0.830000,0.000000
20260718-165917-978,1,204,30.423906,18.799691,29.188783,18.629482,1.493000,-6.685284,-0.830000,0.000000
20260718-165917-978,1,205,30.561298,18.741263,29.326175,18.571053,1.410000,-6.685284,-0.830000,0.000000
20260718-165917-978,1,206,30.691052,18.686082,29.455929,18.515873,1.327000,-6.685284,-0.830000,0.000000
20260718-165917-978,1,207,30.813168,18.634150,29.578045,18.463941,1.244000,-6.685284,-0.830000,0.000000
20260718-165917-978,1,208,30.927646,18.585466,29.692523,18.415257,1.161000,-6.685284,-0.830000,0.000000
20260718-165917-978,1,209,31.034487,18.540030,29.799364,18.369821,1.078000,-6.685284,-0.830000,0.000000
20260718-165917-978,1,210,31.133689,18.497842,29.898566,18.327633,0.995000,-6.685284,-0.830000,0.000000
20260718-165917-978,1,211,31.225253,18.458903,29.990130,18.288694,0.912000,-6.685284,-0.830000,0.000000
20260718-165917-978,1,212,31.309179,18.423212,30.074056,18.253003,0.829000,-6.685284,-0.830000,0.000000
20260718-165917-978,1,213,31.385467,18.390769,30.150344,18.220560,0.746000,-6.685284,-0.830000,0.000000
20260718-165917-978,1,214,31.454117,18.361574,30.218994,18.191365,0.663000,-6.685284,-0.830000,0.000000
20260718-165917-978,1,215,31.515129,18.335627,30.280006,18.165418,0.580000,-6.685284,-0.830000,0.000000
20260718-165917-978,1,216,31.568503,18.312929,30.333380,18.142720,0.497000,-6.685284,-0.830000,0.000000
20260718-165917-978,1,217,31.614239,18.293479,30.379116,18.123270,0.414000,-6.685284,-0.830000,0.000000
20260718-165917-978,1,218,31.652337,18.277277,30.417214,18.107068,0.331000,-6.685284,-0.830000,0.000000
20260718-165917-978,1,219,31.682797,18.264323,30.447674,18.094114,0.248000,-6.685284,-0.830000,0.000000
20260718-165917-978,1,220,31.705619,18.254618,30.470496,18.084409,0.165000,-6.685284,-0.830000,0.000000
20260718-165917-978,1,221,31.720803,18.248161,30.485680,18.077951,0.082000,-6.685284,-0.820000,0.000000
20260718-165917-978,1,222,31.728349,18.244952,30.493226,18.074742,0.000000,-6.685284,-0.829995,0.000000
20260718-165917-978,1,223,31.728349,18.244952,30.493226,18.074742,-0.083000,-6.685284,-0.829967,-2.900916
20260718-165917-978,1,224,31.721013,18.246088,30.485308,18.080155,-0.165996,-6.688746,-0.829914,-2.905455
20260718-165917-978,1,225,31.706353,18.248545,30.469551,18.091003,-0.248988,-6.695533,-0.829842,-2.909992
20260718-165917-978,1,226,31.684396,18.252577,30.446083,18.107383,-0.331972,-6.705511,-0.829754,-2.914528
20260718-165917-978,1,227,31.655187,18.258503,30.415087,18.129461,-0.414947,-6.718544,-0.829654,-2.919062
20260718-165917-978,1,228,31.618792,18.266703,30.376791,18.157461,-0.497913,-6.734499,-0.829545,-2.923596
20260718-165917-978,1,229,31.575308,18.277611,30.331478,18.191665,-0.580867,-6.753241,-0.829431,-2.928128
20260718-165917-978,1,230,31.524861,18.291714,30.279477,18.232398,-0.663810,-6.774637,-0.829315,-2.932661
20260718-165917-978,1,231,31.467617,18.309540,30.221170,18.280023,-0.746742,-6.798552,-0.829200,-2.937193
20260718-165917-978,1,232,31.403783,18.331657,30.156991,18.334932,-0.829662,-6.824856,-0.829088,-2.941726
20260718-165917-978,1,233,31.333614,18.358662,30.087425,18.397537,-0.912570,-6.853414,-0.828981,-2.946259
20260718-165917-978,1,234,31.257419,18.391178,30.013008,18.468263,-0.995468,-6.884095,-0.119844,-2.950792
20260718-165917-978,1,235,31.175559,18.429840,29.934330,18.547534,-1.007453,-6.916767,0.000000,-2.951447
20260718-165917-978,1,236,31.094057,18.471748,29.857380,18.630268,-1.007453,-6.949716,0.000000,-2.951447
20260718-165917-978,1,237,31.013981,18.516318,29.783197,18.715492,-1.007453,-6.982665,-0.000000,-2.951447
20260718-165917-978,1,238,30.935416,18.563502,29.711861,18.803113,-1.007453,-7.015614,0.000000,-2.951447
20260718-165917-978,1,239,30.858448,18.613248,29.643451,18.893037,-1.007453,-7.048563,0.000000,-2.951447
20260718-165917-978,1,240,30.783161,18.665503,29.578041,18.985166,-1.007453,-7.081512,-0.000000,-2.951447
20260718-165917-978,1,241,30.709636,18.720210,29.515700,19.079400,-1.007453,-7.114461,-0.000000,-2.951447
20260718-165917-978,1,242,30.637953,18.777309,29.456499,19.175636,-1.007453,-7.147410,0.000000,-2.951447
20260718-165917-978,1,243,30.568191,18.836739,29.400499,19.273770,-1.007453,-7.180359,0.000000,-2.951447
20260718-165917-978,1,244,30.500423,18.898435,29.347763,19.373696,-1.007453,-7.213308,-0.000000,-2.951447
20260718-165917-978,1,245,30.434725,18.962329,29.298347,19.475305,-1.007453,-7.246257,0.828967,-2.951447
20260718-165917-978,1,246,30.371168,19.028354,29.252305,19.578487,-0.924556,-7.279206,0.829072,-2.946914
20260718-165917-978,1,247,30.314522,19.090316,29.213235,19.674838,-0.841649,-7.310184,0.829183,-2.942381
20260718-165917-978,1,248,30.264389,19.147822,29.180436,19.763895,-0.758731,-7.339057,0.829298,-2.937848
20260718-165917-978,1,249,30.220386,19.200527,29.153227,19.845251,-0.675801,-7.365695,0.829414,-2.933316
20260718-165917-978,1,250,30.182153,19.248125,29.130952,19.918557,-0.592860,-7.389964,0.829529,-2.928784
20260718-165917-978,1,251,30.149353,19.290359,29.112994,19.983512,-0.509907,-7.411732,0.829638,-2.924251
20260718-165917-978,1,252,30.121686,19.327011,29.098779,20.039866,-0.426943,-7.430866,0.829740,-2.919718
20260718-165917-978,1,253,30.098891,19.357905,29.087788,20.087404,-0.343969,-7.447232,0.829830,-2.915183
20260718-165917-978,1,254,30.080752,19.382905,29.079562,20.125951,-0.260986,-7.460696,0.829905,-2.910648
20260718-165917-978,1,255,30.067100,19.401915,29.073713,20.155362,-0.177995,-7.471124,0.829961,-2.906111
20260718-165917-978,1,256,30.057824,19.414880,29.069930,20.175515,-0.094999,-7.478381,0.829993,-2.901572
20260718-165917-978,1,257,30.052867,19.421783,29.067986,20.186315,-0.012000,-7.482331,0.120000,-2.897031
20260718-165917-978,1,258,30.052238,19.422651,29.067746,20.187684,0.000000,-7.482840,0.829977,0.000000
20260718-165917-978,1,259,30.052238,19.422651,29.067746,20.187684,0.082998,-7.482840,0.829850,-0.481362
20260718-165917-978,1,260,30.052359,19.411278,29.073530,20.183543,0.165983,-7.490207,0.829616,-0.472307
20260718-165917-978,1,261,30.052427,19.388669,29.084827,20.174957,0.248944,-7.504616,0.829297,-0.463268
20260718-165917-978,1,262,30.052040,19.354964,29.101269,20.161521,0.331874,-7.525747,0.828912,-0.454242
20260718-165917-978,1,263,30.050589,19.310318,29.122386,20.142747,0.414765,-7.553283,-0.828912,-0.445226
20260718-165917-978,1,264,30.047284,19.254919,29.147595,20.118088,0.331874,-7.586914,-3.318741,-0.454242
20260718-165917-978,1,265,30.043107,19.210445,29.167525,20.098058,0.000000,-7.614451,0.000000,0.000000
20260718-165917-978,2,0,36.544597,8.672709,37.415403,8.347291,0.094000,2.228785,0.940000,0.000000
20260718-165917-978,2,1,36.538849,8.680147,37.409655,8.354728,0.188000,2.228785,0.940000,0.000000
20260718-165917-978,2,2,36.527352,8.695022,37.398158,8.369603,0.282000,2.228785,0.940000,0.000000
20260718-165917-978,2,3,36.510107,8.717334,37.380913,8.391916,0.376000,2.228785,0.937636,0.000000
20260718-165917-978,2,4,36.487114,8.747084,37.357919,8.421666,0.469764,2.228785,0.938438,0.285353
20260718-165917-978,2,5,36.452266,8.769452,37.332954,8.471812,0.563607,2.260502,0.937938,0.280093
20260718-165917-978,2,6,36.409535,8.795062,37.300713,8.530482,0.657401,2.297815,0.937410,0.274837
20260718-165917-978,2,7,36.358508,8.823190,37.260159,8.596860,0.751142,2.340478,0.936865,0.269583
20260718-165917-978,2,8,36.298767,8.852978,37.210197,8.669959,0.844829,2.388245,0.936316,0.264330
20260718-165917-978,2,9,36.229918,8.883427,37.149713,8.748605,0.938460,2.440872,0.935774,0.259078
20260718-165917-978,2,10,36.151613,8.913403,37.077615,8.831425,1.032038,2.498115,0.935249,0.253824
20260718-165917-978,2,11,36.063583,8.941640,36.992876,8.916841,1.125563,2.559734,0.934751,0.248569
20260718-165917-978,2,12,35.965665,8.966751,36.894579,9.003063,1.219038,2.625485,0.934289,0.243312
20260718-165917-978,2,13,35.857833,8.987238,36.781968,9.088103,1.312467,2.695128,0.933869,0.238052
20260718-165917-978,2,14,35.740224,9.001513,36.654491,9.169782,1.405853,2.768425,0.933499,0.232787
20260718-165917-978,2,15,35.613166,9.007919,36.511850,9.245758,1.499203,2.845135,0.943045,0.227519
20260718-165917-978,2,16,35.477203,9.004758,36.354040,9.313555,1.593508,2.925022,0.934190,0.201716
20260718-165917-978,2,17,35.331803,8.994890,36.183038,9.368519,1.686927,3.000021,0.934034,0.196919
20260718-165917-978,2,18,35.178682,8.973357,35.998454,9.411734,1.780330,3.077477,0.933935,0.192117
20260718-165917-978,2,19,35.018856,8.938635,35.801123,9.440888,1.873724,3.157179,1.002675,0.187311
20260718-165917-978,2,20,34.853554,8.889273,35.592205,9.453716,1.973991,3.238912,0.939992,0.006481
20260718-165917-978,2,21,34.657978,8.868428,35.394963,9.435043,2.067991,3.241857,0.939992,0.006309
20260718-165917-978,2,22,34.453132,8.846005,35.188413,9.414831,2.161990,3.244860,0.939993,0.006138
20260718-165917-978,2,23,34.239023,8.821940,34.972563,9.393009,2.255989,3.247914,0.914269,0.005966
20260718-165917-978,2,24,34.015659,8.796170,34.747426,9.369508,2.347416,3.251011,0.938480,-0.086590
20260718-165917-978,2,25,33.768081,8.798955,34.525922,9.337357,2.441264,3.204113,0.938572,-0.084024
20260718-165917-978,2,26,33.511399,8.813466,34.293860,9.315417,2.535121,3.156792,0.938682,-0.081458
20260718-165917-978,2,27,33.246226,8.840609,34.051700,9.304734,2.628990,3.109160,0.776756,-0.078891
20260718-165917-978,2,28,32.973238,8.881235,33.799983,9.306315,2.706665,3.061326,0.337642,-0.189025
20260718-165917-978,2,29,32.683704,8.985896,33.555124,9.309669,2.740429,2.942153,-0.000000,-0.186725
20260718-165917-978,2,30,32.405439,9.125292,33.309168,9.343178,2.740429,2.822996,0.000000,-0.186725
20260718-165917-978,2,31,32.145718,9.296778,33.068940,9.405688,2.740429,2.703839,-0.034279,-0.186725
20260718-165917-978,2,32,31.908223,9.497923,32.837846,9.496312,2.737001,2.584682,0.000000,-0.202277
20260718-165917-978,2,33,31.698652,9.732648,32.620321,9.611291,2.737001,2.455497,0.000000,-0.202277
20260718-165917-978,2,34,31.521066,9.992415,32.419420,9.753335,2.737001,2.326311,-0.000000,-0.202277
20260718-165917-978,2,35,31.378424,10.272896,32.238493,9.920076,2.737001,2.197126,0.229126,-0.202277
20260718-165917-978,2,36,31.273105,10.569415,32.080554,10.108736,2.759914,2.067941,-0.000000,0.012422
20260718-165917-978,2,37,31.137760,10.807766,31.948820,10.353472,2.759914,2.075832,-0.000000,0.012422
20260718-165917-978,2,38,31.000540,11.045041,31.815158,10.597161,2.759914,2.083722,0.000000,0.012422
20260718-165917-978,2,39,30.861451,11.281226,31.679578,10.839788,2.759914,2.091613,-0.000000,0.012422
20260718-165917-978,2,40,30.720503,11.516307,31.542088,11.081338,2.759914,2.099503,-0.000000,0.012422
20260718-165917-978,2,41,30.577704,11.750267,31.402696,11.321795,2.759914,2.107394,-0.000000,0.012422
20260718-165917-978,2,42,30.433064,11.983094,31.261411,11.561145,2.759914,2.115284,0.000000,0.012422
20260718-165917-978,2,43,30.286591,12.214773,31.118242,11.799372,2.759914,2.123175,-0.008455,0.012422
20260718-165917-978,2,44,30.138295,12.445288,30.973197,12.036463,2.759069,2.131066,-0.000000,0.040892
20260718-165917-978,2,45,29.980431,12.664289,30.825672,12.277290,2.759069,2.157046,-0.000000,0.040892
20260718-165917-978,2,46,29.816932,12.879114,30.671941,12.514203,2.759069,2.183027,0.000000,0.040892
20260718-165917-978,2,47,29.647907,13.089620,30.512106,12.747044,2.759069,2.209007,-0.258632,0.040892
20260718-165917-978,2,48,29.473470,13.295664,30.346278,12.975653,2.733205,2.234988,0.000000,0.218165
20260718-165917-978,2,49,29.256775,13.425016,30.165592,13.229436,2.733205,2.374444,-0.000000,0.218165
20260718-165917-978,2,50,29.024203,13.522991,29.951384,13.455639,2.733205,2.513899,0.000000,0.218165
20260718-165917-978,2,51,28.780270,13.587687,29.707812,13.649870,2.733205,2.653355,0.103035,0.218165
20260718-165917-978,2,52,28.529713,13.617847,29.439606,13.808358,2.743509,2.792811,-0.000000,0.171513
20260718-165917-978,2,53,28.274701,13.634205,29.158362,13.922896,2.743509,2.902182,-0.000000,0.171513
20260718-165917-978,2,54,28.019427,13.622630,28.866297,14.006051,2.743509,3.011553,0.000000,0.171513
20260718-165917-978,2,55,27.766941,13.583261,28.566900,14.056829,2.743509,3.120924,0.164770,0.171513
20260718-165917-978,2,56,27.520262,13.516567,28.263749,14.074623,2.759986,3.230295,0.000000,0.005045
20260718-165917-978,2,57,27.246323,13.490047,27.988018,14.050483,2.759986,3.233499,-0.000000,0.005045
20260718-165917-978,2,58,26.972470,13.462649,27.712366,14.025459,2.759986,3.236703,0.000000,0.005045
20260718-165917-978,2,59,26.698707,13.434373,27.436795,13.999551,2.759986,3.239908,0.000142,0.005045
20260718-165917-978,2,60,26.425035,13.405221,27.161308,13.972761,2.760000,3.243112,0.000000,0.000000
20260718-165917-978,2,61,26.150456,13.377250,26.886729,13.944790,2.760000,3.243112,0.000000,0.000000
20260718-165917-978,2,62,25.875877,13.349278,26.612150,13.916818,2.760000,3.243112,0.000000,0.000000
20260718-165917-978,2,63,25.601298,13.321307,26.337571,13.888847,2.760000,3.243112,0.000000,0.000000
20260718-165917-978,2,64,25.326719,13.293336,26.062993,13.860876,2.760000,3.243112,0.000000,0.000000
20260718-165917-978,2,65,25.052140,13.265364,25.788414,13.832904,2.760000,3.243112,0.000000,0.000000
20260718-165917-978,2,66,24.777561,13.237393,25.513835,13.804933,2.760000,3.243112,0.000000,0.000000
20260718-165917-978,2,67,24.502982,13.209422,25.239256,13.776962,2.760000,3.243112,0.000000,0.000000
20260718-165917-978,2,68,24.228403,13.181451,24.964677,13.748991,2.760000,3.243112,0.000000,0.000000
20260718-165917-978,2,69,23.953824,13.153479,24.690098,13.721019,2.760000,3.243112,0.000000,0.000000
20260718-165917-978,2,70,23.679245,13.125508,24.415519,13.693048,2.760000,3.243112,0.000000,0.000000
20260718-165917-978,2,71,23.404666,13.097537,24.140940,13.665077,2.760000,3.243112,-0.000142,0.000000
20260718-165917-978,2,72,23.130088,13.069565,23.866361,13.637105,2.759986,3.243112,0.000000,-0.005045
20260718-165917-978,2,73,22.854513,13.043655,23.592601,13.608833,2.759986,3.239908,-0.000000,-0.005045
20260718-165917-978,2,74,22.578857,13.018628,23.318752,13.581438,2.759986,3.236703,0.000000,-0.005045
20260718-165917-978,2,75,22.303122,12.994485,23.044817,13.554920,2.759986,3.233499,-0.000717,-0.005045
20260718-165917-978,2,76,22.027311,12.971225,22.770798,13.529281,2.759914,3.230295,0.000000,-0.012422
20260718-165917-978,2,77,21.750021,12.951887,22.497889,13.504059,2.759914,3.222404,0.000000,-0.012422
20260718-165917-978,2,78,21.472588,12.934738,22.224789,13.480992,2.759914,3.214513,-0.000000,-0.012422
20260718-165917-978,2,79,21.195028,12.919778,21.951516,13.460080,2.759914,3.206623,0.000000,-0.012422
20260718-165917-978,2,80,20.917359,12.907009,21.678086,13.441325,2.759914,3.198732,0.000000,-0.012422
20260718-165917-978,2,81,20.639597,12.896431,21.404517,13.424728,2.759914,3.190842,-0.000000,-0.012422
20260718-165917-978,2,82,20.361761,12.888046,21.130825,13.410291,2.759914,3.182951,0.000000,-0.012422
20260718-165917-978,2,83,20.083867,12.881852,20.857028,13.398013,2.759914,3.175061,-0.014114,-0.012422
20260718-165917-978,2,84,19.805933,12.877852,20.583143,13.387896,2.758503,3.167170,-0.000000,-0.051839
20260718-165917-978,2,85,19.521752,12.892821,20.315339,13.376991,2.758503,3.134230,-0.000000,-0.051839
20260718-165917-978,2,86,19.238219,12.917142,20.047320,13.374912,2.758503,3.101289,0.000000,-0.051839
20260718-165917-978,2,87,18.955640,12.950787,19.779379,13.381662,2.758503,3.068348,-0.122437,-0.051839
20260718-165917-978,2,88,18.674322,12.993720,19.511806,13.397232,2.746259,3.035408,0.000000,-0.156648
20260718-165917-978,2,89,18.386136,13.092916,19.259664,13.410953,2.746259,2.935580,-0.000000,-0.156648
20260718-165917-978,2,90,18.109270,13.220338,19.010146,13.449735,2.746259,2.835753,0.000000,-0.156648
20260718-165917-978,2,91,17.846482,13.374719,18.765735,13.513191,2.746259,2.735925,-0.027501,-0.156648
20260718-165917-978,2,92,17.600388,13.554521,18.528865,13.600689,2.743509,2.636098,0.000000,-0.171513
20260718-165917-978,2,93,17.375192,13.764542,18.303160,13.709089,2.743509,2.526727,-0.000000,-0.171513
20260718-165917-978,2,94,17.174265,13.997890,18.090635,13.841477,2.743509,2.417356,0.000000,-0.171513
20260718-165917-978,2,95,17.000009,14.251774,17.893832,13.996271,2.743509,2.307985,0.051891,-0.171513
20260718-165917-978,2,96,16.854507,14.523163,17.715100,14.171623,2.748698,2.198614,0.000000,-0.142138
20260718-165917-978,2,97,16.730901,14.798456,17.556188,14.370553,2.748698,2.108085,-0.000000,-0.142138
20260718-165917-978,2,98,16.632688,15.083796,17.415912,14.583035,2.748698,2.017556,0.000000,-0.142138
20260718-165917-978,2,99,16.560674,15.376846,17.295419,14.807329,2.748698,1.927027,-0.024390,-0.142138
20260718-165917-978,2,100,16.515448,15.675207,17.195697,15.041597,2.746259,1.836498,0.000000,-0.156648
20260718-165917-978,2,101,16.503143,15.979739,17.116858,15.281489,2.746259,1.736671,0.000000,-0.156648
20260718-165917-978,2,102,16.521250,16.283981,17.062321,15.528043,2.746259,1.636843,-0.000000,-0.156648
20260718-165917-978,2,103,16.569587,16.584904,17.032626,15.778805,2.746259,1.537016,0.045845,-0.156648
20260718-165917-978,2,104,16.647675,16.879511,17.028071,16.031279,2.750843,1.437188,-0.000000,-0.127994
20260718-165917-978,2,105,16.741732,17.163225,17.051829,16.286846,2.750843,1.355709,-0.000000,-0.127994
20260718-165917-978,2,106,16.858568,17.438342,17.096309,16.539632,2.750843,1.274230,0.000000,-0.127994
20260718-165917-978,2,107,16.997408,17.703037,17.161215,16.787959,2.750843,1.192751,-0.021455,-0.127994
20260718-165917-978,2,108,17.157330,17.955553,17.246117,17.030179,2.748698,1.111272,-0.000000,-0.142138
20260718-165917-978,2,109,17.343615,18.192961,17.348380,17.263350,2.748698,1.020743,-0.000000,-0.142138
20260718-165917-978,2,110,17.550601,18.412556,17.471304,17.486320,2.748698,0.930214,0.000000,-0.142138
20260718-165917-978,2,111,17.776591,18.612538,17.613882,17.697264,2.748698,0.839685,-0.936000,-0.142138
20260718-165917-978,2,112,18.019736,18.791271,17.774948,17.894455,2.655098,0.749156,-0.935526,-0.146978
20260718-165917-978,2,113,18.270572,18.941561,17.945764,18.070527,2.561545,0.658690,-0.935109,-0.151815
20260718-165917-978,2,114,18.525885,19.063630,18.123941,18.225393,2.468035,0.568495,-0.934751,-0.156648
20260718-165917-978,2,115,18.782564,19.158100,18.307136,18.359245,2.374559,0.478782,-0.953747,-0.161478
20260718-165917-978,2,116,19.037654,19.225967,18.493086,18.472545,2.279185,0.389758,-0.932989,-0.183272
20260718-165917-978,2,117,19.292209,19.263794,18.677074,18.566794,2.185886,0.292531,-0.932778,-0.188583
20260718-165917-978,2,118,19.539575,19.275582,18.860455,18.640762,2.092608,0.196517,-0.932644,-0.193889
20260718-165917-978,2,119,19.777138,19.263493,19.041109,18.695636,1.999343,0.101950,-0.986967,-0.199189
20260718-165917-978,2,120,20.002679,19.229954,19.217151,18.732815,1.900647,0.009062,-0.927649,-0.263894
20260718-165917-978,2,121,20.219511,19.161060,19.380842,18.760017,1.807882,-0.109131,-0.927781,-0.270686
20260718-165917-978,2,122,20.417249,19.070882,19.537962,18.769128,1.715104,-0.224592,-0.928032,-0.277467
20260718-165917-978,2,123,20.594290,18.963533,19.686702,18.762329,1.622301,-0.337017,-0.928396,-0.284237
20260718-165917-978,2,124,20.749774,18.843121,19.825676,18.741917,1.529461,-0.446096,-0.928868,-0.290996
20260718-165917-978,2,125,20.883529,18.713630,19.953912,18.710230,1.436574,-0.551521,-0.929438,-0.297745
20260718-165917-978,2,126,20.996005,18.578813,20.070824,18.669586,1.343630,-0.652980,-0.930099,-0.304486
20260718-165917-978,2,127,21.088182,18.442106,20.176173,18.622219,1.250620,-0.750160,-0.886205,-0.311218
20260718-165917-978,2,128,21.161479,18.306575,20.270029,18.570235,1.162000,-0.842746,-0.940000,0.000000
20260718-165917-978,2,129,21.238800,18.219835,20.347350,18.483495,1.068000,-0.842746,-0.940000,0.000000
20260718-165917-978,2,130,21.309867,18.140111,20.418416,18.403772,0.974000,-0.842746,-0.940000,0.000000
20260718-165917-978,2,131,21.374678,18.067405,20.483228,18.331065,0.880000,-0.842746,-0.940000,0.000000
20260718-165917-978,2,132,21.433235,18.001715,20.541784,18.265376,0.786000,-0.842746,-0.940000,0.000000
20260718-165917-978,2,133,21.485536,17.943042,20.594086,18.206703,0.692000,-0.842746,-0.940000,0.000000
20260718-165917-978,2,134,21.531583,17.891387,20.640133,18.155047,0.598000,-0.842746,-0.940000,0.000000
20260718-165917-978,2,135,21.571375,17.846747,20.679925,18.110408,0.504000,-0.842746,-0.940000,0.000000
20260718-165917-978,2,136,21.604912,17.809125,20.713462,18.072786,0.410000,-0.842746,-0.940000,0.000000
20260718-165917-978,2,137,21.632194,17.778520,20.740744,18.042180,0.316000,-0.842746,-0.940000,0.000000
20260718-165917-978,2,138,21.653221,17.754931,20.761771,18.018592,0.222000,-0.842746,-0.940000,0.000000
20260718-165917-978,2,139,21.667993,17.738360,20.776543,18.002020,0.128000,-0.842746,-0.940000,0.000000
20260718-165917-978,2,140,21.676510,17.728805,20.785060,17.992465,0.034000,-0.842746,-0.340000,0.000000
20260718-165917-978,2,141,21.678773,17.726267,20.787323,17.989927,0.000000,-0.842746,-0.939938,0.000000
20260718-165917-978,2,142,21.678773,17.726267,20.787323,17.989927,-0.093994,-0.842746,-0.939588,-2.654333
20260718-165917-978,2,143,21.671058,17.728254,20.782689,18.002115,-0.187953,-0.854209,-0.938939,-2.662698
20260718-165917-978,2,144,21.655845,17.732763,20.773850,18.026506,-0.281846,-0.876668,-0.938046,-2.671022
20260718-165917-978,2,145,21.633444,17.740553,20.761620,18.063233,-0.375651,-0.909665,-0.936960,-2.679312
20260718-165917-978,2,146,21.604304,17.752573,20.747186,18.112501,-0.469347,-0.952745,-0.935724,-2.687576
20260718-165917-978,2,147,21.569048,17.769929,20.732086,18.174520,-0.562920,-1.005461,-0.934383,-2.695819
20260718-165917-978,2,148,21.528522,17.793828,20.718194,18.249426,-0.656358,-1.067370,-0.932975,-2.704047
20260718-165917-978,2,149,21.483831,17.825524,20.707694,18.337198,-0.749655,-1.138034,-0.931536,-2.712265
20260718-165917-978,2,150,21.436382,17.866244,20.703038,18.437564,-0.842809,-1.217021,-0.930098,-2.720478
20260718-165917-978,2,151,21.387900,17.917109,20.706897,18.549908,-0.935819,-1.303903,-0.928692,-2.728691
20260718-165917-978,2,152,21.340437,17.979041,20.722082,18.673185,-1.028688,-1.398257,0.928692,-2.736907
20260718-165917-978,2,153,21.296365,18.052663,20.751457,18.805840,-0.935819,-1.499664,0.930098,-2.728691
20260718-165917-978,2,154,21.261856,18.122644,20.790331,18.923809,-0.842809,-1.594018,0.931536,-2.720478
20260718-165917-978,2,155,21.235503,18.187785,20.835276,19.026843,-0.749655,-1.680900,0.932975,-2.712265
20260718-165917-978,2,156,21.215911,18.247163,20.883138,19.115185,-0.656358,-1.759887,0.934383,-2.704047
20260718-165917-978,2,157,21.201753,18.300091,20.931097,19.189442,-0.562920,-1.830551,0.935724,-2.695819
20260718-165917-978,2,158,21.191812,18.346077,20.976698,19.250470,-0.469347,-1.892460,0.936960,-2.687576
20260718-165917-978,2,159,21.185024,18.384783,21.017862,19.299254,-0.375651,-1.945175,0.938046,-2.679312
20260718-165917-978,2,160,21.180499,18.415978,21.052876,19.336800,-0.281846,-1.988256,0.938939,-2.671022
20260718-165917-978,2,161,21.177552,18.439511,21.080378,19.364042,-0.187953,-2.021253,0.939588,-2.662698
20260718-165917-978,2,162,21.175722,18.455273,21.099335,19.381753,-0.093994,-2.043712,0.939938,-2.654333
20260718-165917-978,2,163,21.174787,18.463184,21.109024,19.390479,-0.000000,-2.055175,0.939938,0.000000
20260718-165917-978,2,164,21.174787,18.463184,21.109024,19.390479,0.093994,-2.055175,0.939588,-0.487260
20260718-165917-978,2,165,21.164998,18.454570,21.109868,19.382557,0.187953,-2.066637,0.938939,-0.478895
20260718-165917-978,2,166,21.145257,18.437737,21.110982,19.366728,0.281846,-2.089097,0.938046,-0.470571
20260718-165917-978,2,167,21.115153,18.413402,21.111544,19.343019,0.375651,-2.122093,0.936960,-0.462281
20260718-165917-978,2,168,21.074077,18.382604,21.110508,19.311514,0.469347,-2.165174,0.935724,-0.454017
20260718-165917-978,2,169,21.021295,18.346711,21.106621,19.272410,0.562920,-2.217890,0.950800,-0.445774
20260718-165917-978,2,170,20.956020,18.307429,21.098455,19.226076,0.658000,-2.279798,0.916558,-0.007550
20260718-165917-978,2,171,20.912597,18.257617,21.056082,19.176100,0.749655,-2.280942,0.931536,0.429328
20260718-165917-978,2,172,20.904683,18.192675,20.975248,19.119617,0.842809,-2.201955,0.930098,0.421114
20260718-165917-978,2,173,20.901227,18.118986,20.891092,19.048555,0.935819,-2.115073,-0.301078,0.412901
20260718-165917-978,2,174,20.904113,18.036886,20.806445,18.961365,0.905711,-2.020719,-0.930562,0.415561
20260718-165917-978,2,175,20.914498,17.958135,20.732329,18.869735,0.812655,-1.928739,-0.932004,0.423774
20260718-165917-978,2,176,20.930551,17.888909,20.672208,18.781915,0.719454,-1.844367,-0.933436,0.431989
20260718-165917-978,2,177,20.950087,17.829304,20.624393,18.700006,0.626111,-1.768029,-0.934827,0.440210
20260718-165917-978,2,178,20.971144,17.779120,20.587145,18.625728,0.532628,-1.700153,-0.936138,0.448442
20260718-165917-978,2,179,20.992010,17.737950,20.558775,18.560451,0.439014,-1.641173,-4.390143,0.456691
20260718-165917-978,2,180,21.011240,17.705260,20.537723,18.505249,0.000000,-1.591530,0.000000,0.000000
20260718-165917-978,3,0,19.863831,20.018638,19.636169,19.041362,0.072000,0.820305,0.720000,0.000000
20260718-165917-978,3,1,19.868741,20.023904,19.641080,19.046627,0.144000,0.820305,0.720000,0.000000
20260718-165917-978,3,2,19.878562,20.034436,19.650900,19.057159,0.216000,0.820305,0.720000,0.000000
20260718-165917-978,3,3,19.893293,20.050233,19.665631,19.072956,0.288000,0.820305,0.720000,0.000000
20260718-165917-978,3,4,19.912935,20.071296,19.685273,19.094019,0.360000,0.820305,0.720000,0.000000
20260718-165917-978,3,5,19.937487,20.097625,19.709825,19.120348,0.432000,0.820305,0.720000,0.000000
20260718-165917-978,3,6,19.966949,20.129219,19.739287,19.151942,0.504000,0.820305,0.720000,0.000000
20260718-165917-978,3,7,20.001322,20.166079,19.773660,19.188802,0.576000,0.820305,0.711846,0.000000
20260718-165917-978,3,8,20.040605,20.208205,19.812943,19.230928,0.647185,0.820305,0.717318,-0.355222
20260718-165917-978,3,9,20.111482,20.246997,19.835095,19.282368,0.718916,0.770132,0.716870,-0.350159
20260718-165917-978,3,10,20.192080,20.285911,19.863206,19.337891,0.790603,0.715261,0.716415,-0.345097
20260718-165917-978,3,11,20.282696,20.323614,19.898126,19.396788,0.862245,0.655866,0.715961,-0.340037
20260718-165917-978,3,12,20.383519,20.358644,19.940685,19.458201,0.933841,0.592116,0.715511,-0.334976
20260718-165917-978,3,13,20.494603,20.389423,19.991667,19.521117,1.005392,0.524182,0.715071,-0.329915
20260718-165917-978,3,14,20.615829,20.414269,20.051774,19.584364,1.076899,0.452233,0.714646,-0.324852
20260718-165917-978,3,15,20.746879,20.431424,20.121600,19.646613,1.148364,0.376437,0.714239,-0.319788
20260718-165917-978,3,16,20.887203,20.439074,20.201592,19.706382,1.219788,0.296963,0.713855,-0.314721
20260718-165917-978,3,17,21.035999,20.435389,20.292013,19.762050,1.291173,0.213976,0.713498,-0.309651
20260718-165917-978,3,18,21.192188,20.418557,20.392915,19.811877,1.362523,0.127644,0.713170,-0.304577
20260718-165917-978,3,19,21.354406,20.386833,20.504099,19.854031,1.433840,0.038130,0.667130,-0.299500
20260718-165917-978,3,20,21.520989,20.338581,20.625089,19.886624,1.500553,-0.054399,0.707871,-0.374142
20260718-165917-978,3,21,21.694175,20.255152,20.749550,19.916650,1.571340,-0.177528,0.707531,-0.367735
20260718-165917-978,3,22,21.862891,20.146783,20.883104,19.930176,1.642093,-0.304043,0.707257,-0.361319
20260718-165917-978,3,23,22.023049,20.012922,21.023478,19.924846,1.712819,-0.433732,0.707052,-0.354892
20260718-165917-978,3,24,22.170300,19.853710,21.167861,19.898615,1.783524,-0.566384,0.706918,-0.348455
20260718-165917-978,3,25,22.300145,19.670049,21.312943,19.849865,1.854216,-0.701790,0.706858,-0.342007
20260718-165917-978,3,26,22.408077,19.463662,21.454981,19.777523,1.924902,-0.839740,0.706872,-0.335548
20260718-165917-978,3,27,22.489733,19.237117,21.589887,19.681164,1.995589,-0.980029,0.706961,-0.329077
20260718-165917-978,3,28,22.541052,18.993828,21.713345,19.561103,2.066285,-1.122449,0.707127,-0.322595
20260718-165917-978,3,29,22.558450,18.738021,21.820952,19.418459,2.136997,-1.266797,0.707368,-0.316103
20260718-165917-978,3,30,22.538974,18.474660,21.908369,19.255196,2.207734,-1.412867,0.707686,-0.309599
20260718-165917-978,3,31,22.480463,18.209348,21.971495,19.074132,2.278503,-1.560458,0.781439,-0.303084
20260718-165917-978,3,32,22.381673,17.948186,22.006636,18.878910,2.356647,-1.709367,0.711549,-0.253739
20260718-165917-978,3,33,22.258345,17.698866,22.004913,18.669780,2.427802,-1.837088,0.711933,-0.248137
20260718-165917-978,3,34,22.100901,17.460663,21.974027,18.456054,2.498995,-1.965636,0.712369,-0.242528
20260718-165917-978,3,35,21.910149,17.238456,21.912584,18.241897,2.570232,-2.094841,0.579266,-0.236913
20260718-165917-978,3,36,21.687639,17.037069,21.819827,18.031768,2.628158,-2.224533,0.709844,-0.290532
20260718-165917-978,3,37,21.412813,16.872425,21.705840,17.832131,2.699143,-2.388754,0.710785,-0.283470
20260718-165917-978,3,38,21.108717,16.750975,21.554793,17.649817,2.770221,-2.553080,0.019758,-0.276398
20260718-165917-978,3,39,20.782344,16.677886,21.369364,17.491709,2.772197,-2.717301,0.290036,-0.276201
20260718-165917-978,3,40,20.448221,16.659082,21.160386,17.365992,2.801201,-2.881516,-0.000000,-0.134404
20260718-165917-978,3,41,20.144972,16.637786,20.910807,17.286166,2.801201,-2.960675,0.000000,-0.134404
20260718-165917-978,3,42,19.840989,16.640535,20.655697,17.226326,2.801201,-3.039834,0.000000,-0.134404
20260718-165917-978,3,43,19.538176,16.667315,20.396655,17.186847,2.801201,-3.118993,0.087993,-0.134404
20260718-165917-978,3,44,19.238428,16.717955,20.135301,17.167976,2.810000,-3.198152,0.000000,0.000000
20260718-165917-978,3,45,18.957877,16.733840,19.854750,17.183860,2.810000,-3.198152,0.000000,0.000000
20260718-165917-978,3,46,18.677326,16.749724,19.574200,17.199745,2.810000,-3.198152,0.000000,0.000000
20260718-165917-978,3,47,18.396776,16.765609,19.293649,17.215629,2.810000,-3.198152,-0.166397,0.000000
20260718-165917-978,3,48,18.116225,16.781494,19.013098,17.231514,2.793360,-3.198152,0.000000,0.184392
20260718-165917-978,3,49,17.862716,16.719401,18.705377,17.264216,2.793360,-3.089271,0.000000,0.184392
20260718-165917-978,3,50,17.617455,16.630128,18.395924,17.263285,2.793360,-2.980391,-0.000000,0.184392
20260718-165917-978,3,51,17.383348,16.514733,18.088404,17.228733,2.793360,-2.871511,-0.268599,0.184392
20260718-165917-978,3,52,17.163166,16.374581,17.786460,17.160968,2.766500,-2.762630,-0.000000,0.295792
20260718-165917-978,3,53,16.998107,16.177939,17.473919,17.061399,2.766500,-2.586446,0.000000,0.295792
20260718-165917-978,3,54,16.870069,15.955409,17.183668,16.908591,2.766500,-2.410262,-0.000000,0.295792
20260718-165917-978,3,55,16.783017,15.713883,16.924693,16.707275,2.766500,-2.234078,0.108641,0.295792
20260718-165917-978,3,56,16.739645,15.460837,16.705013,16.463684,2.777364,-2.057894,-0.000000,0.257019
20260718-165917-978,3,57,16.723380,15.203871,16.536753,16.189807,2.777364,-1.905339,0.000000,0.257019
20260718-165917-978,3,58,16.746354,14.947417,16.412066,15.893542,2.777364,-1.752783,0.000000,0.257019
20260718-165917-978,3,59,16.808032,14.697433,16.333850,15.581769,2.777364,-1.600227,0.323387,0.257019
20260718-165917-978,3,60,16.906984,14.459725,16.303920,15.261732,2.809703,-1.447671,-0.000000,0.024749
20260718-165917-978,3,61,16.951341,14.185808,16.336684,14.978965,2.809703,-1.433136,0.000000,0.024749
20260718-165917-978,3,62,16.999675,13.912565,16.373555,14.696704,2.809703,-1.418601,0.000000,0.024749
20260718-165917-978,3,63,17.051975,13.640054,16.414524,14.415009,2.809703,-1.404065,0.002798,0.024749
20260718-165917-978,3,64,17.108230,13.368331,16.459583,14.133940,2.809983,-1.389530,-0.000000,0.005933
20260718-165917-978,3,65,17.161182,13.093246,16.509871,13.856589,2.809983,-1.386046,0.000000,0.005933
20260718-165917-978,3,66,17.215092,12.818346,16.561125,13.579416,2.809983,-1.382562,-0.000000,0.005933
20260718-165917-978,3,67,17.269959,12.543636,16.613345,13.302423,2.809983,-1.379078,-0.000000,0.005933
20260718-165917-978,3,68,17.325783,12.269119,16.666529,13.025613,2.809983,-1.375594,-0.000000,0.005933
20260718-165917-978,3,69,17.382564,11.994798,16.720678,12.748991,2.809983,-1.372110,0.000000,0.005933
20260718-165917-978,3,70,17.440299,11.720676,16.775790,12.472559,2.809983,-1.368626,-0.000000,0.005933
20260718-165917-978,3,71,17.498989,11.446757,16.831865,12.196320,2.809983,-1.365142,0.000000,0.005933
20260718-165917-978,3,72,17.558634,11.173045,16.888901,11.920279,2.809983,-1.361658,-0.000000,-0.005933
20260718-165917-978,3,73,17.614712,10.896802,16.947588,11.646365,2.809983,-1.365142,0.000000,-0.005933
20260718-165917-978,3,74,17.669828,10.620365,17.005319,11.372248,2.809983,-1.368626,0.000000,-0.005933
20260718-165917-978,3,75,17.723981,10.343738,17.062095,11.097931,2.809983,-1.372110,-0.000864,-0.005933
20260718-165917-978,3,76,17.777169,10.066924,17.117915,10.823419,2.809897,-1.375594,-0.000000,-0.014609
20260718-165917-978,3,77,17.826050,9.787989,17.173310,10.550112,2.809897,-1.384173,-0.000000,-0.014609
20260718-165917-978,3,78,17.872535,9.508645,17.226358,10.276340,2.809897,-1.392752,-0.000000,-0.014609
20260718-165917-978,3,79,17.916622,9.228913,17.277055,10.002123,2.809897,-1.401331,0.000000,-0.014609
20260718-165917-978,3,80,17.958307,8.948812,17.325397,9.727481,2.809897,-1.409911,-0.000000,-0.014609
20260718-165917-978,3,81,17.997588,8.668365,17.371382,9.452434,2.809897,-1.418490,0.000000,-0.014609
20260718-165917-978,3,82,18.034462,8.387590,17.415005,9.177003,2.809897,-1.427069,-0.000000,-0.014609
20260718-165917-978,3,83,18.068925,8.106510,17.456264,8.901208,2.809897,-1.435648,-0.000000,-0.014609
20260718-165917-978,3,84,18.100976,7.825144,17.495155,8.625070,2.809897,-1.444228,0.000000,-0.014609
20260718-165917-978,3,85,18.130612,7.543514,17.531675,8.348607,2.809897,-1.452807,-0.000000,-0.014609
20260718-165917-978,3,86,18.157830,7.261640,17.565823,8.071842,2.809897,-1.461386,-0.000000,-0.014609
20260718-165917-978,3,87,18.182629,6.979543,17.597595,7.794794,2.809897,-1.469965,0.000000,-0.014609
20260718-165917-978,3,88,18.205008,6.697243,17.626988,7.517483,2.809897,-1.478545,-0.000000,-0.014609
20260718-165917-978,3,89,18.224963,6.414762,17.654002,7.239930,2.809897,-1.487124,0.000000,-0.014609
20260718-165917-978,3,90,18.242494,6.132119,17.678634,6.962156,2.809897,-1.495703,0.000000,-0.014609
20260718-165917-978,3,91,18.257600,5.849337,17.700881,6.684181,2.809897,-1.504282,-0.000000,-0.014609
20260718-165917-978,3,92,18.270279,5.566436,17.720743,6.406025,2.809897,-1.512862,0.000000,-0.014609
20260718-165917-978,3,93,18.280531,5.283436,17.738218,6.127709,2.809897,-1.521441,-0.000000,-0.014609
20260718-165917-978,3,94,18.288354,5.000359,17.753304,5.849254,2.809897,-1.530020,0.000000,-0.014609
20260718-165917-978,3,95,18.293749,4.717225,17.766001,5.570679,2.809897,-1.538599,-0.086959,-0.014609
20260718-165917-978,3,96,18.296714,4.434056,17.776308,5.292005,2.801201,-1.547179,-0.000000,0.134404
20260718-165917-978,3,97,18.358650,4.176458,17.772030,4.990569,2.801201,-1.468020,0.000000,0.134404
20260718-165917-978,3,98,18.440762,3.924564,17.791603,4.689738,2.801201,-1.388861,0.000000,0.134404
20260718-165917-978,3,99,18.542536,3.679952,17.834902,4.391397,2.801201,-1.309702,-0.191656,0.134404
20260718-165917-978,3,100,18.663335,3.444154,17.901658,4.097415,2.782035,-1.230543,-0.000000,0.238244
20260718-165917-978,3,101,18.835633,3.251943,17.989603,3.791512,2.782035,-1.089345,-0.000000,0.238244
20260718-165917-978,3,102,19.033266,3.085892,18.119723,3.501030,2.782035,-0.948147,0.000000,0.238244
20260718-165917-978,3,103,19.252300,2.949307,18.289427,3.231750,2.782035,-0.806948,0.000000,0.238244
20260718-165917-978,3,104,19.488377,2.844905,18.495337,2.989033,2.782035,-0.665750,-0.000000,0.238244
20260718-165917-978,3,105,19.736796,2.774765,18.733356,2.777709,2.782035,-0.524552,-0.000000,0.238244
20260718-165917-978,3,106,19.992614,2.740283,18.998746,2.601984,2.782035,-0.383354,-0.000000,0.238244
20260718-165917-978,3,107,20.250738,2.742146,19.286224,2.465357,2.782035,-0.242155,0.273375,0.238244
20260718-165917-978,3,108,20.506032,2.780316,19.590069,2.370545,2.809373,-0.100957,0.000000,0.035977
20260718-165917-978,3,109,20.781705,2.767540,19.874606,2.338507,2.809373,-0.079825,-0.000000,0.035977
20260718-165917-978,3,110,21.057587,2.760593,20.159756,2.312487,2.809373,-0.058693,0.000000,0.035977
20260718-165917-978,3,111,21.333555,2.759477,20.445392,2.292500,2.809373,-0.037561,0.006104,0.035977
20260718-165917-978,3,112,21.609484,2.764192,20.731387,2.278552,2.809983,-0.016428,-0.000000,0.005933
20260718-165917-978,3,113,21.889612,2.762083,21.013212,2.273386,2.809983,-0.012944,-0.000000,0.005933
20260718-165917-978,3,114,22.169745,2.760950,21.295054,2.269203,2.809983,-0.009460,0.000000,0.005933
20260718-165917-978,3,115,22.449881,2.760793,21.576908,2.266001,2.809983,-0.005976,-0.000000,0.005933
20260718-165917-978,3,116,22.730015,2.761612,21.858772,2.263782,2.809983,-0.002492,-0.000000,0.005933
20260718-165917-978,3,117,23.010145,2.763407,22.140642,2.262544,2.809983,0.000992,0.000000,0.005933
20260718-165917-978,3,118,23.290267,2.766178,22.422514,2.262289,2.809983,0.004476,-0.000000,0.005933
20260718-165917-978,3,119,23.570378,2.769924,22.704385,2.263015,2.809983,0.007960,-0.000000,0.005933
20260718-165917-978,3,120,23.850474,2.774647,22.986253,2.264724,2.809983,0.011444,-0.000000,0.005933
20260718-165917-978,3,121,24.130552,2.780346,23.268112,2.267415,2.809983,0.014928,0.000000,0.005933
20260718-165917-978,3,122,24.410608,2.787020,23.549961,2.271087,2.809983,0.018412,0.000000,0.005933
20260718-165917-978,3,123,24.690639,2.794670,23.831795,2.275742,2.809983,0.021896,0.000000,0.005933
20260718-165917-978,3,124,24.970642,2.803296,24.113611,2.281378,2.809983,0.025380,0.000000,0.005933
20260718-165917-978,3,125,25.250613,2.812897,24.395406,2.287997,2.809983,0.028864,-0.000000,0.005933
20260718-165917-978,3,126,25.530549,2.823473,24.677176,2.295597,2.809983,0.032348,0.000000,0.005933
20260718-165917-978,3,127,25.810447,2.835025,24.958917,2.304178,2.809983,0.035832,-0.719995,0.005933
20260718-165917-978,3,128,26.090302,2.847552,25.240628,2.313742,2.737983,0.039316,-0.719995,0.006085
20260718-165917-978,3,129,26.362920,2.860744,25.515109,2.323979,2.665984,0.042798,-0.719995,0.006237
20260718-165917-978,3,130,26.628299,2.874547,25.782359,2.334839,2.593984,0.046273,-0.719994,0.006389
20260718-165917-978,3,131,26.886441,2.888907,26.042375,2.346272,2.521985,0.049736,-0.719994,0.006541
20260718-165917-978,3,132,27.137347,2.903767,26.295156,2.358226,2.449986,0.053184,-0.719994,0.006693
20260718-165917-978,3,133,27.381017,2.919071,26.540701,2.370646,2.377986,0.056611,-0.719994,0.006845
20260718-165917-978,3,134,27.617454,2.934761,26.779008,2.383481,2.305987,0.060013,-0.719993,0.006997
20260718-165917-978,3,135,27.846659,2.950779,27.010077,2.396676,2.233988,0.063385,-0.719993,0.007149
20260718-165917-978,3,136,28.068635,2.967069,27.233907,2.410176,2.161988,0.066722,-0.719993,0.007301
20260718-165917-978,3,137,28.283384,2.983570,27.450498,2.423927,2.089989,0.070021,-0.719993,0.007453
20260718-165917-978,3,138,28.490910,3.000225,27.659850,2.437874,2.017990,0.073276,-0.719993,0.007605
20260718-165917-978,3,139,28.691216,3.016976,27.861964,2.451962,1.945990,0.076484,-0.719993,0.007757
20260718-165917-978,3,140,28.884306,3.033764,28.056841,2.466136,1.873991,0.079638,-0.719993,0.007909
20260718-165917-978,3,141,29.070184,3.050531,28.244481,2.480343,1.801992,0.082736,-0.719993,0.008061
20260718-165917-978,3,142,29.248854,3.067220,28.424886,2.494528,1.729992,0.085772,-0.719993,0.008213
20260718-165917-978,3,143,29.420321,3.083774,28.598057,2.508638,1.657993,0.088741,-0.719994,0.008365
20260718-165917-978,3,144,29.584590,3.100137,28.763996,2.522620,1.585994,0.091640,-0.719994,0.008517
20260718-165917-978,3,145,29.741666,3.116254,28.922706,2.536423,1.513994,0.094463,-0.719994,0.008669
20260718-165917-978,3,146,29.891555,3.132070,29.074188,2.549994,1.441995,0.097206,-0.719994,0.008821
20260718-165917-978,3,147,30.034261,3.147531,29.218445,2.563285,1.369995,0.099864,-0.720647,0.008973
20260718-165917-978,3,148,30.169791,3.162587,29.355479,2.576247,1.297931,0.102433,-0.719911,-0.038064
20260718-165917-978,3,149,30.302048,3.170304,29.481722,2.592407,1.225940,0.092103,-0.719916,-0.038698
20260718-165917-978,3,150,30.427080,3.176286,29.601062,2.606554,1.153948,0.082184,-0.719923,-0.039332
20260718-165917-978,3,151,30.544860,3.180735,29.713473,2.618868,1.081956,0.072693,-0.719558,-0.039966
20260718-165917-978,3,152,30.655364,3.183847,29.818930,2.629520,1.010000,0.063652,-0.720000,0.000000
20260718-165917-978,3,153,30.756160,3.190272,29.919726,2.635945,0.938000,0.063652,-0.720000,0.000000
20260718-165917-978,3,154,30.849770,3.196238,30.013336,2.641911,0.866000,0.063652,-0.720000,0.000000
20260718-165917-978,3,155,30.936194,3.201747,30.099760,2.647420,0.794000,0.063652,-0.720000,0.000000
20260718-165917-978,3,156,31.015433,3.206797,30.179000,2.652470,0.722000,0.063652,-0.720000,0.000000
20260718-165917-978,3,157,31.087487,3.211390,30.251053,2.657063,0.650000,0.063652,-0.720000,0.000000
20260718-165917-978,3,158,31.152356,3.215524,30.315922,2.661197,0.578000,0.063652,-0.720000,0.000000
20260718-165917-978,3,159,31.210039,3.219201,30.373605,2.664874,0.506000,0.063652,-0.720000,0.000000
20260718-165917-978,3,160,31.260536,3.222420,30.424102,2.668092,0.434000,0.063652,-0.720000,0.000000
20260718-165917-978,3,161,31.303848,3.225180,30.467414,2.670853,0.362000,0.063652,-0.720000,0.000000
20260718-165917-978,3,162,31.339975,3.227483,30.503541,2.673156,0.290000,0.063652,-0.720000,0.000000
20260718-165917-978,3,163,31.368916,3.229328,30.532482,2.675000,0.218000,0.063652,-0.720000,0.000000
20260718-165917-978,3,164,31.390672,3.230714,30.554238,2.676387,0.146000,0.063652,-0.720000,0.000000
20260718-165917-978,3,165,31.405242,3.231643,30.568809,2.677316,0.074000,0.063652,-0.720000,0.000000
20260718-165917-978,3,166,31.412627,3.232114,30.576194,2.677786,0.002000,0.063652,-0.020000,0.000000
20260718-165917-978,3,167,31.412827,3.232126,30.576393,2.677799,0.000000,0.063652,-0.719966,0.000000
20260718-165917-978,3,168,31.412827,3.232126,30.576393,2.677799,-0.071997,0.063652,-0.719769,2.566099
20260718-165917-978,3,169,31.402921,3.235667,30.571938,2.673202,-0.143973,0.073413,-0.719399,2.573506
20260718-165917-978,3,170,31.383106,3.242263,30.563077,2.663943,-0.215913,0.092618,-0.718879,2.580877
20260718-165917-978,3,171,31.353307,3.251156,30.549992,2.649837,-0.287801,0.120953,-0.718234,2.588217
20260718-165917-978,3,172,31.313420,3.261335,30.532997,2.630589,-0.359625,0.158109,-0.717483,2.595531
20260718-165917-978,3,173,31.263359,3.271536,30.512548,2.605817,-0.431373,0.203781,-0.716647,2.602823
20260718-165917-978,3,174,31.203111,3.280265,30.489247,2.575071,-0.503038,0.257670,0.716647,2.610096
20260718-165917-978,3,175,31.132801,3.285810,30.463859,2.537868,-0.431373,0.319478,0.717483,2.602823
20260718-165917-978,3,176,31.071948,3.287525,30.444263,2.504638,-0.359625,0.373366,0.718234,2.595531
20260718-165917-978,3,177,31.020864,3.286798,30.429577,2.476070,-0.287801,0.419039,0.718879,2.588217
20260718-165917-978,3,178,30.979747,3.284813,30.418985,2.452680,-0.215913,0.456195,0.719399,2.580877
20260718-165917-978,3,179,30.948733,3.282528,30.411771,2.434842,-0.143973,0.484530,0.719769,2.573506
20260718-165917-978,3,180,30.927933,3.280655,30.407349,2.422814,-0.071997,0.503735,0.719966,2.566099
20260718-165917-978,3,181,30.917462,3.279639,30.405277,2.416756,0.000000,0.513496,0.719966,0.000000
20260718-165917-978,3,182,30.917462,3.279639,30.405277,2.416756,0.071997,0.513496,0.719769,-0.575493
20260718-165917-978,3,183,30.927967,3.280594,30.407383,2.422752,0.143973,0.503735,0.719399,-0.568087
20260718-165917-978,3,184,30.948898,3.282224,30.411937,2.434537,0.215913,0.484530,0.720866,-0.560716
20260718-165917-978,3,185,30.980190,3.283963,30.419428,2.451829,0.288000,0.456195,0.716247,-0.011082
20260718-165917-978,3,186,31.006330,3.296446,30.445013,2.464687,0.359625,0.455528,0.717483,0.546062
20260718-165917-978,3,187,31.018622,3.326123,30.495866,2.469604,0.431373,0.501201,0.716647,0.538770
20260718-165917-978,3,188,31.031889,3.362347,30.556026,2.478914,0.503038,0.555089,0.715745,0.531497
20260718-165917-978,3,189,31.045261,3.405357,30.624875,2.494217,0.574612,0.616897,0.430514,0.524239
20260718-165917-978,3,190,31.057706,3.455344,30.701546,2.517234,0.617664,0.686331,-0.715176,0.519874
20260718-165917-978,3,191,31.067478,3.509888,30.781541,2.548046,0.546146,0.760218,-0.716111,0.527125
20260718-165917-978,3,192,31.072311,3.558585,30.850857,2.579883,0.474535,0.826653,-0.716989,0.534389
20260718-165917-978,3,193,31.073506,3.601036,30.909844,2.611029,0.402836,0.885345,-4.028360,0.541669
20260718-165917-978,3,194,31.072257,3.637023,30.958932,2.639998,0.000000,0.936001,0.000000,0.000000
20260718-165917-978,4,0,15.039541,17.911398,14.380459,18.748602,0.000000,4.869469,0.000000,0.000000
20260718-165917-978,4,1,15.039541,17.911398,14.380459,18.748602,0.000000,4.869469,0.000000,0.000000
20260718-165917-978,4,2,15.039541,17.911398,14.380459,18.748602,0.000000,4.869469,0.000000,0.000000
20260718-165917-978,4,3,15.039541,17.911398,14.380459,18.748602,0.000000,4.869469,0.860000,0.000000
20260718-165917-978,4,4,15.039541,17.911398,14.380459,18.748602,0.086000,4.869469,0.860000,0.000000
20260718-165917-978,4,5,15.040886,17.902904,14.381804,18.740108,0.172000,4.869469,0.860000,0.000000
20260718-165917-978,4,6,15.043577,17.885916,14.384495,18.723120,0.258000,4.869469,0.860000,0.000000
20260718-165917-978,4,7,15.047613,17.860433,14.388531,18.697637,0.344000,4.869469,0.859965,0.000000
20260718-165917-978,4,8,15.052994,17.826457,14.393912,18.663661,0.429996,4.869469,0.859976,0.048058
20260718-165917-978,4,9,15.061582,17.785349,14.399121,18.619882,0.515994,4.873512,0.859968,0.047297
20260718-165917-978,4,10,15.072092,17.736044,14.405653,18.567404,0.601991,4.878287,0.859960,0.046536
20260718-165917-978,4,11,15.084632,17.678559,14.413647,18.506253,0.687987,4.883768,0.844587,0.045776
20260718-165917-978,4,12,15.099326,17.612915,14.423254,18.436460,0.772446,4.889929,0.855016,0.397398
20260718-165917-978,4,13,15.143198,17.559990,14.416318,18.339056,0.857947,4.953315,0.854237,0.390814
20260718-165917-978,4,14,15.195466,17.504116,14.416525,18.231131,0.943371,5.022421,0.853464,0.384232
20260718-165917-978,4,15,15.256959,17.446453,14.426018,18.113415,1.028717,5.096992,0.859408,0.377649
20260718-165917-978,4,16,15.328435,17.388355,14.446983,17.986972,1.114658,5.176773,0.853300,0.341029
20260718-165917-978,4,17,15.407888,17.327508,14.482821,17.856233,1.199988,5.254112,0.852719,0.334953
20260718-165917-978,4,18,15.498198,17.268362,14.533086,17.719871,1.285260,5.335770,0.852177,0.328874
20260718-165917-978,4,19,15.599761,17.212619,14.599526,17.579811,1.370478,5.421521,0.872341,0.322791
20260718-165917-978,4,20,15.712775,17.162127,14.683690,17.438323,1.457712,5.511142,0.854041,0.262608
20260718-165917-978,4,21,15.834083,17.108239,14.786878,17.304865,1.543116,5.587751,0.853768,0.257529
20260718-165917-978,4,22,15.966584,17.060673,14.907076,17.173558,1.628493,5.667208,0.853536,0.252447
20260718-165917-978,4,23,16.110092,17.021173,15.044895,17.046764,1.713846,5.749333,0.000000,0.247360
20260718-165917-978,4,24,16.264202,16.991535,15.200653,16.927010,1.713846,5.833947,-0.000000,0.247360
20260718-165917-978,4,25,16.420265,16.975026,15.365974,16.820849,1.713846,5.918561,0.000000,0.247360
20260718-165917-978,4,26,16.577165,16.971766,15.539676,16.729039,1.713846,6.003175,0.000000,0.247360
20260718-165917-978,4,27,16.733780,16.981778,15.720516,16.652238,1.713846,6.087789,-0.000000,0.247360
20260718-165917-978,4,28,16.888987,17.004990,15.907199,16.590995,1.713846,6.172403,0.000000,0.247360
20260718-165917-978,4,29,17.041678,17.041236,16.098391,16.545748,1.713846,6.257017,0.000000,0.247360
20260718-165917-978,4,30,17.190760,17.090256,16.292722,16.516821,1.713846,6.341631,0.000000,0.247360
20260718-165917-978,4,31,17.335165,17.151701,16.488803,16.504421,1.713846,6.426245,-0.000000,0.247360
20260718-165917-978,4,32,17.473860,17.225130,16.685230,16.508637,1.713846,6.510859,0.000000,0.247360
20260718-165917-978,4,33,17.605854,17.310017,16.880598,16.529438,1.713846,6.595473,-0.000000,0.247360
20260718-165917-978,4,34,17.730201,17.405757,17.073509,16.566677,1.713846,6.680087,0.000000,0.247360
20260718-165917-978,4,35,17.846013,17.511662,17.262583,16.620085,1.713846,6.764701,0.011945,0.247360
20260718-165917-978,4,36,17.952459,17.626977,17.446467,16.689282,1.715041,6.849315,0.000000,0.222771
20260718-165917-978,4,37,18.053899,17.747828,17.620519,16.774441,1.715041,6.925270,-0.000000,0.222771
20260718-165917-978,4,38,18.145876,17.876028,17.787608,16.872562,1.715041,7.001224,0.000000,0.222771
20260718-165917-978,4,39,18.227859,18.010837,17.946769,16.983079,1.715041,7.077179,0.037678,0.222771
20260718-165917-978,4,40,18.299377,18.151480,18.097085,17.105354,1.718809,7.153134,-0.000000,0.110315
20260718-165917-978,4,41,18.385791,18.290376,18.222568,17.237448,1.718809,7.190355,-0.000000,0.110315
20260718-165917-978,4,42,18.466976,18.432393,18.343048,17.374120,1.718809,7.227575,0.000000,0.110315
20260718-165917-978,4,43,18.542821,18.577332,18.458359,17.515180,1.718809,7.264796,-0.848087,0.110315
20260718-165917-978,4,44,18.613219,18.724993,18.568341,17.660434,1.634000,7.302016,-0.860000,0.000000
20260718-165917-978,4,45,18.698900,18.864127,18.654022,17.799568,1.548000,7.302016,-0.860000,0.000000
20260718-165917-978,4,46,18.780071,18.995938,18.735193,17.931379,1.462000,7.302016,-0.860000,0.000000
20260718-165917-978,4,47,18.856733,19.120427,18.811854,18.055868,1.376000,7.302016,-0.860000,0.000000
20260718-165917-978,4,48,18.928885,19.237593,18.884007,18.173034,1.290000,7.302016,-0.860000,0.000000
20260718-165917-978,4,49,18.996528,19.347436,18.951649,18.282877,1.204000,7.302016,-0.860000,0.000000
20260718-165917-978,4,50,19.059661,19.449956,19.014782,18.385397,1.118000,7.302016,-0.860000,0.000000
20260718-165917-978,4,51,19.118284,19.545153,19.073406,18.480594,1.032000,7.302016,-0.860000,0.000000
20260718-165917-978,4,52,19.172399,19.633028,19.127520,18.568469,0.946000,7.302016,-0.860000,0.000000
20260718-165917-978,4,53,19.222003,19.713579,19.177125,18.649020,0.860000,7.302016,-0.860000,0.000000
20260718-165917-978,4,54,19.267098,19.786808,19.222220,18.722249,0.774000,7.302016,-0.860000,0.000000
20260718-165917-978,4,55,19.307684,19.852713,19.262805,18.788154,0.688000,7.302016,-0.860000,0.000000
20260718-165917-978,4,56,19.343760,19.911296,19.298881,18.846737,0.602000,7.302016,-0.860000,0.000000
20260718-165917-978,4,57,19.375327,19.962556,19.330448,18.897997,0.516000,7.302016,-0.860000,0.000000
20260718-165917-978,4,58,19.402384,20.006494,19.357505,18.941935,0.430000,7.302016,-0.860000,0.000000
20260718-165917-978,4,59,19.424931,20.043108,19.380053,18.978549,0.344000,7.302016,-0.860000,0.000000
20260718-165917-978,4,60,19.442969,20.072399,19.398091,19.007840,0.258000,7.302016,-0.860000,0.000000
20260718-165917-978,4,61,19.456498,20.094368,19.411619,19.029809,0.172000,7.302016,-0.860000,0.000000
20260718-165917-978,4,62,19.465517,20.109014,19.420638,19.044455,0.086000,7.302016,-0.860000,0.000000
20260718-165917-978,4,63,19.470026,20.116337,19.425148,19.051777,0.000000,7.302016,-0.859988,0.000000
20260718-165917-978,4,64,19.470026,20.116337,19.425148,19.051777,-0.085999,7.302016,-0.859921,2.840639
20260718-165917-978,4,65,19.462777,20.109100,19.423454,19.044321,-0.171991,7.307235,-0.859794,2.845110
20260718-165917-978,4,66,19.448516,20.094490,19.420133,19.029364,-0.257970,7.317507,-0.859616,2.849576
20260718-165917-978,4,67,19.427592,20.072271,19.415360,19.006837,-0.343932,7.332668,-0.859395,2.854036
20260718-165917-978,4,68,19.400462,20.042122,19.409419,18.976655,-0.429871,7.352554,-0.859138,2.858492
20260718-165917-978,4,69,19.367699,20.003653,19.402700,18.938724,-0.515785,7.377003,-0.858852,2.862945
20260718-165917-978,4,70,19.329990,19.956422,19.395694,18.892945,-0.601671,7.405852,-0.858544,2.867395
20260718-165917-978,4,71,19.288143,19.899955,19.388992,18.839234,-0.687525,7.438939,-0.858221,2.871842
20260718-165917-978,4,72,19.243089,19.833769,19.383279,18.777527,-0.773347,7.476103,-0.857887,2.876289
20260718-165917-978,4,73,19.195880,19.757393,19.379331,18.707800,-0.859136,7.517183,-0.857550,2.880734
20260718-165917-978,4,74,19.147697,19.670394,19.378007,18.630078,-0.944891,7.562019,-0.857213,2.885179
20260718-165917-978,4,75,19.099838,19.572400,19.380245,18.544455,-1.030612,7.610453,-0.856882,2.889625
20260718-165917-978,4,76,19.053720,19.463130,19.387046,18.451105,-1.116300,7.662324,-0.856562,2.894071
20260718-165917-978,4,77,19.010867,19.342413,19.399471,18.350301,-1.201956,7.717474,-0.856257,2.898518
20260718-165917-978,4,78,18.972897,19.210224,19.418621,18.242427,-1.287582,7.775745,-0.283695,2.902966
20260718-165917-978,4,79,18.941508,19.066697,19.445623,18.127991,-1.315952,7.836981,-0.000000,2.904441
20260718-165917-978,4,80,18.918784,18.918411,19.480258,18.012847,-1.315952,7.899164,-0.000000,2.904441
20260718-165917-978,4,81,18.905318,18.768999,19.521982,17.900077,-1.315952,7.961346,0.000000,2.904441
20260718-165917-978,4,82,18.901163,18.619039,19.570632,17.790118,-1.315952,8.023529,0.856160,2.904441
20260718-165917-978,4,83,18.906336,18.469111,19.626022,17.683394,-1.230336,8.085712,0.856459,2.899992
20260718-165917-978,4,84,18.919058,18.329037,19.684023,17.587332,-1.144690,8.144983,0.856775,2.895544
20260718-165917-978,4,85,18.937842,18.199158,19.743263,17.501594,-1.059012,8.201185,0.857103,2.891098
20260718-165917-978,4,86,18.961254,18.079674,19.802482,17.425736,-0.973302,8.254161,0.857438,2.886653
20260718-165917-978,4,87,18.987930,17.970664,19.860540,17.359229,-0.887558,8.303751,0.857775,2.882207
20260718-165917-978,4,88,19.016591,17.872106,19.916419,17.301485,-0.801781,8.349797,0.858111,2.877762
20260718-165917-978,4,89,19.046050,17.783899,19.969226,17.251879,-0.715970,8.392139,0.858438,2.873316
20260718-165917-978,4,90,19.075222,17.705880,20.018182,17.209769,-0.630126,8.430619,0.858752,2.868869
20260718-165917-978,4,91,19.103132,17.637852,20.062623,17.174519,-0.544251,8.465075,0.859046,2.864420
20260718-165917-978,4,92,19.128917,17.579596,20.101992,17.145515,-0.458346,8.495346,0.859314,2.859968
20260718-165917-978,4,93,19.151829,17.530895,20.135829,17.122185,-0.372415,8.521271,0.859547,2.855513
20260718-165917-978,4,94,19.171240,17.491553,20.163766,17.104008,-0.286460,8.542687,0.859741,2.851054
20260718-165917-978,4,95,19.186641,17.461404,20.185517,17.090533,-0.200486,8.559432,0.859885,2.846591
20260718-165917-978,4,96,19.197648,17.440334,20.200871,17.081386,-0.114497,8.571343,0.859973,2.842121
20260718-165917-978,4,97,19.204007,17.428287,20.209686,17.076282,-0.028500,8.578254,0.285000,2.837645
20260718-165917-978,4,98,19.205592,17.425277,20.211885,17.075029,0.000000,8.580002,0.859999,0.000000
20260718-165917-978,4,99,19.205592,17.425277,20.211885,17.075029,0.086000,8.580002,0.859921,-0.095186
20260718-165917-978,4,100,19.200174,17.432525,20.205904,17.080662,0.171992,8.578397,0.858696,-0.279418
20260718-165917-978,4,101,19.190622,17.450358,20.192910,17.088809,0.257862,8.568749,0.858117,-0.576148
20260718-165917-978,4,102,19.180547,17.486701,20.170458,17.092524,0.343673,8.535997,0.857134,-0.575439
20260718-165917-978,4,103,19.169104,17.535703,20.140901,17.098771,0.429387,8.492413,0.855949,-0.566687
20260718-165917-978,4,104,19.157715,17.597183,20.104799,17.108989,0.514982,8.438997,0.854650,-0.557963
20260718-165917-978,4,105,19.148242,17.671161,20.062800,17.124458,0.600447,8.376161,0.853269,-0.549261
20260718-165917-978,4,106,19.142843,17.757482,20.015793,17.146534,0.685774,8.304309,0.461383,-0.540575
20260718-165917-978,4,107,19.143941,17.855727,19.964955,17.176584,0.731912,8.223838,-0.852499,-0.535878
20260718-165917-978,4,108,19.153597,17.959837,19.914010,17.213465,0.646662,8.138864,-0.853911,-0.544556
20260718-165917-978,4,109,19.169844,18.051281,19.870937,17.248929,0.561271,8.062296,-0.151586,-0.553249
20260718-165917-978,4,110,19.189934,18.129799,19.835086,17.281814,0.546112,7.994529,-0.074134,-0.554792
20260718-165917-978,4,111,19.214606,18.204779,19.802279,17.315993,0.538699,7.928363,-0.855599,0.555547
20260718-165917-978,4,112,19.178681,18.238092,19.823164,17.389598,0.453139,7.993741,-0.856819,0.564265
20260718-165917-978,4,113,19.146582,18.263885,19.837601,17.452841,0.367457,8.049810,-3.674571,0.573009
20260718-165917-978,4,114,19.119341,18.283152,19.847198,17.504998,0.000000,8.096162,0.000000,0.000000
20260718-165917-978,5,0,25.117973,18.806443,26.102027,18.313557,0.000000,2.185152,0.000000,0.000000
20260718-165917-978,5,1,25.117973,18.806443,26.102027,18.313557,0.000000,2.185152,0.000000,0.000000
20260718-165917-978,5,2,25.117973,18.806443,26.102027,18.313557,0.000000,2.185152,0.000000,0.000000
20260718-165917-978,5,3,25.117973,18.806443,26.102027,18.313557,0.000000,2.185152,0.980000,0.000000
20260718-165917-978,5,4,25.117973,18.806443,26.102027,18.313557,0.098000,2.185152,0.980000,0.000000
20260718-165917-978,5,5,25.112324,18.814451,26.096378,18.321565,0.196000,2.185152,0.980000,0.000000
20260718-165917-978,5,6,25.101026,18.830467,26.085080,18.337581,0.294000,2.185152,0.980000,0.000000
20260718-165917-978,5,7,25.084078,18.854491,26.068133,18.361605,0.392000,2.185152,0.979727,0.000000
20260718-165917-978,5,8,25.061482,18.886523,26.045537,18.393637,0.489973,2.185152,0.979818,0.114497
20260718-165917-978,5,9,25.030240,18.921052,26.019446,18.438587,0.587954,2.195714,0.979759,0.112441
20260718-165917-978,5,10,24.992286,18.962135,25.987419,18.492016,0.685930,2.208158,0.979696,0.110385
20260718-165917-978,5,11,24.947383,19.009565,25.949114,18.553675,0.783900,2.222409,0.977010,0.108328
20260718-165917-978,5,12,24.895268,19.063101,25.904155,18.623276,0.881601,2.238388,0.978731,0.180080
20260718-165917-978,5,13,24.832218,19.115419,25.853879,18.706140,0.979474,2.268472,0.978539,0.176605
20260718-165917-978,5,14,24.760403,19.171573,25.794923,18.795982,1.077328,2.301237,0.978350,0.173131
20260718-165917-978,5,15,24.679381,19.230902,25.726517,18.892071,1.175163,2.336552,0.978170,0.169656
20260718-165917-978,5,16,24.588716,19.292667,25.647889,18.993581,1.272980,2.374285,0.977999,0.166180
20260718-165917-978,5,17,24.487991,19.356060,25.558283,19.099591,1.370780,2.414307,0.977842,0.162704
20260718-165917-978,5,18,24.376819,19.420195,25.456973,19.209084,1.468564,2.456485,0.977701,0.159228
20260718-165917-978,5,19,24.254854,19.484120,25.343281,19.320947,1.566334,2.500690,0.977577,0.155750
20260718-165917-978,5,20,24.121801,19.546816,25.216592,19.433976,1.664092,2.546791,0.977473,0.152271
20260718-165917-978,5,21,23.977431,19.607203,25.076368,19.546877,1.761839,2.594657,0.977390,0.148792
20260718-165917-978,5,22,23.821590,19.664150,24.922165,19.658276,1.859578,2.644160,0.977331,0.145311
20260718-165917-978,5,23,23.654204,19.716478,24.753647,19.766728,1.957311,2.695170,0.977296,0.141829
20260718-165917-978,5,24,23.475294,19.762976,24.570597,19.870726,2.055041,2.747556,0.977285,0.138346
20260718-165917-978,5,25,23.284978,19.802405,24.372931,19.968717,2.152769,2.801189,0.977301,0.134861
20260718-165917-978,5,26,23.083480,19.833514,24.160701,20.059113,2.250499,2.855941,0.977343,0.131376
20260718-165917-978,5,27,22.871132,19.855049,23.934112,20.140311,2.348234,2.911681,1.009001,0.127889
20260718-165917-978,5,28,22.648375,19.865770,23.693515,20.210708,2.449134,2.968281,0.979459,0.057865
20260718-165917-978,5,29,22.410778,19.887753,23.446377,20.260360,2.547080,2.994875,0.979485,0.056241
20260718-165917-978,5,30,22.163000,19.904365,23.188210,20.304671,2.645028,3.021754,0.979516,0.054616
20260718-165917-978,5,31,21.905150,19.915049,22.919134,20.342992,2.742980,3.048859,0.987385,0.052992
20260718-165917-978,5,32,21.637360,19.919254,22.639299,20.374687,2.841718,3.076130,0.979893,0.026434
20260718-165917-978,5,33,21.356792,19.926817,22.352217,20.396315,2.939707,3.090214,0.299970,0.025598
20260718-165917-978,5,34,21.066357,19.930774,22.055060,20.414268,2.969704,3.104322,0.000000,0.025342
20260718-165917-978,5,35,20.772897,19.930701,21.754680,20.428097,2.969704,3.118431,0.002786,0.025342
20260718-165917-978,5,36,20.479467,19.926489,21.454134,20.437687,2.969983,3.132540,-0.000000,0.006075
20260718-165917-978,5,37,20.183339,19.926526,21.156272,20.441018,2.969983,3.135922,-0.000000,0.006075
20260718-165917-978,5,38,19.887212,19.925562,20.858400,20.443341,2.969983,3.139304,0.000000,0.006075
20260718-165917-978,5,39,19.591091,19.923596,20.560522,20.444657,2.969983,3.142686,0.000170,0.006075
20260718-165917-978,5,40,19.294978,19.920630,20.262641,20.444965,2.970000,3.146068,0.000000,0.000000
20260718-165917-978,5,41,18.997981,19.919300,19.965644,20.443636,2.970000,3.146068,0.000000,0.000000
20260718-165917-978,5,42,18.700984,19.917971,19.668647,20.442307,2.970000,3.146068,0.000000,0.000000
20260718-165917-978,5,43,18.403987,19.916642,19.371650,20.440978,2.970000,3.146068,-0.980000,0.000000
20260718-165917-978,5,44,18.106990,19.915313,19.074653,20.439649,2.872000,3.146068,-0.980000,0.000000
20260718-165917-978,5,45,17.819793,19.914027,18.787456,20.438363,2.774000,3.146068,-0.980000,0.000000
20260718-165917-978,5,46,17.542395,19.912786,18.510058,20.437122,2.676000,3.146068,-0.980000,0.000000
20260718-165917-978,5,47,17.274798,19.911588,18.242461,20.435924,2.578000,3.146068,-0.980000,0.000000
20260718-165917-978,5,48,17.017001,19.910435,17.984664,20.434771,2.480000,3.146068,-0.980000,0.000000
20260718-165917-978,5,49,16.769003,19.909325,17.736666,20.433661,2.382000,3.146068,-0.980000,0.000000
20260718-165917-978,5,50,16.530806,19.908259,17.498469,20.432595,2.284000,3.146068,-0.980000,0.000000
20260718-165917-978,5,51,16.302408,19.907237,17.270071,20.431572,2.186000,3.146068,-0.980000,0.000000
20260718-165917-978,5,52,16.083810,19.906258,17.051473,20.430594,2.088000,3.146068,-0.980000,0.000000
20260718-165917-978,5,53,15.875012,19.905324,16.842675,20.429660,1.990000,3.146068,-0.980000,0.000000
20260718-165917-978,5,54,15.676014,19.904433,16.643677,20.428769,1.892000,3.146068,-0.980000,0.000000
20260718-165917-978,5,55,15.486816,19.903586,16.454479,20.427922,1.794000,3.146068,-1.006225,0.000000
20260718-165917-978,5,56,15.307418,19.902784,16.275081,20.427119,1.693377,3.146068,-0.976758,0.173465
20260718-165917-978,5,57,15.153446,19.866107,16.090465,20.443424,1.595702,3.201686,-0.976913,0.177452
20260718-165917-978,5,58,15.010828,19.823268,15.915547,20.449992,1.498010,3.255327,-0.977092,0.181437
20260718-165917-978,5,59,14.879607,19.775718,15.750856,20.448194,1.400301,3.306838,-1.005911,0.185420
20260718-165917-978,5,60,14.759694,19.724846,15.596793,20.439386,1.299710,3.356072,-0.972598,0.321496
20260718-165917-978,5,61,14.665284,19.654110,15.441716,20.434143,1.202450,3.437209,-0.973274,0.328182
20260718-165917-978,5,62,14.583993,19.581617,15.298336,20.418883,1.105123,3.513953,-0.973988,0.334866
20260718-165917-978,5,63,14.515034,19.509343,15.167223,20.395880,1.007724,3.586034,0.022760,0.341546
20260718-165917-978,5,64,14.457441,19.439017,15.048679,20.367315,1.010000,3.653180,0.000000,0.000000
20260718-165917-978,5,65,14.369372,19.389571,14.960610,20.317869,1.010000,3.653180,0.000000,0.000000
20260718-165917-978,5,66,14.281303,19.340125,14.872541,20.268424,1.010000,3.653180,0.000000,0.000000
20260718-165917-978,5,67,14.193235,19.290679,14.784472,20.218978,1.010000,3.653180,-0.980000,0.000000
20260718-165917-978,5,68,14.105166,19.241234,14.696403,20.169532,0.912000,3.653180,-0.980000,0.000000
20260718-165917-978,5,69,14.025642,19.196586,14.616880,20.124884,0.814000,3.653180,-0.980000,0.000000
20260718-165917-978,5,70,13.954664,19.156735,14.545901,20.085034,0.716000,3.653180,-0.980000,0.000000
20260718-165917-978,5,71,13.892231,19.121683,14.483468,20.049981,0.618000,3.653180,-0.980000,0.000000
20260718-165917-978,5,72,13.838343,19.091428,14.429581,20.019726,0.520000,3.653180,-0.980000,0.000000
20260718-165917-978,5,73,13.793001,19.065970,14.384238,19.994269,0.422000,3.653180,-0.980000,0.000000
20260718-165917-978,5,74,13.756204,19.045311,14.347441,19.973610,0.324000,3.653180,-0.980000,0.000000
20260718-165917-978,5,75,13.727952,19.029449,14.319190,19.957748,0.226000,3.653180,-0.980000,0.000000
20260718-165917-978,5,76,13.708246,19.018385,14.299483,19.946684,0.128000,3.653180,-0.980000,0.000000
20260718-165917-978,5,77,13.697085,19.012119,14.288322,19.940417,0.030000,3.653180,-0.300000,0.000000
20260718-165917-978,5,78,13.694469,19.010650,14.285706,19.938949,-0.000000,3.653180,-0.979927,0.000000
20260718-165917-978,5,79,13.694469,19.010650,14.285706,19.938949,-0.097993,3.653180,-0.979512,2.554503
20260718-165917-978,5,80,13.708649,19.011974,14.288498,19.947428,-0.195944,3.665401,-0.978748,2.564255
20260718-165917-978,5,81,13.736653,19.015379,14.293959,19.964437,-0.293819,3.689324,-0.977700,2.573954
20260718-165917-978,5,82,13.778032,19.022070,14.301672,19.990109,-0.391589,3.724442,-0.976427,2.583610
20260718-165917-978,5,83,13.832178,19.033639,14.310937,20.024644,-0.489231,3.770254,-0.974985,2.593231
20260718-165917-978,5,84,13.898252,19.052003,14.320776,20.068258,-0.586730,3.826270,-0.973422,2.602826
20260718-165917-978,5,85,13.975095,19.079321,14.329946,20.121137,-0.684072,3.892010,0.973422,2.612400
20260718-165917-978,5,86,14.061148,19.117901,14.336950,20.183374,-0.586730,3.966999,0.974985,2.602826
20260718-165917-978,5,87,14.133400,19.155727,14.338613,20.237017,-0.489231,4.032739,0.976427,2.593231
20260718-165917-978,5,88,14.192445,19.190607,14.336798,20.281690,-0.391589,4.088755,0.977700,2.583610
20260718-165917-978,5,89,14.238916,19.220710,14.333150,20.317259,-0.293819,4.134567,0.978748,2.573954
20260718-165917-978,5,90,14.273378,19.244569,14.329054,20.343751,-0.195944,4.169685,0.979512,2.564255
20260718-165917-978,5,91,14.296251,19.261082,14.325618,20.361280,-0.097993,4.193608,0.979927,2.554503
20260718-165917-978,5,92,14.307730,19.269513,14.323649,20.369988,-0.000000,4.205829,0.979927,0.000000
20260718-165917-978,5,93,14.307730,19.269513,14.323649,20.369988,0.097993,4.205829,0.979512,0.587089
20260718-165917-978,5,94,14.309805,19.260830,14.312274,20.361418,0.195944,4.218050,0.978748,0.577338
20260718-165917-978,5,95,14.314085,19.243486,14.290226,20.343819,0.293819,4.241974,0.591989,0.567638
20260718-165917-978,5,96,14.320997,19.217586,14.258520,20.316402,0.353018,4.277091,-3.530177,0.561789
20260718-165917-978,5,97,14.330294,19.186733,14.222118,20.281995,0.000000,4.318742,0.000000,0.000000
20260718-165917-978,6,0,17.401000,8.342700,16.219000,7.777300,0.000000,6.183702,0.000000,0.000000
20260718-165917-978,6,1,17.401000,8.342700,16.219000,7.777300,0.000000,6.183702,0.000000,0.000000
20260718-165917-978,6,2,17.401000,8.342700,16.219000,7.777300,0.000000,6.183702,0.000000,0.000000
20260718-165917-978,6,3,17.401000,8.342700,16.219000,7.777300,0.000000,6.183702,-1.000000,0.000000
20260718-165917-978,6,4,17.401000,8.342700,16.219000,7.777300,-0.100000,6.183702,-1.000000,3.141593
20260718-165917-978,6,5,17.391049,8.343693,16.209050,7.778293,-0.200000,6.183702,-1.000000,3.141593
20260718-165917-978,6,6,17.371148,8.345679,16.189148,7.780280,-0.300000,6.183702,-1.000000,3.141593
20260718-165917-978,6,7,17.341296,8.348659,16.159297,7.783259,-0.400000,6.183702,-0.999942,3.141593
20260718-165917-978,6,8,17.301494,8.352632,16.119495,7.787232,-0.499994,6.183702,-0.999963,3.082269
20260718-165917-978,6,9,17.250348,8.360204,16.071088,7.789112,-0.599991,6.188522,-0.999953,3.083973
20260718-165917-978,6,10,17.188973,8.368848,16.012939,7.791140,-0.699986,6.194141,-0.999943,3.085678
20260718-165917-978,6,11,17.117363,8.378363,15.945028,7.793187,-0.799980,6.200501,-0.999933,3.087382
20260718-165917-978,6,12,17.035515,8.388532,15.867333,7.795109,-0.899973,6.207548,-0.949929,3.089087
20260718-165917-978,6,13,16.943427,8.399119,15.779836,7.796744,-0.994966,6.215226,0.000000,3.090706
20260718-165917-978,6,14,16.841607,8.409835,15.683011,7.797908,-0.994966,6.223453,-0.000000,3.090706
20260718-165917-978,6,15,16.739703,8.419713,15.586179,7.798276,-0.994966,6.231679,0.999925,3.090706
20260718-165917-978,6,16,16.637720,8.428752,15.489348,7.797847,-0.894974,6.239905,0.999934,3.089002
20260718-165917-978,6,17,16.545848,8.436322,15.402334,7.796653,-0.794980,6.247553,0.999943,3.087297
20260718-165917-978,6,18,16.464123,8.442599,15.325124,7.794926,-0.694986,6.254567,0.999954,3.085593
20260718-165917-978,6,19,16.392581,8.447744,15.257701,7.792879,-0.594991,6.260892,0.999964,3.083888
20260718-165917-978,6,20,16.331253,8.451899,15.200045,7.790713,-0.494994,6.266472,0.999974,3.082184
20260718-165917-978,6,21,16.280170,8.455190,15.152135,7.788604,-0.394997,6.271251,0.999983,3.080479
20260718-165917-978,6,22,16.239359,8.457717,15.113948,7.786710,-0.294999,6.275175,0.999991,3.078775
20260718-165917-978,6,23,16.208847,8.459558,15.085462,7.785164,-0.195000,6.278187,0.999996,3.077070
20260718-165917-978,6,24,16.188656,8.460763,15.066653,7.784073,-0.095000,6.280233,1.000000,3.075366
20260718-165917-978,6,25,16.178810,8.461355,15.057499,7.783518,0.005000,6.281255,0.999999,-0.067761
20260718-165917-978,6,26,16.179328,8.461323,15.057981,7.783548,0.105000,6.281200,0.999996,-0.066057
20260718-165917-978,6,27,16.190210,8.460658,15.068099,7.784148,0.205000,6.280073,1.000002,-0.064352
20260718-165917-978,6,28,16.211434,8.459346,15.087874,7.785244,0.305000,6.277928,0.999997,0.025443
20260718-165917-978,6,29,16.241508,8.459932,15.118799,7.784414,0.404999,6.279188,0.999996,0.024750
20260718-165917-978,6,30,16.281458,8.460749,15.159850,7.783405,0.504999,6.280816,0.999994,0.024058
20260718-165917-978,6,31,16.331289,8.461835,15.211019,7.782280,0.604998,6.282788,0.996790,0.023366
20260718-165917-978,6,32,16.391007,8.463235,15.272300,7.781110,0.704677,6.285084,0.998725,0.258520
20260718-165917-978,6,33,16.450899,8.482263,15.353335,7.766614,0.804550,6.315334,0.998518,0.250651
20260718-165917-978,6,34,16.518956,8.505687,15.445933,7.753742,0.904402,6.348775,0.998334,0.242780
20260718-165917-978,6,35,16.594963,8.534153,15.549985,7.743697,1.004235,6.385136,0.980672,0.234908
20260718-165917-978,6,36,16.678652,8.568353,15.665302,7.737737,1.102302,6.424153,0.994604,0.372349
20260718-165917-978,6,37,16.756465,8.625850,15.803594,7.726496,1.201763,6.494043,0.994410,0.359484
20260718-165917-978,6,38,16.837913,8.693326,15.953481,7.726588,1.301204,6.567361,0.994335,0.346606
20260718-165917-978,6,39,16.921896,8.771655,16.113724,7.740317,1.400637,6.643656,0.994383,0.333715
20260718-165917-978,6,40,17.007195,8.861629,16.282744,7.769854,1.500075,6.722483,0.994557,0.320811
20260718-165917-978,6,41,17.092476,8.963930,16.458645,7.817170,1.599531,6.803401,0.994858,0.307893
20260718-165917-978,6,42,17.176316,9.079110,16.639230,7.883979,1.699017,6.885976,0.995281,0.294963
20260718-165917-978,6,43,17.257223,9.207571,16.822056,7.971679,1.798545,6.969776,0.995822,0.282020
20260718-165917-978,6,44,17.333665,9.349552,17.004482,8.081310,1.898127,7.054372,0.846957,0.269066
20260718-165917-978,6,45,17.404098,9.505123,17.183735,8.213520,1.982823,7.139342,0.000000,0.258047
20260718-165917-978,6,46,17.466091,9.672978,17.356121,8.367334,1.982823,7.224298,-0.000000,0.258047
20260718-165917-978,6,47,17.513617,9.845488,17.514832,8.535221,1.982823,7.309254,0.040109,0.258047
20260718-165917-978,6,48,17.546333,10.021408,17.658726,8.715970,1.986834,7.394210,-0.000000,0.173166
20260718-165917-978,6,49,17.587726,10.200231,17.773550,8.903208,1.986834,7.450628,-0.000000,0.173166
20260718-165917-978,6,50,17.618969,10.381103,17.877634,9.096622,1.986834,7.507046,0.000000,0.173166
20260718-165917-978,6,51,17.639963,10.563450,17.970646,9.295598,1.986834,7.563464,0.018613,0.173166
20260718-165917-978,6,52,17.650642,10.746690,18.052290,9.499502,1.988695,7.619881,0.000000,0.111712
20260718-165917-978,6,53,17.667317,10.934126,18.113860,9.702298,1.988695,7.656097,-0.000000,0.111712
20260718-165917-978,6,54,17.677194,11.122043,18.168047,9.907192,1.988695,7.692313,0.000000,0.111712
20260718-165917-978,6,55,17.680261,11.310194,18.214779,10.113912,1.988695,7.728529,-0.000000,0.111712
20260718-165917-978,6,56,17.676513,11.498333,18.253996,10.322190,1.988695,7.764746,0.000000,0.111712
20260718-165917-978,6,57,17.665956,11.686213,18.285646,10.531751,1.988695,7.800962,0.000000,0.111712
20260718-165917-978,6,58,17.648602,11.873588,18.309687,10.742320,1.988695,7.837178,-0.000000,0.111712
20260718-165917-978,6,59,17.624476,12.060211,18.326088,10.953622,1.988695,7.873394,0.003146,0.111712
20260718-165917-978,6,60,17.593608,12.245839,18.334827,11.165379,1.989010,7.909610,0.000000,0.097398
20260718-165917-978,6,61,17.559425,12.432124,18.334357,11.375582,1.989010,7.941158,0.000000,0.097398
20260718-165917-978,6,62,17.519384,12.617238,18.327257,11.585666,1.989010,7.972707,-0.000000,0.097398
20260718-165917-978,6,63,17.473523,12.800997,18.313534,11.795422,1.989010,8.004256,0.002624,0.097398
20260718-165917-978,6,64,17.421889,12.983218,18.293201,12.004640,1.989272,8.035804,0.000000,0.083559
20260718-165917-978,6,65,17.367552,13.165932,18.265010,12.211275,1.989272,8.062852,0.000000,0.083559
20260718-165917-978,6,66,17.308294,13.347110,18.231241,12.417073,1.989272,8.089899,-0.000000,0.083559
20260718-165917-978,6,67,17.244158,13.526619,18.191920,12.621882,1.989272,8.116946,0.002142,0.083559
20260718-165917-978,6,68,17.175191,13.704328,18.147073,12.825553,1.989486,8.143993,-0.000000,0.070236
20260718-165917-978,6,69,17.104110,13.882522,18.095706,13.026055,1.989486,8.166714,-0.000000,0.070236
20260718-165917-978,6,70,17.028998,14.059055,18.039797,13.225337,1.989486,8.189435,0.000000,0.070236
20260718-165917-978,6,71,16.949896,14.233837,17.979375,13.423298,1.989486,8.212157,-0.007912,0.070236
20260718-165917-978,6,72,16.866842,14.406775,17.914471,13.619836,1.988695,8.234878,-0.000000,-0.111712
20260718-165917-978,6,73,16.814191,14.612779,17.832639,13.788423,1.988695,8.198662,-0.000000,-0.111712
20260718-165917-978,6,74,16.769034,14.820554,17.756966,13.959862,1.988695,8.162446,0.000000,-0.111712
20260718-165917-978,6,75,16.731429,15.029828,17.687549,14.133930,1.988695,8.126230,0.000000,-0.111712
20260718-165917-978,6,76,16.701427,15.240327,17.624481,14.310396,1.988695,8.090014,0.000000,-0.111712
20260718-165917-978,6,77,16.679065,15.451773,17.567843,14.489031,1.988695,8.053798,0.000000,-0.111712
20260718-165917-978,6,78,16.664375,15.663891,17.517711,14.669599,1.988695,8.017582,-0.000000,-0.111712
20260718-165917-978,6,79,16.657375,15.876402,17.474150,14.851863,1.988695,7.981366,-0.000000,-0.111712
20260718-165917-978,6,80,16.658073,16.089026,17.437216,15.035586,1.988695,7.945150,0.000000,-0.111712
20260718-165917-978,6,81,16.666470,16.301486,17.406959,15.220525,1.988695,7.908934,0.000000,-0.111712
20260718-165917-978,6,82,16.682555,16.513503,17.383418,15.406439,1.988695,7.872718,0.000000,-0.111712
20260718-165917-978,6,83,16.706305,16.724798,17.366625,15.593083,1.988695,7.836502,-0.003708,-0.111712
20260718-165917-978,6,84,16.737691,16.935094,17.356600,15.780213,1.988324,7.800286,0.000000,-0.126471
20260718-165917-978,6,85,16.780468,17.145412,17.351472,15.966110,1.988324,7.759244,-0.000000,-0.126471
20260718-165917-978,6,86,16.831839,17.353798,17.353975,16.152061,1.988324,7.718203,-0.000000,-0.126471
20260718-165917-978,6,87,16.891716,17.559901,17.364106,16.337752,1.988324,7.677161,-0.021274,-0.126471
20260718-165917-978,6,88,16.960000,17.763374,17.381847,16.522872,1.986197,7.636120,-0.000000,-0.189474
20260718-165917-978,6,89,17.053668,17.966489,17.398052,16.702290,1.986197,7.574285,0.000000,-0.189474
20260718-165917-978,6,90,17.159709,18.163428,17.425313,16.880364,1.986197,7.512451,0.000000,-0.189474
20260718-165917-978,6,91,17.277717,18.353438,17.463526,17.056412,1.986197,7.450616,-0.007146,-0.189474
20260718-165917-978,6,92,17.407241,18.535792,17.512545,17.229763,1.985482,7.388782,0.000000,-0.206127
20260718-165917-978,6,93,17.552384,18.709292,17.569495,17.399137,1.985482,7.321386,-0.000000,-0.206127
20260718-165917-978,6,94,17.708882,18.872624,17.637722,17.564291,1.985482,7.253990,0.000000,-0.206127
20260718-165917-978,6,95,17.876024,19.025046,17.716917,17.724475,1.985482,7.186595,-0.007970,-0.206127
20260718-165917-978,6,96,18.053052,19.165865,17.806719,17.878962,1.984685,7.119199,0.000000,-0.223114
20260718-165917-978,6,97,18.243561,19.292666,17.903895,18.027191,1.984685,7.046097,0.000000,-0.223114
20260718-165917-978,6,98,18.442822,19.405214,18.011637,18.167927,1.984685,6.972995,-0.000000,-0.223114
20260718-165917-978,6,99,18.649772,19.502908,18.129371,18.300417,1.984685,6.899894,-0.000000,-0.223114
20260718-165917-978,6,100,18.863304,19.585226,18.256467,18.423955,1.984685,6.826792,0.000000,-0.223114
20260718-165917-978,6,101,19.082278,19.651728,18.392246,18.537881,1.984685,6.753690,0.000000,-0.223114
20260718-165917-978,6,102,19.305524,19.702060,18.535983,18.641585,1.984685,6.680588,0.000000,-0.223114
20260718-165917-978,6,103,19.531850,19.735952,18.686911,18.734514,1.984685,6.607486,0.045869,-0.223114
20260718-165917-978,6,104,19.760047,19.753223,18.844223,18.816172,1.989272,6.534385,-0.000000,-0.083559
20260718-165917-978,6,105,19.966572,19.784902,19.025741,18.872960,1.989272,6.507338,0.000000,-0.083559
20260718-165917-978,6,106,20.173878,19.810984,19.208729,18.924819,1.989272,6.480290,-0.000000,-0.083559
20260718-165917-978,6,107,20.381813,19.831450,19.393052,18.971711,1.989272,6.453243,-0.000000,-0.083559
20260718-165917-978,6,108,20.590226,19.846285,19.578576,19.013600,1.989272,6.426196,0.000000,-0.083559
20260718-165917-978,6,109,20.798964,19.855479,19.765165,19.050457,1.989272,6.399149,-0.000000,-0.083559
20260718-165917-978,6,110,21.007874,19.859024,19.952683,19.082254,1.989272,6.372102,0.000000,-0.083559
20260718-165917-978,6,111,21.216804,19.856918,20.140992,19.108969,1.989272,6.345055,0.006713,-0.083559
20260718-165917-978,6,112,21.425600,19.849162,20.329954,19.130581,1.989943,6.318008,-0.000000,-0.023339
20260718-165917-978,6,113,21.627220,19.850449,20.526186,19.140150,1.989943,6.310467,-0.000000,-0.023339
20260718-165917-978,6,114,21.828844,19.850216,20.722485,19.148240,1.989943,6.302926,0.000000,-0.023339
20260718-165917-978,6,115,22.030460,19.848462,20.918839,19.154849,1.989943,6.295385,-0.000000,-0.023339
20260718-165917-978,6,116,22.232057,19.845188,21.115238,19.159978,1.989943,6.287844,-0.000000,-0.023339
20260718-165917-978,6,117,22.433624,19.840394,21.311669,19.163625,1.989943,6.280303,-0.000000,-0.023339
20260718-165917-978,6,118,22.635149,19.834080,21.508122,19.165790,1.989943,6.272762,0.000000,-0.023339
20260718-165917-978,6,119,22.836621,19.826246,21.704587,19.166475,1.989943,6.265221,-0.000000,-0.023339
20260718-165917-978,6,120,23.038028,19.816894,21.901050,19.165677,1.989943,6.257680,0.000000,-0.023339
20260718-165917-978,6,121,23.239358,19.806023,22.097502,19.163399,1.989943,6.250139,-0.000000,-0.023339
20260718-165917-978,6,122,23.440601,19.793634,22.293932,19.159639,1.989943,6.242598,-0.000000,-0.023339
20260718-165917-978,6,123,23.641745,19.779727,22.490327,19.154397,1.989943,6.235057,-0.004571,-0.023339
20260718-165917-978,6,124,23.842778,19.764305,22.686678,19.147675,1.989486,6.227516,0.000000,-0.070236
20260718-165917-978,6,125,24.048022,19.735509,22.878211,19.145304,1.989486,6.204795,0.000000,-0.070236
20260718-165917-978,6,126,24.252559,19.702057,23.069641,19.138582,1.989486,6.182074,-0.000000,-0.070236
20260718-165917-978,6,127,24.456284,19.663967,23.260869,19.127512,1.989486,6.159352,-0.000000,-0.070236
20260718-165917-978,6,128,24.659090,19.621258,23.451796,19.112101,1.989486,6.136631,0.000000,-0.070236
20260718-165917-978,6,129,24.860874,19.573953,23.642324,19.092356,1.989486,6.113910,-0.000000,-0.070236
20260718-165917-978,6,130,25.061531,19.522075,23.832354,19.068288,1.989486,6.091189,0.000000,-0.070236
20260718-165917-978,6,131,25.260957,19.465652,24.021788,19.039908,1.989486,6.068467,-0.000000,-0.070236
20260718-165917-978,6,132,25.459051,19.404713,24.210528,19.007232,1.989486,6.045746,0.000000,-0.070236
20260718-165917-978,6,133,25.655708,19.339289,24.398477,18.970276,1.989486,6.023025,0.000000,-0.070236
20260718-165917-978,6,134,25.850828,19.269414,24.585538,18.929059,1.989486,6.000303,0.000000,-0.070236
20260718-165917-978,6,135,26.044311,19.195124,24.771615,18.883604,1.989486,5.977582,0.002999,-0.070236
20260718-165917-978,6,136,26.236056,19.116457,24.956610,18.833932,1.989786,5.954861,-0.000000,0.045345
20260718-165917-978,6,137,26.423207,19.064417,25.148040,18.763170,1.989786,5.969518,0.000000,0.045345
20260718-165917-978,6,138,26.611101,19.015125,25.340486,18.695221,1.989786,5.984175,-0.000000,0.045345
20260718-165917-978,6,139,26.799697,18.968592,25.533908,18.630100,1.989786,5.998832,0.000000,0.045345
20260718-165917-978,6,140,26.988955,18.924829,25.728263,18.567821,1.989786,6.013489,0.000000,0.045345
20260718-165917-978,6,141,27.178834,18.883844,25.923510,18.508397,1.989786,6.028147,-0.000000,0.045345
20260718-165917-978,6,142,27.369294,18.845647,26.119607,18.451841,1.989786,6.042804,0.000000,0.045345
20260718-165917-978,6,143,27.560292,18.810245,26.316512,18.398165,1.989786,6.057461,0.000000,0.045345
20260718-165917-978,6,144,27.751789,18.777647,26.514182,18.347382,1.989786,6.072118,-0.000000,0.045345
20260718-165917-978,6,145,27.943744,18.747859,26.712576,18.299500,1.989786,6.086775,0.000000,0.045345
20260718-165917-978,6,146,28.136114,18.720887,26.911650,18.254532,1.989786,6.101432,-0.000000,0.045345
20260718-165917-978,6,147,28.328859,18.696738,27.111361,18.212486,1.989786,6.116090,0.001940,0.045345
20260718-165917-978,6,148,28.521937,18.675416,27.311668,18.173372,1.989980,6.130747,0.000000,0.013777
20260718-165917-978,6,149,28.717639,18.648765,27.509616,18.141339,1.989980,6.135198,0.000000,0.013777
20260718-165917-978,6,150,28.913457,18.622985,27.707705,18.110187,1.989980,6.139649,-0.000000,0.013777
20260718-165917-978,6,151,29.109388,18.598077,27.905930,18.079917,1.989980,6.144100,0.000000,0.013777
20260718-165917-978,6,152,29.305428,18.574041,28.104288,18.050530,1.989980,6.148551,0.000000,0.013777
20260718-165917-978,6,153,29.501573,18.550878,28.302776,18.022026,1.989980,6.153002,0.000000,0.013777
20260718-165917-978,6,154,29.697819,18.528588,28.501388,17.994406,1.989980,6.157453,-0.000000,0.013777
20260718-165917-978,6,155,29.894163,18.507173,28.700121,17.967670,1.989980,6.161904,-0.000000,0.013777
20260718-165917-978,6,156,30.090600,18.486631,28.898971,17.941819,1.989980,6.166355,0.000000,0.013777
20260718-165917-978,6,157,30.287126,18.466964,29.097934,17.916853,1.989980,6.170806,-0.000000,0.013777
20260718-165917-978,6,158,30.483738,18.448171,29.297006,17.892773,1.989980,6.175257,0.000000,0.013777
20260718-165917-978,6,159,30.680432,18.430254,29.496183,17.869580,1.989980,6.179708,0.000197,0.013777
20260718-165917-978,6,160,30.877203,18.413213,29.695462,17.847273,1.990000,6.184159,0.000000,0.000000
20260718-165917-978,6,161,31.075228,18.393539,29.893487,17.827599,1.990000,6.184159,0.000000,0.000000
20260718-165917-978,6,162,31.273253,18.373865,30.091512,17.807925,1.990000,6.184159,0.000000,0.000000
20260718-165917-978,6,163,31.471278,18.354191,30.289537,17.788251,1.990000,6.184159,0.000000,0.000000
20260718-165917-978,6,164,31.669303,18.334517,30.487562,17.768577,1.990000,6.184159,0.000000,0.000000
20260718-165917-978,6,165,31.867328,18.314842,30.685587,17.748902,1.990000,6.184159,0.000000,0.000000
20260718-165917-978,6,166,32.065354,18.295168,30.883612,17.729228,1.990000,6.184159,0.000000,0.000000
20260718-165917-978,6,167,32.263379,18.275494,31.081638,17.709554,1.990000,6.184159,0.000000,0.000000
20260718-165917-978,6,168,32.461404,18.255820,31.279663,17.689880,1.990000,6.184159,-0.000000,0.000000
20260718-165917-978,6,169,32.659429,18.236146,31.477688,17.670206,1.990000,6.184159,0.000000,0.000000
20260718-165917-978,6,170,32.857454,18.216472,31.675713,17.650532,1.990000,6.184159,0.000000,0.000000
20260718-165917-978,6,171,33.055479,18.196798,31.873738,17.630858,1.990000,6.184159,0.000000,0.000000
20260718-165917-978,6,172,33.253504,18.177124,32.071763,17.611184,1.990000,6.184159,0.000000,0.000000
20260718-165917-978,6,173,33.451529,18.157450,32.269788,17.591510,1.990000,6.184159,0.000000,0.000000
20260718-165917-978,6,174,33.649554,18.137775,32.467813,17.571836,1.990000,6.184159,0.000000,0.000000
20260718-165917-978,6,175,33.847579,18.118101,32.665838,17.552161,1.990000,6.184159,-1.000000,0.000000
20260718-165917-978,6,176,34.045604,18.098427,32.863863,17.532487,1.890000,6.184159,-1.000000,0.000000
20260718-165917-978,6,177,34.233678,18.079742,33.051937,17.513802,1.790000,6.184159,-1.000000,0.000000
20260718-165917-978,6,178,34.411801,18.062045,33.230060,17.496105,1.690000,6.184159,-1.000000,0.000000
20260718-165917-978,6,179,34.579973,18.045337,33.398232,17.479397,1.590000,6.184159,-1.000000,0.000000
20260718-165917-978,6,180,34.738195,18.029617,33.556453,17.463677,1.490000,6.184159,-1.000000,0.000000
20260718-165917-978,6,181,34.886465,18.014887,33.704723,17.448947,1.390000,6.184159,-1.000000,0.000000
20260718-165917-978,6,182,35.024784,18.001144,33.843042,17.435204,1.290000,6.184159,-1.000000,0.000000
20260718-165917-978,6,183,35.153152,17.988391,33.971411,17.422451,1.190000,6.184159,-1.004565,0.000000
20260718-165917-978,6,184,35.271569,17.976626,34.089828,17.410686,1.089543,6.184159,-0.999101,0.162197
20260718-165917-978,6,185,35.371865,17.985973,34.206996,17.386072,0.989633,6.213101,-0.999182,0.167801
20260718-165917-978,6,186,35.462396,17.997468,34.314283,17.366092,0.889715,6.240315,-0.999278,0.173405
20260718-165917-978,6,187,35.543213,18.010325,34.411439,17.350108,0.789787,6.265615,-0.000000,0.179007
20260718-165917-978,6,188,35.614402,18.023808,34.498247,17.337514,0.789787,6.288814,-0.000000,0.179007
20260718-165917-978,6,189,35.685259,18.038938,34.585325,17.326938,0.789787,6.312014,0.000000,0.179007
20260718-165917-978,6,190,35.755746,18.055709,34.672624,17.318384,0.789787,6.335213,-0.000000,0.179007
20260718-165917-978,6,191,35.825825,18.074109,34.760098,17.311858,0.789787,6.358412,-0.000000,0.179007
20260718-165917-978,6,192,35.895458,18.094131,34.847700,17.307363,0.789787,6.381611,-0.000000,0.179007
20260718-165917-978,6,193,35.964608,18.115762,34.935383,17.304901,0.789787,6.404811,0.000000,0.179007
20260718-165917-978,6,194,36.033237,18.138992,35.023099,17.304474,0.789787,6.428010,0.000000,0.179007
20260718-165917-978,6,195,36.101310,18.163807,35.110802,17.306081,0.789787,6.451209,0.000000,0.179007
20260718-165917-978,6,196,36.168788,18.190195,35.198444,17.309723,0.789787,6.474408,-0.000000,0.179007
20260718-165917-978,6,197,36.235636,18.218141,35.285977,17.315397,0.789787,6.497608,0.000000,0.179007
20260718-165917-978,6,198,36.301818,18.247630,35.373356,17.323099,0.789787,6.520807,-0.000000,0.179007
20260718-165917-978,6,199,36.367298,18.278647,35.460532,17.332827,0.789787,6.544006,-0.003131,0.179007
20260718-165917-978,6,200,36.432041,18.311174,35.547459,17.344574,0.789474,6.567205,-0.000000,0.277330
20260718-165917-978,6,201,36.489095,18.351874,35.640359,17.353652,0.789474,6.603689,-0.000000,0.277330
20260718-165917-978,6,202,36.544627,18.394627,35.732866,17.366112,0.789474,6.640172,-0.000000,0.277330
20260718-165917-978,6,203,36.598562,18.439378,35.824857,17.381937,0.789474,6.676655,0.000961,0.277330
20260718-165917-978,6,204,36.650830,18.486066,35.916209,17.401108,0.789570,6.713138,-0.000000,0.251831
20260718-165917-978,6,205,36.703428,18.533161,36.004981,17.424571,0.789570,6.746117,0.000000,0.251831
20260718-165917-978,6,206,36.754444,18.581966,36.092931,17.450948,0.789570,6.779096,-0.000000,0.251831
20260718-165917-978,6,207,36.803824,18.632426,36.179964,17.480211,0.789570,6.812076,0.000835,0.251831
20260718-165917-978,6,208,36.851513,18.684487,36.265984,17.512328,0.789654,6.845055,0.000000,0.226922
20260718-165917-978,6,209,36.899620,18.736943,36.349037,17.547969,0.789654,6.874654,-0.000000,0.226922
20260718-165917-978,6,210,36.946153,18.790800,36.430998,17.586053,0.789654,6.904253,0.000000,0.226922
20260718-165917-978,6,211,36.991071,18.846011,36.511797,17.626545,0.789654,6.933852,-0.996540,0.226922
20260718-165917-978,6,212,37.034337,18.902527,36.591362,17.669411,0.690000,6.963451,-1.000000,0.000000
20260718-165917-978,6,213,37.087978,18.945928,36.645003,17.712812,0.590000,6.963451,-1.000000,0.000000
20260718-165917-978,6,214,37.133845,18.983039,36.690870,17.749923,0.490000,6.963451,-1.000000,0.000000
20260718-165917-978,6,215,37.171938,19.013860,36.728963,17.780744,0.390000,6.963451,-1.000000,0.000000
20260718-165917-978,6,216,37.202256,19.038391,36.759281,17.805275,0.290000,6.963451,-1.000000,0.000000
20260718-165917-978,6,217,37.224801,19.056632,36.781826,17.823516,0.190000,6.963451,-1.000000,0.000000
20260718-165917-978,6,218,37.239572,19.068583,36.796597,17.835467,0.090000,6.963451,-0.900000,0.000000
20260718-165917-978,6,219,37.246568,19.074244,36.803594,17.841128,0.000000,6.963451,-0.999954,0.000000
20260718-165917-978,6,220,37.246568,19.074244,36.803594,17.841128,-0.099995,6.963451,-0.999697,2.605607
20260718-165917-978,6,221,37.232900,19.069986,36.801836,17.832657,-0.199965,6.973093,-0.999245,2.619366
20260718-165917-978,6,222,37.206120,19.060889,36.798245,17.815723,-0.299890,6.991775,-0.998653,2.633098
20260718-165917-978,6,223,37.166912,19.046059,36.792972,17.790285,-0.399755,7.018911,-0.997973,2.646812
20260718-165917-978,6,224,37.116121,19.024353,36.786371,17.756258,-0.499552,7.053925,-0.997249,2.660514
20260718-165917-978,6,225,37.054779,18.994442,36.778987,17.713529,-0.599277,7.096255,-0.996520,2.674210
20260718-165917-978,6,226,36.984132,18.954883,36.771538,17.661978,-0.698929,7.145353,-0.995819,2.687906
20260718-165917-978,6,227,36.905676,18.904186,36.764901,17.601503,-0.798511,7.200679,-0.950405,2.701605
20260718-165917-978,6,228,36.821161,18.840893,36.760094,17.532049,-0.893551,7.261703,0.995202,2.714694
20260718-165917-978,6,229,36.732962,18.764050,36.758326,17.454029,-0.794031,7.327686,0.995850,2.700988
20260718-165917-978,6,230,36.657490,18.690985,36.762380,17.384923,-0.694446,7.388465,0.996552,2.687289
20260718-165917-978,6,231,36.593881,18.623337,36.770484,17.325026,-0.594791,7.443522,0.997282,2.673594
20260718-165917-978,6,232,36.541247,18.562558,36.780978,17.274409,-0.495063,7.492327,0.998004,2.659898
20260718-165917-978,6,233,36.498731,18.509915,36.792354,17.232971,-0.395262,7.534340,0.998682,2.646195
20260718-165917-978,6,234,36.465568,18.466487,36.803280,17.200489,-0.295394,7.569011,0.999268,2.632480
20260718-165917-978,6,235,36.441142,18.433171,36.812615,17.176665,-0.195467,7.595779,0.999714,2.618747
20260718-165917-978,6,236,36.425038,18.410679,36.819428,17.161177,-0.095496,7.614067,0.954959,2.604987
20260718-165917-978,6,237,36.417102,18.399537,36.822997,17.153725,0.000000,7.623289,0.999954,0.000000
20260718-165917-978,6,238,36.417102,18.399537,36.822997,17.153725,0.099995,7.623289,0.999697,0.535986
20260718-165917-978,6,239,36.413298,18.407308,36.831186,17.165467,0.199965,7.632931,0.999245,0.522227
20260718-165917-978,6,240,36.405754,18.422888,36.846769,17.189071,0.299890,7.651613,0.998653,0.508495
20260718-165917-978,6,241,36.394328,18.446219,36.868656,17.224821,0.399755,7.678749,0.997973,0.494781
20260718-165917-978,6,242,36.378685,18.477150,36.895480,17.273105,0.499552,7.713763,0.997249,0.481079
20260718-165917-978,6,243,36.358326,18.515436,36.925611,17.334340,0.599277,7.756093,0.493247,0.467382
20260718-165917-978,6,244,36.332612,18.560732,36.957179,17.408901,0.648602,7.805191,-0.996886,0.460605
20260718-165917-978,6,245,36.302738,18.608587,36.986604,17.490943,0.548913,7.857437,-0.997617,0.474300
20260718-165917-978,6,246,36.274837,18.647247,37.009099,17.562047,0.449151,7.903185,-4.491513,0.487999
20260718-165917-978,6,247,36.250170,18.677410,37.025874,17.621435,0.000000,7.941889,0.000000,0.000000
