run,vid,instante,x1,y1,x2,y2,v,theta,a,giro
# run=20260718-163608-164 opt=secuencial condiciones_iniciales=[{'id': 1, 'inicio': (16.72, 12.85), 'giro_inicial': 245.5, 'meta': (31.45, 18.74), 'angulo_llegada': 33.8, 'largo': 0.94, 'ancho': 0.5, 'v_max': 2.04, 'v_inicial': 0.0, 'a_max': 0.85, 'giro_max': 31.5, 'grupo': 1, 'prioridad': 3}, {'id': 2, 'inicio': (25.03, 6.46), 'giro_inicial': 154.7, 'meta': (31.52, 3.08), 'angulo_llegada': 313.4, 'largo': 1.15, 'ancho': 0.69, 'v_max': 2.34, 'v_inicial': 0.0, 'a_max': 0.91, 'giro_max': 32.6, 'grupo': 1, 'prioridad': 3}, {'id': 3, 'inicio': (10.2, 7.97), 'giro_inicial': 13.6, 'meta': (24.0, 6.2), 'angulo_llegada': 266.1, 'largo': 0.91, 'ancho': 0.49, 'v_max': 2.2, 'v_inicial': 0.0, 'a_max': 0.61, 'giro_max': 39.4, 'grupo': 1, 'prioridad': 3}, {'id': 4, 'inicio': (29.93, 19.87), 'giro_inicial': 189.5, 'meta': (21.68, 17.38), 'angulo_llegada': 66.7, 'largo': 0.92, 'ancho': 0.56, 'v_max': 1.98, 'v_inicial': 0.0, 'a_max': 0.88, 'giro_max': 29.6, 'grupo': 1, 'prioridad': 1}, {'id': 5, 'inicio': (9.38, 9.9), 'giro_inicial': 274.9, 'meta': (17.12, 16.71), 'angulo_llegada': 83.5, 'largo': 0.71, 'ancho': 0.39, 'v_max': 2.78, 'v_inicial': 0.0, 'a_max': 0.86, 'giro_max': 34.4, 'grupo': 1, 'prioridad': 2}, {'id': 6, 'inicio': (31.04, 17.39), 'giro_inicial': 358.2, 'meta': (17.55, 19.32), 'angulo_llegada': 50.2, 'largo': 1.0, 'ancho': 0.53, 'v_max': 1.81, 'v_inicial': 0.0, 'a_max': 0.63, 'giro_max': 28.0, 'grupo': 2, 'prioridad': 1}]
20260718-163608-164,1,0,16.752584,12.318645,16.687416,13.381355,-0.085000,4.284783,-0.850000,3.141593
20260718-163608-164,1,1,16.756109,12.326380,16.690940,13.389090,-0.170000,4.284783,-0.850000,3.141593
20260718-163608-164,1,2,16.763159,12.341849,16.697990,13.404559,-0.255000,4.284783,-0.850000,3.141593
20260718-163608-164,1,3,16.773734,12.365053,16.708565,13.427763,-0.340000,4.284783,-0.850000,3.141593
20260718-163608-164,1,4,16.787833,12.395992,16.722664,13.458702,-0.425000,4.284783,-0.850000,3.141593
20260718-163608-164,1,5,16.805458,12.434665,16.740289,13.497375,-0.510000,4.284783,-0.850000,3.141593
20260718-163608-164,1,6,16.826607,12.481073,16.761438,13.543783,-0.595000,4.284783,-0.850000,3.141593
20260718-163608-164,1,7,16.851281,12.535216,16.786112,13.597926,-0.680000,4.284783,-0.838021,3.141593
20260718-163608-164,1,8,16.879481,12.597093,16.814312,13.659803,-0.763802,4.284783,-0.846452,-2.779451
20260718-163608-164,1,9,16.885274,12.663831,16.879656,13.728522,-0.848447,4.228813,-0.846024,-2.788650
20260718-163608-164,1,10,16.897101,12.737362,16.955818,13.800448,-0.933050,4.168360,-0.845640,-2.797853
20260718-163608-164,1,11,16.916306,12.817076,17.043529,13.874155,-1.017614,4.103760,-0.000000,-2.807061
20260718-163608-164,1,12,16.944224,12.902163,17.143416,13.948071,-1.017614,4.035342,-0.000000,-2.807061
20260718-163608-164,1,13,16.977894,12.985142,17.248122,14.014985,-1.017614,3.966925,0.000000,-2.807061
20260718-163608-164,1,14,17.017158,13.065625,17.357158,14.074585,-1.017614,3.898507,-0.000000,-2.807061
20260718-163608-164,1,15,17.061832,13.143236,17.470013,14.126592,-1.017614,3.830090,0.008854,-2.807061
20260718-163608-164,1,16,17.111707,13.217611,17.586159,14.170761,-1.016728,3.761672,-0.000000,-2.754736
20260718-163608-164,1,17,17.161816,13.290564,17.711027,14.202686,-1.016728,3.681556,0.000000,-2.754736
20260718-163608-164,1,18,17.217602,13.359272,17.838049,14.224515,-1.016728,3.601440,0.000000,-2.754736
20260718-163608-164,1,19,17.278708,13.423296,17.966411,14.236108,-1.016728,3.521324,0.836786,-2.754736
20260718-163608-164,1,20,17.344742,13.482223,18.095289,14.237392,-0.933050,3.441208,0.846024,-2.797853
20260718-163608-164,1,21,17.412079,13.529009,18.209811,14.234150,-0.848447,3.376607,0.846452,-2.788650
20260718-163608-164,1,22,17.475215,13.568513,18.314092,14.224171,-0.763802,3.316154,0.846914,-2.779451
20260718-163608-164,1,23,17.533496,13.601542,18.407737,14.209245,-0.679111,3.260184,0.846400,-2.770255
20260718-163608-164,1,24,17.586377,13.628871,18.490546,14.191081,-0.594471,3.209034,0.848220,-2.789949
20260718-163608-164,1,25,17.634405,13.649690,18.561480,14.173266,-0.509649,3.166847,0.848627,-2.781440
20260718-163608-164,1,26,17.676005,13.666468,18.621873,14.155277,-0.424786,3.129724,0.849012,-2.772928
20260718-163608-164,1,27,17.710946,13.679748,18.671851,14.138292,-0.339885,3.097982,0.848847,-2.764411
20260718-163608-164,1,28,17.739056,13.689971,18.711576,14.123337,-0.255000,3.071939,0.850000,-3.131102
20260718-163608-164,1,29,17.764382,13.688434,18.737125,14.121297,-0.170000,3.071421,0.850000,-3.130868
20260718-163608-164,1,30,17.781263,13.687408,18.754159,14.119928,-0.085000,3.071069,0.850000,-3.130635
20260718-163608-164,1,31,17.789703,13.686895,18.762677,14.119239,0.000000,3.070889,0.850000,0.000000
20260718-163608-164,1,32,17.789703,13.686895,18.762677,14.119239,0.085000,3.070889,0.850000,0.000000
20260718-163608-164,1,33,17.781224,13.687496,18.754198,14.119840,0.170000,3.070889,0.850000,0.000000
20260718-163608-164,1,34,17.764267,13.688697,18.737241,14.121041,0.255000,3.070889,0.850000,0.000000
20260718-163608-164,1,35,17.738830,13.690498,18.711804,14.122842,0.340000,3.070889,0.849770,0.000000
20260718-163608-164,1,36,17.704915,13.692900,18.677889,14.125244,0.424977,3.070889,0.849851,-0.125813
20260718-163608-164,1,37,17.660334,13.701413,18.637750,14.123618,0.509962,3.060492,0.849806,-0.122890
20260718-163608-164,1,38,17.607020,13.712133,18.589507,14.122399,0.594943,3.048309,0.849759,-0.119967
20260718-163608-164,1,39,17.545063,13.725330,18.533147,14.121928,0.679919,3.034437,0.846225,-0.117043
20260718-163608-164,1,40,17.474566,13.741310,18.468665,14.122583,0.764541,3.018973,0.848624,-0.230070
20260718-163608-164,1,41,17.392707,13.770618,18.399412,14.117237,0.849404,2.984337,0.848452,-0.224193
20260718-163608-164,1,42,17.303175,13.806039,18.322156,14.114709,0.934249,2.946874,0.848295,-0.218315
20260718-163608-164,1,43,17.206465,13.848336,18.236998,14.115918,1.019078,2.906784,0.839008,-0.212435
20260718-163608-164,1,44,17.103141,13.898283,18.144117,14.121823,1.102979,2.864269,0.846461,-0.276280
20260718-163608-164,1,45,16.993082,13.966575,18.045667,14.126776,1.187625,2.803780,0.846311,-0.268430
20260718-163608-164,1,46,16.879514,14.046418,17.940114,14.139834,1.272256,2.740592,0.846214,-0.260576
20260718-163608-164,1,47,16.763723,14.138647,17.828166,14.162321,1.356878,2.674977,0.846171,-0.252716
20260718-163608-164,1,48,16.647104,14.243985,17.710707,14.195517,1.441495,2.607202,0.846186,-0.244851
20260718-163608-164,1,49,16.531152,14.363019,17.588801,14.240631,1.526113,2.537535,0.846260,-0.236980
20260718-163608-164,1,50,16.417440,14.496185,17.463684,14.298768,1.610739,2.466242,0.846393,-0.229104
20260718-163608-164,1,51,16.307598,14.643746,17.336752,14.370903,1.695379,2.393588,0.837191,-0.221222
20260718-163608-164,1,52,16.203290,14.805790,17.209542,14.457856,1.779098,2.319837,0.846262,-0.232121
20260718-163608-164,1,53,16.108566,14.986263,17.083219,14.557717,1.863724,2.238493,0.846627,-0.223537
20260718-163608-164,1,54,16.024364,15.181264,16.960666,14.674371,1.948387,2.156541,0.847054,-0.214947
20260718-163608-164,1,55,15.952455,15.390122,16.843931,14.807995,2.033092,2.074264,-0.000000,-0.206351
20260718-163608-164,1,56,15.894500,15.611962,16.735091,14.958504,2.033092,1.991945,0.000000,-0.206351
20260718-163608-164,1,57,15.854983,15.837816,16.638996,15.117453,2.033092,1.909627,0.000000,-0.206351
20260718-163608-164,1,58,15.834170,16.066155,16.556296,15.283765,2.033092,1.827308,-0.000000,-0.206351
20260718-163608-164,1,59,15.832203,16.295432,16.487551,15.456314,2.033092,1.744989,-0.000000,-0.206351
20260718-163608-164,1,60,15.849096,16.524094,16.433227,15.633931,2.033092,1.662670,0.000000,-0.206351
20260718-163608-164,1,61,15.884733,16.750593,16.393691,15.815413,2.033092,1.580351,-0.000000,-0.206351
20260718-163608-164,1,62,15.938873,16.973395,16.369213,15.999532,2.033092,1.498032,0.000000,-0.206351
20260718-163608-164,1,63,16.011151,17.190990,16.359956,16.185040,2.033092,1.415713,-0.025707,-0.206351
20260718-163608-164,1,64,16.101075,17.401905,16.365984,16.370681,2.030521,1.333395,-0.000000,-0.240779
20260718-163608-164,1,65,16.218183,17.605001,16.382567,16.553061,2.030521,1.236957,0.000000,-0.240779
20260718-163608-164,1,66,16.354302,17.795876,16.416633,16.732996,2.030521,1.140520,-0.000000,-0.240779
20260718-163608-164,1,67,16.508168,17.972759,16.467867,16.908815,2.030521,1.044083,-0.031401,-0.240779
20260718-163608-164,1,68,16.678350,18.134004,16.535792,17.078884,2.027381,0.947646,0.000000,-0.276515
20260718-163608-164,1,69,16.873211,18.274235,16.614359,17.241474,2.027381,0.836362,-0.000000,-0.276515
20260718-163608-164,1,70,17.082440,18.391959,16.710496,17.394333,2.027381,0.725078,-0.000000,-0.276515
20260718-163608-164,1,71,17.303449,18.485719,16.823015,17.535570,2.027381,0.613794,-0.000000,-0.276515
20260718-163608-164,1,72,17.533503,18.554355,16.950522,17.663438,2.027381,0.502509,-0.000000,-0.276515
20260718-163608-164,1,73,17.769757,18.597018,17.091441,17.776354,2.027381,0.391225,0.000000,-0.276515
20260718-163608-164,1,74,18.009287,18.613179,17.244029,17.872923,2.027381,0.279941,0.000000,-0.276515
20260718-163608-164,1,75,18.249130,18.602640,17.406397,17.951948,2.027381,0.168657,0.093970,-0.276515
20260718-163608-164,1,76,18.486319,18.565530,17.576536,18.012453,2.036778,0.057372,0.000000,0.141720
20260718-163608-164,1,77,18.672750,18.613770,17.795476,18.010455,2.036778,0.113581,-0.000000,0.141720
20260718-163608-164,1,78,18.856177,18.672407,18.014182,18.020760,2.036778,0.169790,-0.000000,0.141720
20260718-163608-164,1,79,19.036020,18.741256,18.231964,18.043335,2.036778,0.226000,0.021087,0.141720
20260718-163608-164,1,80,19.211711,18.820100,18.448134,18.078110,2.038887,0.282209,-0.000000,0.083574
20260718-163608-164,1,81,19.393196,18.895758,18.654543,18.128952,2.038887,0.315245,0.000000,0.083574
20260718-163608-164,1,82,19.572083,18.977370,18.859160,18.186584,2.038887,0.348281,-0.000000,0.083574
20260718-163608-164,1,83,19.748176,19.064845,19.061762,18.250943,2.038887,0.381317,0.011081,0.083574
20260718-163608-164,1,84,19.921284,19.158089,19.262128,18.321959,2.039995,0.414353,-0.000000,-0.005595
20260718-163608-164,1,85,20.109124,19.239078,19.448124,18.404405,2.039995,0.412145,0.000000,-0.005595
20260718-163608-164,1,86,20.297143,19.319651,19.634301,18.486440,2.039995,0.409937,0.000000,-0.005595
20260718-163608-164,1,87,20.485338,19.399810,19.820659,18.568064,2.039995,0.407729,-0.011081,-0.005595
20260718-163608-164,1,88,20.673711,19.479553,20.007197,18.649276,2.038887,0.405521,-0.000000,-0.083574
20260718-163608-164,1,89,20.877252,19.542561,20.183677,18.734752,2.038887,0.372485,-0.000000,-0.083574
20260718-163608-164,1,90,21.082763,19.598811,20.362885,18.814352,2.038887,0.339449,-0.000000,-0.083574
20260718-163608-164,1,91,21.290020,19.648243,20.544624,18.887990,2.038887,0.306413,-0.004013,-0.083574
20260718-163608-164,1,92,21.498796,19.690803,20.728696,18.955584,2.038486,0.273377,0.000000,-0.097421
20260718-163608-164,1,93,21.711073,19.723164,20.913220,19.018160,2.038486,0.234843,0.000000,-0.097421
20260718-163608-164,1,94,21.924439,19.747324,21.100018,19.073581,2.038486,0.196308,-0.000000,-0.097421
20260718-163608-164,1,95,22.138577,19.763246,21.288812,19.121764,2.038486,0.157774,0.007289,-0.097421
20260718-163608-164,1,96,22.353170,19.770907,21.479323,19.162638,2.039214,0.119240,0.000000,-0.070245
20260718-163608-164,1,97,22.564588,19.777303,21.674198,19.193516,2.039214,0.091487,0.000000,-0.070245
20260718-163608-164,1,98,22.776102,19.777830,21.869856,19.218975,2.039214,0.063735,-0.000000,-0.070245
20260718-163608-164,1,99,22.987549,19.772488,22.066145,19.238995,2.039214,0.035982,0.000000,-0.070245
20260718-163608-164,1,100,23.198766,19.761280,22.262913,19.253561,2.039214,0.008230,-0.000000,-0.070245
20260718-163608-164,1,101,23.409592,19.744216,22.460010,19.262661,2.039214,-0.019522,0.000000,-0.070245
20260718-163608-164,1,102,23.619862,19.721308,22.657284,19.266288,2.039214,-0.047275,-0.000000,-0.070245
20260718-163608-164,1,103,23.829416,19.692574,22.854582,19.264440,2.039214,-0.075027,0.000000,-0.070245
20260718-163608-164,1,104,24.038092,19.658036,23.051753,19.257117,2.039214,-0.102780,-0.000000,-0.070245
20260718-163608-164,1,105,24.245729,19.617721,23.248645,19.244326,2.039214,-0.130532,0.000000,-0.070245
20260718-163608-164,1,106,24.452168,19.571660,23.445106,19.226077,2.039214,-0.158284,-0.000000,-0.070245
20260718-163608-164,1,107,24.657248,19.519888,23.640985,19.202383,2.039214,-0.186037,0.006027,-0.070245
20260718-163608-164,1,108,24.860814,19.462445,23.836132,19.173262,2.039817,-0.213789,-0.000000,-0.033926
20260718-163608-164,1,109,25.061462,19.409624,24.033000,19.134189,2.039817,-0.227180,0.000000,-0.033926
20260718-163608-164,1,110,25.261385,19.354122,24.229327,19.092482,2.039817,-0.240571,0.000000,-0.033926
20260718-163608-164,1,111,25.460548,19.295947,24.425078,19.048151,2.039817,-0.253961,0.001829,-0.033926
20260718-163608-164,1,112,25.658913,19.235111,24.620218,19.001202,2.040000,-0.267352,0.000000,0.000000
20260718-163608-164,1,113,25.855666,19.181219,24.816971,18.947310,2.040000,-0.267352,0.000000,0.000000
20260718-163608-164,1,114,26.052418,19.127327,25.013724,18.893417,2.040000,-0.267352,0.000000,0.000000
20260718-163608-164,1,115,26.249171,19.073434,25.210476,18.839525,2.040000,-0.267352,0.000000,0.000000
20260718-163608-164,1,116,26.445924,19.019542,25.407229,18.785633,2.040000,-0.267352,0.000000,0.000000
20260718-163608-164,1,117,26.642676,18.965649,25.603982,18.731740,2.040000,-0.267352,0.000000,0.000000
20260718-163608-164,1,118,26.839429,18.911757,25.800734,18.677848,2.040000,-0.267352,0.000000,0.000000
20260718-163608-164,1,119,27.036181,18.857865,25.997487,18.623955,2.040000,-0.267352,0.000000,0.000000
20260718-163608-164,1,120,27.232934,18.803972,26.194240,18.570063,2.040000,-0.267352,0.000000,0.000000
20260718-163608-164,1,121,27.429687,18.750080,26.390992,18.516171,2.040000,-0.267352,0.000000,0.000000
20260718-163608-164,1,122,27.626439,18.696187,26.587745,18.462278,2.040000,-0.267352,0.000000,0.000000
20260718-163608-164,1,123,27.823192,18.642295,26.784498,18.408386,2.040000,-0.267352,0.000000,0.000000
20260718-163608-164,1,124,28.019945,18.588403,26.981250,18.354493,2.040000,-0.267352,0.000000,0.000000
20260718-163608-164,1,125,28.216697,18.534510,27.178003,18.300601,2.040000,-0.267352,0.000000,0.000000
20260718-163608-164,1,126,28.413450,18.480618,27.374756,18.246709,2.040000,-0.267352,0.000000,0.000000
20260718-163608-164,1,127,28.610203,18.426725,27.571508,18.192816,2.040000,-0.267352,-0.011131,0.000000
20260718-163608-164,1,128,28.806955,18.372833,27.768261,18.138924,2.038887,-0.267352,0.000000,0.083574
20260718-163608-164,1,129,29.001234,18.342559,27.970833,18.074469,2.038887,-0.234316,-0.000000,0.083574
20260718-163608-164,1,130,29.196407,18.318718,28.175423,18.016741,2.038887,-0.201280,0.000000,0.083574
20260718-163608-164,1,131,29.392261,18.301338,28.381808,17.965802,2.038887,-0.168244,-0.004013,0.083574
20260718-163608-164,1,132,29.588582,18.290435,28.589763,17.921707,2.038486,-0.135208,-0.000000,0.097421
20260718-163608-164,1,133,29.784156,18.289847,28.800284,17.882914,2.038486,-0.096674,-0.000000,0.097421
20260718-163608-164,1,134,29.979608,18.296794,29.012143,17.852259,2.038486,-0.058139,0.000000,0.097421
20260718-163608-164,1,135,30.174647,18.311266,29.225026,17.829789,2.038486,-0.019605,-0.017074,0.097421
20260718-163608-164,1,136,30.368984,18.333241,29.438616,17.815537,2.036778,0.018930,-0.000000,0.141720
20260718-163608-164,1,137,30.557131,18.374279,29.657317,17.805126,2.036778,0.075139,0.000000,0.141720
20260718-163608-164,1,138,30.742676,18.425823,29.876258,17.807018,2.036778,0.131348,-0.000000,0.141720
20260718-163608-164,1,139,30.925032,18.487710,30.094747,17.821207,2.036778,0.187557,-0.817782,0.141720
20260718-163608-164,1,140,31.103624,18.559743,30.312093,17.847648,1.955000,0.243766,-0.850000,0.000000
20260718-163608-164,1,141,31.293344,18.606929,30.501813,17.894834,1.870000,0.243766,-0.850000,0.000000
20260718-163608-164,1,142,31.474815,18.652063,30.683285,17.939968,1.785000,0.243766,-0.850000,0.000000
20260718-163608-164,1,143,31.648038,18.695146,30.856508,17.983050,1.700000,0.243766,-0.850000,0.000000
20260718-163608-164,1,144,31.813012,18.736177,31.021482,18.024081,1.615000,0.243766,-0.850000,0.000000
20260718-163608-164,1,145,31.969738,18.775156,31.178207,18.063061,1.530000,0.243766,-0.850000,0.000000
20260718-163608-164,1,146,32.118214,18.812084,31.326684,18.099989,1.445000,0.243766,-0.850000,0.000000
20260718-163608-164,1,147,32.258442,18.846960,31.466912,18.134865,1.360000,0.243766,-0.850000,0.000000
20260718-163608-164,1,148,32.390422,18.879785,31.598891,18.167690,1.275000,0.243766,-0.850000,0.000000
20260718-163608-164,1,149,32.514152,18.910558,31.722622,18.198463,1.190000,0.243766,-0.850000,0.000000
20260718-163608-164,1,150,32.629634,18.939280,31.838104,18.227185,1.105000,0.243766,-0.850000,0.000000
20260718-163608-164,1,151,32.736867,18.965950,31.945337,18.253855,1.020000,0.243766,-0.850000,0.000000
20260718-163608-164,1,152,32.835852,18.990569,32.044321,18.278474,0.935000,0.243766,-0.850000,0.000000
20260718-163608-164,1,153,32.926587,19.013136,32.135057,18.301041,0.850000,0.243766,-0.850000,0.000000
20260718-163608-164,1,154,33.009075,19.033651,32.217544,18.321556,0.765000,0.243766,-0.850000,0.000000
20260718-163608-164,1,155,33.083313,19.052115,32.291782,18.340020,0.680000,0.243766,-0.850000,0.000000
20260718-163608-164,1,156,33.149303,19.068528,32.357772,18.356432,0.595000,0.243766,-0.850000,0.000000
20260718-163608-164,1,157,33.207043,19.082889,32.415513,18.370793,0.510000,0.243766,-0.850000,0.000000
20260718-163608-164,1,158,33.256536,19.095198,32.465005,18.383103,0.425000,0.243766,-0.850000,0.000000
20260718-163608-164,1,159,33.297779,19.105456,32.506249,18.393360,0.340000,0.243766,-0.850000,0.000000
20260718-163608-164,1,160,33.330774,19.113662,32.539244,18.401567,0.255000,0.243766,-0.850000,0.000000
20260718-163608-164,1,161,33.355520,19.119816,32.563990,18.407721,0.170000,0.243766,-0.850000,0.000000
20260718-163608-164,1,162,33.372018,19.123920,32.580487,18.411824,0.085000,0.243766,-0.850000,0.000000
20260718-163608-164,1,163,33.380266,19.125971,32.588736,18.413876,0.000000,0.243766,-0.850000,0.000000
20260718-163608-164,1,164,33.380266,19.125971,32.588736,18.413876,-0.085000,0.243766,-0.850000,3.141593
20260718-163608-164,1,165,33.372018,19.123920,32.580487,18.411824,-0.170000,0.243766,-0.850000,3.141593
20260718-163608-164,1,166,33.355520,19.119816,32.563990,18.407721,-0.255000,0.243766,-0.850000,3.141593
20260718-163608-164,1,167,33.330774,19.113662,32.539244,18.401567,-0.340000,0.243766,-0.850000,3.141593
20260718-163608-164,1,168,33.297779,19.105456,32.506249,18.393360,-0.425000,0.243766,-0.850000,3.141593
20260718-163608-164,1,169,33.256536,19.095198,32.465005,18.383103,-0.510000,0.243766,-0.850000,3.141593
20260718-163608-164,1,170,33.207043,19.082889,32.415513,18.370793,-0.595000,0.243766,-0.850000,3.141593
20260718-163608-164,1,171,33.149303,19.068528,32.357772,18.356432,-0.680000,0.243766,-0.850000,3.141593
20260718-163608-164,1,172,33.083313,19.052115,32.291782,18.340020,-0.765000,0.243766,-0.850000,3.141593
20260718-163608-164,1,173,33.009075,19.033651,32.217544,18.321556,-0.850000,0.243766,-0.680000,3.141593
20260718-163608-164,1,174,32.926587,19.013136,32.135057,18.301041,-0.918000,0.243766,0.000000,3.141593
20260718-163608-164,1,175,32.837501,18.990979,32.045971,18.278884,-0.918000,0.243766,0.000000,3.141593
20260718-163608-164,1,176,32.748415,18.968822,31.956885,18.256727,-0.918000,0.243766,0.000000,3.141593
20260718-163608-164,1,177,32.659329,18.946666,31.867799,18.234570,-0.918000,0.243766,0.000000,3.141593
20260718-163608-164,1,178,32.570243,18.924509,31.778713,18.212414,-0.918000,0.243766,0.000000,3.141593
20260718-163608-164,1,179,32.481157,18.902352,31.689627,18.190257,-0.918000,0.243766,0.000000,3.141593
20260718-163608-164,1,180,32.392071,18.880195,31.600541,18.168100,-0.918000,0.243766,0.000000,3.141593
20260718-163608-164,1,181,32.302985,18.858039,31.511455,18.145943,-0.918000,0.243766,0.000000,3.141593
20260718-163608-164,1,182,32.213899,18.835882,31.422369,18.123787,-0.918000,0.243766,0.000000,3.141593
20260718-163608-164,1,183,32.124813,18.813725,31.333283,18.101630,-0.918000,0.243766,0.000000,3.141593
20260718-163608-164,1,184,32.035727,18.791568,31.244197,18.079473,-0.918000,0.243766,0.000000,3.141593
20260718-163608-164,1,185,31.946641,18.769412,31.155111,18.057316,-0.918000,0.243766,0.000000,3.141593
20260718-163608-164,1,186,31.857555,18.747255,31.066025,18.035160,-0.918000,0.243766,0.000000,3.141593
20260718-163608-164,1,187,31.768469,18.725098,30.976939,18.013003,-0.918000,0.243766,0.000000,3.141593
20260718-163608-164,1,188,31.679383,18.702941,30.887853,17.990846,-0.918000,0.243766,0.000000,3.141593
20260718-163608-164,1,189,31.590297,18.680785,30.798767,17.968689,-0.918000,0.243766,0.000000,3.141593
20260718-163608-164,1,190,31.501211,18.658628,30.709681,17.946533,-0.918000,0.243766,0.850000,3.141593
20260718-163608-164,1,191,31.412125,18.636471,30.620595,17.924376,-0.833000,0.243766,0.850000,3.141593
20260718-163608-164,1,192,31.331288,18.616366,30.539757,17.904271,-0.748000,0.243766,0.850000,3.141593
20260718-163608-164,1,193,31.258699,18.598312,30.467169,17.886217,-0.663000,0.243766,0.850000,3.141593
20260718-163608-164,1,194,31.194359,18.582310,30.402829,17.870215,-0.578000,0.243766,0.850000,3.141593
20260718-163608-164,1,195,31.138268,18.568360,30.346738,17.856265,-0.493000,0.243766,0.850000,3.141593
20260718-163608-164,1,196,31.090426,18.556461,30.298895,17.844366,-0.408000,0.243766,0.850000,3.141593
20260718-163608-164,1,197,31.050832,18.546613,30.259301,17.834518,-0.323000,0.243766,0.850000,3.141593
20260718-163608-164,1,198,31.019487,18.538817,30.227956,17.826722,-0.238000,0.243766,0.850000,3.141593
20260718-163608-164,1,199,30.996390,18.533073,30.204860,17.820978,-0.153000,0.243766,0.850000,3.141593
20260718-163608-164,1,200,30.981543,18.529380,30.190012,17.817285,-0.068000,0.243766,0.680000,3.141593
20260718-163608-164,1,201,30.974944,18.527739,30.183413,17.815644,0.000000,0.243766,0.849959,0.000000
20260718-163608-164,1,202,30.974944,18.527739,30.183413,17.815644,0.084996,0.243766,0.849730,0.538346
20260718-163608-164,1,203,30.979657,18.533740,30.195156,17.813908,0.169969,0.253584,0.849316,0.526951
20260718-163608-164,1,204,30.989073,18.545755,30.218484,17.811050,0.254900,0.272712,0.848760,0.515585
20260718-163608-164,1,205,31.003016,18.563928,30.253253,17.807981,0.339776,0.300653,0.848101,0.504242
20260718-163608-164,1,206,31.021153,18.588512,30.299293,17.805877,0.424587,0.336919,0.847376,0.492916
20260718-163608-164,1,207,31.042998,18.619852,30.356352,17.806146,0.509324,0.381032,0.846614,0.481601
20260718-163608-164,1,208,31.067907,18.658360,30.424050,17.810393,0.593986,0.432521,0.845845,0.470292
20260718-163608-164,1,209,31.095083,18.704478,30.501820,17.820375,0.678570,0.490923,0.845093,0.458984
20260718-163608-164,1,210,31.123572,18.758653,30.588861,17.837956,0.763079,0.555786,0.844380,0.447675
20260718-163608-164,1,211,31.152265,18.821293,30.684096,17.865041,0.847517,0.626661,0.077892,0.436361
20260718-163608-164,1,212,31.179907,18.892735,30.786137,17.903520,0.855307,0.703108,-0.166992,0.435316
20260718-163608-164,1,213,31.202289,18.966738,30.885719,17.950184,0.838607,0.780048,-0.844453,-0.437556
20260718-163608-164,1,214,31.304464,19.007725,30.911743,18.018094,0.754162,0.704168,-0.845171,-0.448869
20260718-163608-164,1,215,31.399632,19.037498,30.938404,18.077879,0.669645,0.633907,-0.845926,-0.460178
20260718-163608-164,1,216,31.486445,19.057908,30.964600,18.129857,0.585052,0.569705,-0.846695,-0.471485
20260718-163608-164,1,217,31.563855,19.070802,30.989365,18.174386,0.500383,0.512011,-0.847454,0.482795
20260718-163608-164,1,218,31.583133,19.111522,31.054840,18.187127,0.415637,0.562743,-4.156374,0.494111
20260718-163608-164,1,219,31.597069,19.146222,31.109291,18.199822,0.000000,0.606049,0.000000,0.000000
20260718-163608-164,2,0,24.362714,6.393822,25.697286,6.526178,0.091000,2.700024,0.910000,0.000000
20260718-163608-164,2,1,24.354487,6.397711,25.689059,6.530067,0.182000,2.700024,0.910000,0.000000
20260718-163608-164,2,2,24.338033,6.405489,25.672604,6.537845,0.273000,2.700024,0.910000,0.000000
20260718-163608-164,2,3,24.313351,6.417156,25.647923,6.549511,0.364000,2.700024,0.909137,0.000000
20260718-163608-164,2,4,24.280443,6.432712,25.615014,6.565067,0.454914,2.700024,0.909438,0.264455
20260718-163608-164,2,5,24.240351,6.438369,25.572092,6.596690,0.545858,2.719501,0.909265,0.258776
20260718-163608-164,2,6,24.192027,6.444403,25.519804,6.633105,0.636784,2.742346,0.909086,0.253099
20260718-163608-164,2,7,24.135394,6.450375,25.457808,6.673583,0.727693,2.768386,0.895416,0.247422
20260718-163608-164,2,8,24.070385,6.455771,25.385754,6.717311,0.817234,2.797447,0.904740,0.470278
20260718-163608-164,2,9,24.001640,6.435402,25.297009,6.782707,0.907708,2.863125,0.904084,0.459344
20260718-163608-164,2,10,23.926539,6.408647,25.194013,6.846952,0.998117,2.934110,0.903485,0.448405
20260718-163608-164,2,11,23.845752,6.374344,25.076331,6.907519,1.088465,3.010029,0.902955,0.437459
20260718-163608-164,2,12,23.760118,6.331316,24.943849,6.961698,1.178761,3.090511,0.902505,0.426503
20260718-163608-164,2,13,23.670666,6.278410,24.796835,7.006656,1.269011,3.175195,0.902144,0.415536
20260718-163608-164,2,14,23.578612,6.214533,24.635987,7.039492,1.359226,3.263721,0.901880,0.404557
20260718-163608-164,2,15,23.485366,6.138692,24.462468,7.057317,1.449414,3.355734,0.901718,0.393565
20260718-163608-164,2,16,23.392524,6.050035,24.277928,7.057338,1.539586,3.450887,0.901663,0.382560
20260718-163608-164,2,17,23.301849,5.947884,24.084507,7.036942,1.629752,3.548832,0.901717,0.371540
20260718-163608-164,2,18,23.215252,5.831779,23.884815,6.993797,1.719923,3.649229,0.901881,0.360506
20260718-163608-164,2,19,23.134762,5.701501,23.681900,6.925936,1.810112,3.751739,0.902156,0.349457
20260718-163608-164,2,20,23.062486,5.557104,23.479187,6.831843,1.900327,3.856028,0.902540,0.338395
20260718-163608-164,2,21,23.000569,5.398930,23.280407,6.710529,1.990581,3.961765,0.903031,0.327319
20260718-163608-164,2,22,22.951148,5.227620,23.089503,6.561583,2.080884,4.068621,0.903625,0.316230
20260718-163608-164,2,23,22.916300,5.044113,22.910530,6.385220,2.171247,4.176272,0.904317,0.305129
20260718-163608-164,2,24,22.897996,4.849640,22.747540,6.182293,2.261678,4.284393,0.646415,0.294016
20260718-163608-164,2,25,22.898054,4.645700,22.604473,5.954291,2.326320,4.392664,-0.000000,0.286072
20260718-163608-164,2,26,22.918710,4.436591,22.485553,5.705833,2.326320,4.500848,0.000000,0.286072
20260718-163608-164,2,27,22.961823,4.230934,22.394155,5.445987,2.326320,4.609032,-0.000000,0.286072
20260718-163608-164,2,28,23.026890,4.031135,22.331347,5.177791,2.326320,4.717216,-0.000000,0.286072
20260718-163608-164,2,29,23.113149,3.839530,22.297864,4.904382,2.326320,4.825400,0.000000,0.286072
20260718-163608-164,2,30,23.219593,3.658358,22.294099,4.628956,2.326320,4.933584,0.000000,0.286072
20260718-163608-164,2,31,23.344975,3.489738,22.320093,4.354734,2.326320,5.041768,0.000000,0.286072
20260718-163608-164,2,32,23.487831,3.335643,22.375545,4.084921,2.326320,5.149952,-0.000000,0.286072
20260718-163608-164,2,33,23.646490,3.197872,22.459804,3.822674,2.326320,5.258136,0.000000,0.286072
20260718-163608-164,2,34,23.819097,3.078038,22.571887,3.571057,2.326320,5.366320,-0.000000,0.286072
20260718-163608-164,2,35,24.003634,2.977542,22.710482,3.333013,2.326320,5.474504,-0.000000,0.286072
20260718-163608-164,2,36,24.197943,2.897558,22.873970,3.111325,2.326320,5.582688,0.000000,0.286072
20260718-163608-164,2,37,24.399752,2.839021,23.060438,2.908586,2.326320,5.690872,-0.000000,0.286072
20260718-163608-164,2,38,24.606701,2.802617,23.267706,2.727165,2.326320,5.799056,0.000000,0.286072
20260718-163608-164,2,39,24.816371,2.788771,23.493351,2.569184,2.326320,5.907240,0.073882,0.286072
20260718-163608-164,2,40,25.026311,2.797644,23.734735,2.436491,2.333708,6.015424,-0.000000,0.196239
20260718-163608-164,2,41,25.240933,2.799278,23.979296,2.344444,2.333708,6.088774,-0.000000,0.196239
20260718-163608-164,2,42,25.454858,2.816636,24.229946,2.270568,2.333708,6.162123,0.000000,0.196239
20260718-163608-164,2,43,25.666936,2.849624,24.485335,2.215258,2.333708,6.235472,0.028089,0.196239
20260718-163608-164,2,44,25.876026,2.898065,24.744091,2.178814,2.336517,6.308821,0.000000,0.146656
20260718-163608-164,2,45,26.088817,2.947146,24.997796,2.167228,2.336517,6.363389,0.000000,0.146656
20260718-163608-164,2,46,26.298615,3.007759,25.251754,2.169497,2.336517,6.417957,-0.000000,0.146656
20260718-163608-164,2,47,26.504794,3.079725,25.505211,2.185614,2.336517,6.472525,0.007131,0.146656
20260718-163608-164,2,48,26.706742,3.162829,25.757412,2.215531,2.337230,6.527093,0.000000,0.130932
20260718-163608-164,2,49,26.907197,3.252845,26.005069,2.260491,2.337230,6.575753,-0.000000,0.130932
20260718-163608-164,2,50,27.103037,3.352505,26.250247,2.317445,2.337230,6.624414,0.000000,0.130932
20260718-163608-164,2,51,27.293798,3.461573,26.492363,2.386258,2.337230,6.673075,0.011335,0.130932
20260718-163608-164,2,52,27.479027,3.579791,26.730846,2.466765,2.338364,6.721735,0.000000,-0.100819
20260718-163608-164,2,53,27.714997,3.656786,26.925722,2.572514,2.338364,6.684336,-0.000000,-0.100819
20260718-163608-164,2,54,27.953682,3.724903,27.124417,2.670902,2.338364,6.646936,0.000000,-0.100819
20260718-163608-164,2,55,28.194746,3.784049,27.326650,2.761792,2.338364,6.609536,-0.000000,-0.100819
20260718-163608-164,2,56,28.437853,3.834140,27.532141,2.845056,2.338364,6.572136,-0.000000,-0.100819
20260718-163608-164,2,57,28.682663,3.875105,27.740602,2.920579,2.338364,6.534736,0.000000,-0.100819
20260718-163608-164,2,58,28.928834,3.906888,27.951741,2.988254,2.338364,6.497336,0.000000,-0.100819
20260718-163608-164,2,59,29.176021,3.929445,28.165262,3.047987,2.338364,6.459937,-0.905164,-0.100819
20260718-163608-164,2,60,29.423879,3.942742,28.380868,3.099695,2.247847,6.422537,-0.909438,-0.089853
20260718-163608-164,2,61,29.660712,3.949924,28.591247,3.140699,2.156903,6.390518,-0.909383,-0.093216
20260718-163608-164,2,62,29.888523,3.948941,28.793808,3.174216,2.065965,6.358637,-0.909338,-0.096579
20260718-163608-164,2,63,30.107007,3.940481,28.988327,3.200780,1.975031,6.326993,-0.921073,-0.099941
20260718-163608-164,2,64,30.315896,3.925258,29.174607,3.220942,1.882924,6.295681,-0.908341,-0.156377
20260718-163608-164,2,65,30.520178,3.891605,29.347101,3.241613,1.792090,6.248745,-0.908305,-0.161462
20260718-163608-164,2,66,30.713365,3.849758,29.511550,3.254576,1.701259,6.202595,-0.908291,-0.166546
20260718-163608-164,2,67,30.895156,3.800925,29.667667,3.260673,1.610430,6.157380,-0.956300,-0.171629
20260718-163608-164,2,68,31.065354,3.746321,29.815225,3.260751,1.514800,6.113247,-0.902831,-0.360632
20260718-163608-164,2,69,31.231682,3.649814,29.942853,3.278979,1.424517,6.022928,-0.903007,-0.370931
20260718-163608-164,2,70,31.379868,3.543981,30.063538,3.287320,1.334217,5.935332,-0.903270,-0.381219
20260718-163608-164,2,71,31.509930,3.431828,30.176627,3.287250,1.243890,5.850780,-0.868896,-0.391497
20260718-163608-164,2,72,31.622296,3.316213,30.281660,3.280234,1.157000,5.769597,-0.910000,0.000000
20260718-163608-164,2,73,31.723069,3.259369,30.382433,3.223390,1.066000,5.769597,-0.910000,0.000000
20260718-163608-164,2,74,31.815916,3.206996,30.475280,3.171017,0.975000,5.769597,-0.910000,0.000000
20260718-163608-164,2,75,31.900837,3.159094,30.560201,3.123115,0.884000,5.769597,-0.910000,0.000000
20260718-163608-164,2,76,31.977833,3.115662,30.637197,3.079683,0.793000,5.769597,-0.910000,0.000000
20260718-163608-164,2,77,32.046902,3.076702,30.706266,3.040723,0.702000,5.769597,-0.910000,0.000000
20260718-163608-164,2,78,32.108045,3.042212,30.767409,3.006233,0.611000,5.769597,-0.910000,0.000000
20260718-163608-164,2,79,32.161263,3.012193,30.820626,2.976214,0.520000,5.769597,-0.910000,0.000000
20260718-163608-164,2,80,32.206554,2.986645,30.865918,2.950666,0.429000,5.769597,-0.910000,0.000000
20260718-163608-164,2,81,32.243919,2.965568,30.903283,2.929589,0.338000,5.769597,-0.910000,0.000000
20260718-163608-164,2,82,32.273359,2.948962,30.932722,2.912983,0.247000,5.769597,-0.910000,0.000000
20260718-163608-164,2,83,32.294872,2.936827,30.954236,2.900848,0.156000,5.769597,-0.910000,0.000000
20260718-163608-164,2,84,32.308459,2.929162,30.967823,2.893183,0.065000,5.769597,-0.650000,0.000000
20260718-163608-164,2,85,32.314121,2.925969,30.973485,2.889990,0.000000,5.769597,-0.909963,0.000000
20260718-163608-164,2,86,32.314121,2.925969,30.973485,2.889990,-0.090996,5.769597,-0.909757,-2.583661
20260718-163608-164,2,87,32.306370,2.924492,30.965465,2.900551,-0.181972,5.760618,-0.909383,-2.594674
20260718-163608-164,2,88,32.290867,2.922104,30.949748,2.921655,-0.272910,5.743101,-0.908877,-2.605661
20260718-163608-164,2,89,32.267606,2.919556,30.926916,2.953470,-0.363798,5.717475,-0.908273,-2.616628
20260718-163608-164,2,90,32.236607,2.917762,30.897790,2.996311,-0.454625,5.684162,-0.907601,-2.627580
20260718-163608-164,2,91,32.197956,2.917792,30.863429,3.050598,-0.545385,5.643577,-0.906889,-2.638520
20260718-163608-164,2,92,32.151843,2.920848,30.825118,3.116804,-0.636074,5.596127,0.906889,-2.649454
20260718-163608-164,2,93,32.098601,2.928239,30.784363,3.195409,-0.545385,5.542210,0.907601,-2.638520
20260718-163608-164,2,94,32.053034,2.935945,30.752948,3.265152,-0.454625,5.494759,0.908273,-2.627580
20260718-163608-164,2,95,32.015080,2.943251,30.729422,3.324937,-0.363798,5.454175,0.908877,-2.616628
20260718-163608-164,2,96,31.984682,2.949588,30.712450,3.373881,-0.272910,5.420862,0.909383,-2.605661
20260718-163608-164,2,97,31.961811,2.954537,30.700869,3.411290,-0.181972,5.395236,0.909757,-2.594674
20260718-163608-164,2,98,31.946479,2.957846,30.693730,3.436617,-0.090996,5.377719,0.909963,-2.583661
20260718-163608-164,2,99,31.938751,2.959441,30.690352,3.449440,0.000000,5.368740,0.909963,0.000000
20260718-163608-164,2,100,31.938751,2.959441,30.690352,3.449440,0.090996,5.368740,0.909757,0.557932
20260718-163608-164,2,101,31.946543,2.957896,30.693795,3.436667,0.181972,5.377719,0.909383,0.546919
20260718-163608-164,2,102,31.962125,2.954786,30.701182,3.411539,0.272910,5.395236,-2.729104,0.535931
20260718-163608-164,2,103,31.985533,2.950285,30.713301,3.374579,0.000000,5.420862,0.000000,0.000000
20260718-163608-164,3,0,10.584632,8.315120,9.815368,7.624880,0.061000,0.237365,0.609999,-0.057574
20260718-163608-164,3,1,10.590805,8.316280,9.821055,7.626580,0.122000,0.236662,0.609997,-0.056765
20260718-163608-164,3,2,10.603146,8.318591,9.832442,7.629958,0.183000,0.235277,0.609995,-0.055956
20260718-163608-164,3,3,10.621655,8.322030,9.849542,7.634977,0.243999,0.233229,0.609489,-0.055146
20260718-163608-164,3,4,10.646332,8.326565,9.872373,7.641593,0.304948,0.230538,0.609650,-0.294250
20260718-163608-164,3,5,10.682407,8.325782,9.895933,7.655216,0.365913,0.212074,0.609532,-0.289885
20260718-163608-164,3,6,10.725564,8.324049,9.924654,7.670792,0.426866,0.190266,0.609405,-0.285522
20260718-163608-164,3,7,10.775733,8.320945,9.958722,7.687943,0.487807,0.165230,0.609270,-0.281161
20260718-163608-164,3,8,10.832821,8.315991,9.998318,7.706234,0.548734,0.137082,0.609131,-0.276800
20260718-163608-164,3,9,10.896706,8.308654,10.043618,7.725181,0.609647,0.105935,0.608989,-0.272440
20260718-163608-164,3,10,10.967228,8.298355,10.094781,7.744245,0.670546,0.071903,0.608845,-0.268080
20260718-163608-164,3,11,11.044185,8.284472,10.151941,7.762838,0.731430,0.035101,0.608704,-0.263721
20260718-163608-164,3,12,11.127326,8.266351,10.215199,7.780321,0.792301,-0.004358,0.608565,-0.259361
20260718-163608-164,3,13,11.216343,8.243310,10.284612,7.796011,0.853157,-0.046361,0.608431,-0.255001
20260718-163608-164,3,14,11.310866,8.214652,10.360185,7.809182,0.914000,-0.090796,0.608303,-0.250640
20260718-163608-164,3,15,11.410457,8.179668,10.441865,7.819074,0.974830,-0.137551,0.620015,-0.246278
20260718-163608-164,3,16,11.514608,8.137651,10.529528,7.824894,1.036832,-0.186513,0.609758,-0.086704
20260718-163608-164,3,17,11.618883,8.107696,10.628331,7.812727,1.097808,-0.204519,0.609744,-0.085133
20260718-163608-164,3,18,11.728632,8.074092,10.732733,7.797714,1.158782,-0.223238,0.609733,-0.083561
20260718-163608-164,3,19,11.843723,8.036565,10.842652,7.779550,1.219755,-0.242629,0.605874,-0.081989
20260718-163608-164,3,20,11.964012,7.994839,10.957995,7.757922,1.280343,-0.262656,0.609311,0.124579
20260718-163608-164,3,21,12.084668,7.981608,11.086756,7.712591,1.341274,-0.230621,0.609295,0.122146
20260718-163608-164,3,22,12.211560,7.971585,11.223035,7.669890,1.402203,-0.197724,0.609283,0.119713
20260718-163608-164,3,23,12.344613,7.965243,11.366815,7.630413,1.463132,-0.164024,0.616502,0.117279
20260718-163608-164,3,24,12.483731,7.963062,11.518043,7.594759,1.524782,-0.129581,0.609831,0.055457
20260718-163608-164,3,25,12.632081,7.954056,11.672760,7.569474,1.585765,-0.112668,0.609831,0.054281
20260718-163608-164,3,26,12.786577,7.947168,11.834019,7.546129,1.646748,-0.095453,0.609833,0.053105
20260718-163608-164,3,27,12.947198,7.942639,12.001798,7.525003,1.707731,-0.077964,0.611338,0.051928
20260718-163608-164,3,28,13.113911,7.940707,12.176066,7.506372,1.768865,-0.060230,0.609924,0.034914
20260718-163608-164,3,29,13.287891,7.938011,12.355479,7.492133,1.829858,-0.047886,0.609927,0.034104
20260718-163608-164,3,30,13.467960,7.937330,12.541182,7.479856,1.890850,-0.035413,0.609930,0.033295
20260718-163608-164,3,31,13.654095,7.938826,12.733147,7.469727,1.951843,-0.022829,0.596695,0.032485
20260718-163608-164,3,32,13.846276,7.942660,12.931346,7.461928,2.011513,-0.010156,0.609432,-0.095363
20260718-163608-164,3,33,14.056239,7.915121,13.123509,7.469908,2.072456,-0.048600,0.609474,-0.092927
20260718-163608-164,3,34,14.271092,7.878903,13.321880,7.470006,2.133403,-0.087190,0.609520,-0.090490
20260718-163608-164,3,35,14.490453,7.833596,13.526140,7.461709,2.194355,-0.125867,0.055816,-0.088053
20260718-163608-164,3,36,14.713920,7.778822,13.735939,7.444529,2.199937,-0.164572,-0.000000,0.017233
20260718-163608-164,3,37,14.929934,7.748124,13.954513,7.406432,2.199937,-0.156997,0.000000,0.017233
20260718-163608-164,3,38,15.146175,7.719063,14.173370,7.369991,2.199937,-0.149422,0.000000,0.017233
20260718-163608-164,3,39,15.362629,7.691641,14.392497,7.335210,2.199937,-0.141846,-0.083447,0.017233
20260718-163608-164,3,40,15.579285,7.665860,14.611881,7.302090,2.191592,-0.134271,0.000000,-0.197129
20260718-163608-164,3,41,15.807937,7.574535,14.812457,7.296652,2.191592,-0.221726,-0.000000,-0.197129
20260718-163608-164,3,42,16.027739,7.463589,15.011792,7.273716,2.191592,-0.309181,0.000000,-0.197129
20260718-163608-164,3,43,16.237010,7.333868,15.208362,7.233457,2.191592,-0.396636,-0.039313,-0.197129
20260718-163608-164,3,44,16.434151,7.186365,15.400664,7.176183,2.187661,-0.484090,0.000000,-0.237835
20260718-163608-164,3,45,16.614592,7.009274,15.585824,7.108456,2.187661,-0.590052,-0.000000,-0.237835
20260718-163608-164,3,46,16.775291,6.814093,15.762783,7.021525,2.187661,-0.696014,0.000000,-0.237835
20260718-163608-164,3,47,16.914445,6.603011,15.929555,6.916365,2.187661,-0.801976,0.100027,-0.237835
20260718-163608-164,3,48,17.030495,6.378395,16.084270,6.794157,2.197664,-0.907938,-0.000000,-0.104587
20260718-163608-164,3,49,17.147662,6.177351,16.221599,6.636270,2.197664,-0.954030,0.000000,-0.104587
20260718-163608-164,3,50,17.255442,5.971122,16.351507,6.472222,2.197664,-1.000122,-0.000000,-0.104587
20260718-163608-164,3,51,17.353605,5.760146,16.473718,6.302364,2.197664,-1.046214,0.023261,-0.104587
20260718-163608-164,3,52,17.441943,5.544871,16.587974,6.127054,2.199990,-1.092306,0.000000,-0.006999
20260718-163608-164,3,53,17.541741,5.347957,16.689567,5.932764,2.199990,-1.095382,-0.000000,-0.006999
20260718-163608-164,3,54,17.640933,5.150736,16.790562,5.738162,2.199990,-1.098458,-0.000000,-0.006999
20260718-163608-164,3,55,17.739517,4.953210,16.890958,5.543250,2.199990,-1.101534,-0.016373,-0.006999
20260718-163608-164,3,56,17.837494,4.755383,16.990753,5.348030,2.198352,-1.104611,0.000000,0.087893
20260718-163608-164,3,57,17.955060,4.579437,17.086021,5.138876,2.198352,-1.065906,0.000000,0.087893
20260718-163608-164,3,58,18.079346,4.408173,17.189310,4.933564,2.198352,-1.027200,0.000000,0.087893
20260718-163608-164,3,59,18.210166,4.241846,17.300466,4.732403,2.198352,-0.988495,-0.037494,0.087893
20260718-163608-164,3,60,18.347325,4.080706,17.419324,4.535694,2.194603,-0.949790,-0.000000,0.158440
20260718-163608-164,3,61,18.502331,3.944221,17.544756,4.333130,2.194603,-0.879730,0.000000,0.158440
20260718-163608-164,3,62,18.666511,3.818921,17.684060,4.139844,2.194603,-0.809670,0.000000,0.158440
20260718-163608-164,3,63,18.839059,3.705422,17.836554,3.956783,2.194603,-0.739609,0.000000,0.158440
20260718-163608-164,3,64,19.019130,3.604281,18.001488,3.784846,2.194603,-0.669549,-0.000000,0.158440
20260718-163608-164,3,65,19.205839,3.515992,18.178053,3.624877,2.194603,-0.599489,0.000000,0.158440
20260718-163608-164,3,66,19.398271,3.440991,18.365384,3.477661,2.194603,-0.529429,-0.000000,0.158440
20260718-163608-164,3,67,19.595480,3.379645,18.562560,3.343919,2.194603,-0.459368,-0.069421,0.158440
20260718-163608-164,3,68,19.796501,3.332254,18.768616,3.224309,2.187661,-0.389308,-0.000000,0.237835
20260718-163608-164,3,69,19.999138,3.324802,18.988434,3.108750,2.187661,-0.283346,0.000000,0.237835
20260718-163608-164,3,70,20.201426,3.338824,19.219242,3.017087,2.187661,-0.177384,-0.000000,0.237835
20260718-163608-164,3,71,20.401096,3.374162,19.458449,2.950350,2.187661,-0.071423,0.055436,0.237835
20260718-163608-164,3,72,20.595910,3.430419,19.703373,2.909287,2.193204,0.034539,-0.000000,0.177523
20260718-163608-164,3,73,20.792660,3.489505,19.943809,2.899885,2.193204,0.113158,0.000000,0.177523
20260718-163608-164,3,74,20.984162,3.563861,20.184241,2.909395,2.193204,0.191777,-0.000000,0.177523
20260718-163608-164,3,75,21.169233,3.653027,20.423183,2.937758,2.193204,0.270396,-0.623787,0.177523
20260718-163608-164,3,76,21.346729,3.756453,20.659159,2.984800,2.130826,0.349015,-0.607423,0.202594
20260718-163608-164,3,77,21.505564,3.875429,20.888018,3.046672,2.070084,0.436467,-0.607204,0.208056
20260718-163608-164,3,78,21.648192,4.004710,21.105271,3.125258,2.009363,0.523783,-0.607008,0.213516
20260718-163608-164,3,79,21.774163,4.142330,21.309755,3.219007,1.948662,0.610831,-0.550298,0.218973
20260718-163608-164,3,80,21.883262,4.286323,21.500497,3.326276,1.893633,0.697475,-0.609337,0.100076
20260718-163608-164,3,81,22.005410,4.420387,21.659385,3.446495,1.832699,0.735466,-0.609314,0.102511
20260718-163608-164,3,82,22.118212,4.554641,21.809110,3.568408,1.771768,0.773135,-0.609297,0.104947
20260718-163608-164,3,83,22.221916,4.688528,21.949794,3.691457,1.710838,0.810423,-0.609284,0.107382
20260718-163608-164,3,84,22.316797,4.821512,22.081592,3.815093,1.649910,0.847271,-0.609276,0.109817
20260718-163608-164,3,85,22.403166,4.953082,22.204689,3.938781,1.588982,0.883618,-0.609273,0.112251
20260718-163608-164,3,86,22.481357,5.082751,22.319299,4.061998,1.528055,0.919406,-0.609276,0.114686
20260718-163608-164,3,87,22.551731,5.210062,22.425664,4.184241,1.467127,0.954575,-0.609283,0.117120
20260718-163608-164,3,88,22.614669,5.334583,22.524050,4.305026,1.406199,0.989064,-0.609294,0.119553
20260718-163608-164,3,89,22.670573,5.455917,22.614747,4.423889,1.345269,1.022814,-0.609310,0.121987
20260718-163608-164,3,90,22.719856,5.573696,22.698061,4.540389,1.284338,1.055766,-0.609330,0.124420
20260718-163608-164,3,91,22.762945,5.687584,22.774318,4.654109,1.223405,1.087859,-0.085763,0.126852
20260718-163608-164,3,92,22.800275,5.797276,22.843856,4.764658,1.214829,1.119034,-0.000000,-0.467365
20260718-163608-164,3,93,22.930013,5.898837,22.847096,4.868631,1.214829,0.996543,0.000000,-0.467365
20260718-163608-164,3,94,23.071187,5.983785,22.863016,4.971429,1.214829,0.874051,0.000000,-0.467365
20260718-163608-164,3,95,23.221683,6.050847,22.891377,5.071511,1.214829,0.751560,-0.015495,-0.467365
20260718-163608-164,3,96,23.379246,6.099018,22.931753,5.167379,1.213279,0.629068,0.000000,-0.500058
20260718-163608-164,3,97,23.546417,6.123707,22.979810,5.259325,1.213279,0.496619,0.000000,-0.500058
20260718-163608-164,3,98,23.715385,6.126104,23.039588,5.344120,1.213279,0.364170,-0.000000,-0.500058
20260718-163608-164,3,99,23.883189,6.106165,23.110041,5.420278,1.213279,0.231720,-0.502795,-0.500058
20260718-163608-164,3,100,24.046891,6.064240,23.189934,5.486464,1.163000,0.099271,-0.610000,0.000000
20260718-163608-164,3,101,24.162618,6.075767,23.305661,5.497991,1.102000,0.099271,-0.610000,0.000000
20260718-163608-164,3,102,24.272276,6.086688,23.415319,5.508912,1.041000,0.099271,-0.610000,0.000000
20260718-163608-164,3,103,24.375863,6.097005,23.518906,5.519229,0.980000,0.099271,-0.610000,0.000000
20260718-163608-164,3,104,24.473381,6.106718,23.616424,5.528942,0.919000,0.099271,-0.610000,0.000000
20260718-163608-164,3,105,24.564828,6.115826,23.707871,5.538050,0.858000,0.099271,-0.610000,0.000000
20260718-163608-164,3,106,24.650206,6.124329,23.793249,5.546554,0.797000,0.099271,-0.610000,0.000000
20260718-163608-164,3,107,24.729513,6.132228,23.872557,5.554452,0.736000,0.099271,-0.610000,0.000000
20260718-163608-164,3,108,24.802751,6.139523,23.945794,5.561747,0.675000,0.099271,-0.610000,0.000000
20260718-163608-164,3,109,24.869919,6.146212,24.012962,5.568437,0.614000,0.099271,-0.610000,0.000000
20260718-163608-164,3,110,24.931016,6.152298,24.074060,5.574522,0.553000,0.099271,-0.610000,0.000000
20260718-163608-164,3,111,24.986044,6.157778,24.129087,5.580003,0.492000,0.099271,-0.610000,0.000000
20260718-163608-164,3,112,25.035002,6.162655,24.178045,5.584879,0.431000,0.099271,-0.610000,0.000000
20260718-163608-164,3,113,25.077890,6.166926,24.220933,5.589150,0.370000,0.099271,-0.610000,0.000000
20260718-163608-164,3,114,25.114708,6.170593,24.257751,5.592817,0.309000,0.099271,-0.610000,0.000000
20260718-163608-164,3,115,25.145455,6.173655,24.288499,5.595880,0.248000,0.099271,-0.610000,0.000000
20260718-163608-164,3,116,25.170133,6.176113,24.313177,5.598338,0.187000,0.099271,-0.610000,0.000000
20260718-163608-164,3,117,25.188741,6.177967,24.331784,5.600191,0.126000,0.099271,-0.610000,0.000000
20260718-163608-164,3,118,25.201279,6.179215,24.344322,5.601440,0.065000,0.099271,-0.610000,0.000000
20260718-163608-164,3,119,25.207747,6.179860,24.350790,5.602084,0.004000,0.099271,-0.040000,0.000000
20260718-163608-164,3,120,25.208145,6.179899,24.351188,5.602123,0.000000,0.099271,-0.609971,0.000000
20260718-163608-164,3,121,25.208145,6.179899,24.351188,5.602123,-0.060997,0.099271,-0.609803,-2.463443
20260718-163608-164,3,122,25.204885,6.175134,24.342297,5.605799,-0.121977,0.089453,-0.609492,-2.472910
20260718-163608-164,3,123,25.198117,6.165921,24.324726,5.613301,-0.182927,0.070197,-0.609062,-2.482339
20260718-163608-164,3,124,25.187482,6.152677,24.298793,5.625012,-0.243833,0.041875,-0.608533,-2.491737
20260718-163608-164,3,125,25.172544,6.135930,24.264931,5.641522,-0.304686,0.004851,-0.607928,-2.501107
20260718-163608-164,3,126,25.152814,6.116329,24.223711,5.663595,-0.365479,-0.040521,-0.607262,-2.510455
20260718-163608-164,3,127,25.127789,6.094657,24.175859,5.692129,-0.426205,-0.093890,-0.606555,-2.519785
20260718-163608-164,3,128,25.096989,6.071842,24.122281,5.728121,-0.486861,-0.154916,-0.605819,-2.529101
20260718-163608-164,3,129,25.060000,6.048962,24.064093,5.772611,-0.547443,-0.223265,-0.605070,-2.538408
20260718-163608-164,3,130,25.016517,6.027239,24.002635,5.826636,-0.607950,-0.298607,-0.604320,-2.547707
20260718-163608-164,3,131,24.966396,6.008033,23.939487,5.891165,-0.668382,-0.380623,-0.603580,-2.557003
20260718-163608-164,3,132,24.909695,5.992818,23.876479,5.967037,-0.728740,-0.468994,-0.602861,-2.566299
20260718-163608-164,3,133,24.846723,5.983150,23.815678,6.054893,-0.789026,-0.563412,-0.602171,-2.575596
20260718-163608-164,3,134,24.778080,5.980626,23.759377,6.155105,-0.849243,-0.663571,-0.601518,-2.584899
20260718-163608-164,3,135,24.704689,5.986823,23.710050,6.267706,-0.909395,-0.769171,0.601518,-2.594208
20260718-163608-164,3,136,24.627815,6.003237,23.670314,6.392327,-0.849243,-0.879918,0.602171,-2.584899
20260718-163608-164,3,137,24.557465,6.025045,23.646309,6.512892,-0.789026,-0.985518,0.602861,-2.575596
20260718-163608-164,3,138,24.493813,6.050864,23.636004,6.627374,-0.728740,-1.085677,0.603580,-2.566299
20260718-163608-164,3,139,24.436849,6.079395,23.637213,6.734209,-0.668382,-1.180095,0.604320,-2.557003
20260718-163608-164,3,140,24.386414,6.109443,23.647690,6.832275,-0.607950,-1.268467,0.605070,-2.547707
20260718-163608-164,3,141,24.342234,6.139924,23.665209,6.920845,-0.547443,-1.350482,0.605819,-2.538408
20260718-163608-164,3,142,24.303952,6.169875,23.687629,6.999542,-0.486861,-1.425825,0.606555,-2.529101
20260718-163608-164,3,143,24.271165,6.198455,23.712944,7.068276,-0.426205,-1.494173,0.607262,-2.519785
20260718-163608-164,3,144,24.243455,6.224937,23.739322,7.127184,-0.365479,-1.555199,0.607928,-2.510455
20260718-163608-164,3,145,24.220414,6.248707,23.765128,7.176562,-0.304686,-1.608569,0.608533,-2.501107
20260718-163608-164,3,146,24.201671,6.269254,23.788937,7.216804,-0.243833,-1.653940,0.609062,-2.491737
20260718-163608-164,3,147,24.186917,6.286164,23.809541,7.248342,-0.182927,-1.690964,0.609492,-2.482339
20260718-163608-164,3,148,24.175925,6.299112,23.825947,7.271591,-0.121977,-1.719286,0.609803,-2.472910
20260718-163608-164,3,149,24.168567,6.307862,23.837379,7.286899,-0.060997,-1.738542,0.609971,-2.463443
20260718-163608-164,3,150,24.164831,6.312263,23.843271,7.294505,-0.000000,-1.748360,0.609971,0.000000
20260718-163608-164,3,151,24.164831,6.312263,23.843271,7.294505,0.060997,-1.748360,0.609803,0.678150
20260718-163608-164,3,152,24.168626,6.307851,23.837438,7.286889,0.121977,-1.738542,0.609492,0.668683
20260718-163608-164,3,153,24.176216,6.299065,23.826238,7.271544,0.182927,-1.719286,0.609062,0.659254
20260718-163608-164,3,154,24.187722,6.286047,23.810345,7.248225,0.243833,-1.690964,0.608533,0.649856
20260718-163608-164,3,155,24.203374,6.269046,23.790640,7.216595,0.304686,-1.653940,0.607928,0.640486
20260718-163608-164,3,156,24.223498,6.248415,23.768213,7.176270,0.365479,-1.608569,0.607262,0.631138
20260718-163608-164,3,157,24.248493,6.224623,23.744360,7.126870,0.426205,-1.555199,0.606555,0.621807
20260718-163608-164,3,158,24.278805,6.198261,23.720584,7.068083,0.486861,-1.494173,0.605819,0.612491
20260718-163608-164,3,159,24.314906,6.170051,23.698583,6.999717,0.547443,-1.425825,0.584412,0.603185
20260718-163608-164,3,160,24.357255,6.140850,23.680230,6.921772,0.605884,-1.350482,-0.605096,-0.594203
20260718-163608-164,3,161,24.332616,6.054289,23.721657,6.887914,0.545374,-1.432274,-0.605845,-0.603503
20260718-163608-164,3,162,24.303943,5.977960,23.757261,6.855080,0.484790,-1.507384,-0.606579,-0.612809
20260718-163608-164,3,163,24.273237,5.911785,23.787511,6.824073,0.424132,-1.575488,-4.241317,-0.622126
20260718-163608-164,3,164,24.242306,5.855476,23.812883,6.795580,0.000000,-1.636258,0.000000,0.000000
20260718-163608-164,4,0,29.522522,19.517918,30.337478,20.222082,0.088000,3.307399,0.880000,0.000000
20260718-163608-164,4,1,29.513843,19.516466,30.328799,20.220629,0.176000,3.307399,0.880000,0.000000
20260718-163608-164,4,2,29.496484,19.513561,30.311440,20.217725,0.264000,3.307399,0.880000,0.000000
20260718-163608-164,4,3,29.470446,19.509204,30.285402,20.213367,0.352000,3.307399,0.880000,0.000000
20260718-163608-164,4,4,29.435729,19.503394,30.250685,20.207558,0.440000,3.307399,0.880000,0.000000
20260718-163608-164,4,5,29.392332,19.496132,30.207288,20.200296,0.528000,3.307399,0.880000,0.000000
20260718-163608-164,4,6,29.340256,19.487417,30.155212,20.191581,0.616000,3.307399,0.880000,0.000000
20260718-163608-164,4,7,29.279501,19.477250,30.094457,20.181414,0.704000,3.307399,0.880000,0.000000
20260718-163608-164,4,8,29.210067,19.465631,30.025023,20.169795,0.792000,3.307399,0.880000,0.000000
20260718-163608-164,4,9,29.131953,19.452559,29.946909,20.156723,0.880000,3.307399,0.880000,0.000000
20260718-163608-164,4,10,29.045160,19.438035,29.860116,20.142199,0.968000,3.307399,0.880000,0.000000
20260718-163608-164,4,11,28.949687,19.422058,29.764643,20.126222,1.056000,3.307399,0.878924,0.000000
20260718-163608-164,4,12,28.845536,19.404629,29.660492,20.108793,1.143892,3.307399,0.879815,0.060600
20260718-163608-164,4,13,28.737841,19.378646,29.543063,20.093922,1.231874,3.321115,0.879809,0.058706
20260718-163608-164,4,14,28.622107,19.349192,29.417011,20.075915,1.319855,3.335424,0.879805,0.056813
20260718-163608-164,4,15,28.498404,19.315991,29.282441,20.054427,1.407835,3.350259,-0.006001,0.054920
20260718-163608-164,4,16,28.366814,19.278767,29.139464,20.029108,1.407235,3.365555,0.000000,0.117968
20260718-163608-164,4,17,28.243209,19.230462,28.990712,20.005858,1.407235,3.398516,0.000000,0.117968
20260718-163608-164,4,18,28.121263,19.178109,28.842807,19.977718,1.407235,3.431477,-0.000000,0.117968
20260718-163608-164,4,19,28.001109,19.121766,28.695910,19.944719,1.407235,3.464438,-0.002439,0.117968
20260718-163608-164,4,20,27.882877,19.061493,28.550180,19.906897,1.406991,3.497399,0.000000,0.135308
20260718-163608-164,4,21,27.769083,18.995162,28.403913,19.865215,1.406991,3.535254,-0.000000,0.135308
20260718-163608-164,4,22,27.657882,18.924571,28.259328,19.818026,1.406991,3.573109,0.000000,0.135308
20260718-163608-164,4,23,27.549431,18.849822,28.116633,19.765400,1.406991,3.610965,0.002439,0.135308
20260718-163608-164,4,24,27.443887,18.771023,27.976031,19.707411,1.407235,3.648820,0.000000,0.117968
20260718-163608-164,4,25,27.338709,18.690095,27.839706,19.643512,1.407235,3.681781,-0.000000,0.117968
20260718-163608-164,4,26,27.236256,18.605746,27.705560,19.575155,1.407235,3.714742,0.000000,0.117968
20260718-163608-164,4,27,27.136637,18.518066,27.573740,19.502414,1.407235,3.747703,-0.000000,0.117968
20260718-163608-164,4,28,27.039963,18.427151,27.444388,19.425369,1.407235,3.780664,0.000000,0.117968
20260718-163608-164,4,29,26.946337,18.333099,27.317646,19.344103,1.407235,3.813625,0.000000,0.117968
20260718-163608-164,4,30,26.855861,18.236013,27.193651,19.258704,1.407235,3.846587,-0.000000,0.117968
20260718-163608-164,4,31,26.768634,18.135998,27.072537,19.169266,1.407235,3.879548,0.003686,0.117968
20260718-163608-164,4,32,26.684750,18.033162,26.954437,19.075884,1.407604,3.912509,0.000000,-0.085068
20260718-163608-164,4,33,26.569131,17.940822,26.863475,18.976854,1.407604,3.888787,0.000000,-0.085068
20260718-163608-164,4,34,26.451354,17.851250,26.770189,18.880009,1.407604,3.865066,-0.000000,-0.085068
20260718-163608-164,4,35,26.331486,17.764497,26.674633,18.785404,1.407604,3.841344,0.000000,-0.085068
20260718-163608-164,4,36,26.209594,17.680612,26.576859,18.693092,1.407604,3.817622,-0.000000,-0.085068
20260718-163608-164,4,37,26.085746,17.599641,26.476924,18.603125,1.407604,3.793901,0.000000,-0.085068
20260718-163608-164,4,38,25.960013,17.521631,26.374882,18.515554,1.407604,3.770179,-0.000000,-0.085068
20260718-163608-164,4,39,25.832464,17.446625,26.270792,18.430428,1.407604,3.746458,0.000000,-0.085068
20260718-163608-164,4,40,25.703173,17.374665,26.164713,18.347794,1.407604,3.722736,0.000000,-0.085068
20260718-163608-164,4,41,25.572211,17.305792,26.056703,18.267701,1.407604,3.699014,-0.000000,-0.085068
20260718-163608-164,4,42,25.439652,17.240045,25.946824,18.190191,1.407604,3.675293,-0.000000,-0.085068
20260718-163608-164,4,43,25.305571,17.177461,25.835137,18.115310,1.407604,3.651571,-0.001655,-0.085068
20260718-163608-164,4,44,25.170043,17.118075,25.721705,18.043099,1.407438,3.627850,-0.000000,-0.101206
20260718-163608-164,4,45,25.030802,17.063793,25.608370,17.972867,1.407438,3.599603,0.000000,-0.101206
20260718-163608-164,4,46,24.890084,17.013465,25.493096,17.905865,1.407438,3.571356,-0.000000,-0.101206
20260718-163608-164,4,47,24.748000,16.967132,25.375975,17.842145,1.407438,3.543109,0.000000,-0.101206
20260718-163608-164,4,48,24.604664,16.924830,25.257102,17.781758,1.407438,3.514862,0.000000,-0.101206
20260718-163608-164,4,49,24.460191,16.886594,25.136571,17.724752,1.407438,3.486616,-0.000000,-0.101206
20260718-163608-164,4,50,24.314695,16.852452,25.014478,17.671174,1.407438,3.458369,0.000000,-0.101206
20260718-163608-164,4,51,24.168293,16.822434,24.890920,17.621065,1.407438,3.430122,-0.000000,-0.101206
20260718-163608-164,4,52,24.021102,16.796563,24.765996,17.574466,1.407438,3.401875,0.000000,-0.101206
20260718-163608-164,4,53,23.873239,16.774859,24.639806,17.531413,1.407438,3.373628,-0.000000,-0.101206
20260718-163608-164,4,54,23.724822,16.757339,24.512451,17.491942,1.407438,3.345381,0.000000,-0.101206
20260718-163608-164,4,55,23.575969,16.744019,24.384031,17.456083,1.407438,3.317134,-0.000000,-0.101206
20260718-163608-164,4,56,23.426799,16.734908,24.254650,17.423866,1.407438,3.288888,-0.000000,-0.101206
20260718-163608-164,4,57,23.277432,16.730013,24.124410,17.395316,1.407438,3.260641,-0.000000,-0.101206
20260718-163608-164,4,58,23.127986,16.729339,23.993417,17.370455,1.407438,3.232394,0.000000,-0.101206
20260718-163608-164,4,59,22.978580,16.732887,23.861773,17.349304,1.407438,3.204147,-0.059516,-0.101206
20260718-163608-164,4,60,22.829334,16.740652,23.729584,17.331879,1.401487,3.175900,0.000000,-0.334366
20260718-163608-164,4,61,22.662485,16.793978,23.615373,17.295978,1.401487,3.079677,-0.000000,-0.334366
20260718-163608-164,4,62,22.501531,16.863086,23.498241,17.271216,1.401487,2.983453,-0.000000,-0.334366
20260718-163608-164,4,63,22.347961,16.947339,23.379272,17.257822,1.401487,2.887230,0.000000,-0.334366
20260718-163608-164,4,64,22.203197,17.045957,23.259566,17.255920,1.401487,2.791006,-0.000000,-0.334366
20260718-163608-164,4,65,22.068576,17.158026,23.140231,17.265527,1.401487,2.694783,0.000000,-0.334366
20260718-163608-164,4,66,21.945346,17.282511,23.022371,17.286555,1.401487,2.598559,0.000000,-0.334366
20260718-163608-164,4,67,21.834645,17.418259,22.907077,17.318809,1.401487,2.502336,0.035514,-0.334366
20260718-163608-164,4,68,21.737498,17.564015,22.795414,17.361991,1.405038,2.406112,-0.000000,0.229518
20260718-163608-164,4,69,21.621753,17.617012,22.690541,17.483997,1.405038,2.470987,0.000000,0.229518
20260718-163608-164,4,70,21.502816,17.662394,22.577979,17.598948,1.405038,2.535862,-0.000000,0.229518
20260718-163608-164,4,71,21.381187,17.699970,22.458201,17.706359,1.405038,2.600736,-0.850381,0.229518
20260718-163608-164,4,72,21.257378,17.729582,22.331712,17.805780,1.320000,2.665611,-0.880000,0.000000
20260718-163608-164,4,73,21.140051,17.790066,22.214385,17.866264,1.232000,2.665611,-0.880000,0.000000
20260718-163608-164,4,74,21.030545,17.846517,22.104879,17.922715,1.144000,2.665611,-0.880000,0.000000
20260718-163608-164,4,75,20.928861,17.898937,22.003196,17.975135,1.056000,2.665611,-0.880000,0.000000
20260718-163608-164,4,76,20.835000,17.947324,21.909334,18.023522,0.968000,2.665611,-0.880000,0.000000
20260718-163608-164,4,77,20.748960,17.991679,21.823294,18.067877,0.880000,2.665611,-0.880000,0.000000
20260718-163608-164,4,78,20.670741,18.032001,21.745075,18.108199,0.792000,2.665611,-0.880000,0.000000
20260718-163608-164,4,79,20.600345,18.068292,21.674679,18.144490,0.704000,2.665611,-0.880000,0.000000
20260718-163608-164,4,80,20.537770,18.100550,21.612105,18.176748,0.616000,2.665611,-0.880000,0.000000
20260718-163608-164,4,81,20.483018,18.128775,21.557352,18.204973,0.528000,2.665611,-0.880000,0.000000
20260718-163608-164,4,82,20.436087,18.152969,21.510421,18.229167,0.440000,2.665611,-0.880000,0.000000
20260718-163608-164,4,83,20.396978,18.173130,21.471312,18.249328,0.352000,2.665611,-0.880000,0.000000
20260718-163608-164,4,84,20.365690,18.189259,21.440024,18.265457,0.264000,2.665611,-0.880000,0.000000
20260718-163608-164,4,85,20.342225,18.201356,21.416559,18.277554,0.176000,2.665611,-0.880000,0.000000
20260718-163608-164,4,86,20.326581,18.209421,21.400915,18.285619,0.088000,2.665611,-0.880000,0.000000
20260718-163608-164,4,87,20.318759,18.213453,21.393094,18.289651,0.000000,2.665611,-0.879959,0.000000
20260718-163608-164,4,88,20.318759,18.213453,21.393094,18.289651,-0.087996,2.665611,-0.879732,-2.636436
20260718-163608-164,4,89,20.326200,18.214513,21.401218,18.280376,-0.175969,2.655994,-0.879324,-2.647863
20260718-163608-164,4,90,20.341087,18.216074,21.417149,18.261806,-0.263902,2.637278,-0.878779,-2.659263
20260718-163608-164,4,91,20.363420,18.217390,21.440329,18.233724,-0.351779,2.609971,-0.878138,-2.670643
20260718-163608-164,4,92,20.393160,18.217544,21.469972,18.195757,-0.439593,2.574573,-0.877438,-2.682010
20260718-163608-164,4,93,20.430190,18.215470,21.505070,18.147417,-0.527337,2.531575,-0.876710,-2.693367
20260718-163608-164,4,94,20.474276,18.209972,21.544398,18.088159,-0.615008,2.481461,-0.875984,-2.704720
20260718-163608-164,4,95,20.525030,18.199752,21.586519,18.017432,-0.702606,2.424704,-0.875284,-2.716074
20260718-163608-164,4,96,20.581871,18.183448,21.629793,17.934732,-0.790135,2.361774,-0.874632,-2.727431
20260718-163608-164,4,97,20.643997,18.159672,21.672392,17.839666,-0.877598,2.293131,-0.109286,-2.738794
20260718-163608-164,4,98,20.710360,18.127062,21.712321,17.731999,-0.888527,2.219230,0.000000,-2.740215
20260718-163608-164,4,99,20.774833,18.088990,21.744597,17.620420,-0.888527,2.144703,-0.000000,-2.740215
20260718-163608-164,4,100,20.836291,18.046224,21.768474,17.506748,-0.888527,2.070176,0.000000,-2.740215
20260718-163608-164,4,101,20.894395,17.999001,21.783822,17.391614,-0.888527,1.995649,-0.000000,-2.740215
20260718-163608-164,4,102,20.948821,17.947582,21.790555,17.275656,-0.888527,1.921122,0.874555,-2.740215
20260718-163608-164,4,103,20.999268,17.892254,21.788635,17.159519,-0.801071,1.846595,0.875199,-2.728851
20260718-163608-164,4,104,21.042056,17.840119,21.778771,17.054465,-0.713551,1.777270,0.875894,-2.717493
20260718-163608-164,4,105,21.077973,17.791988,21.763206,16.961052,-0.625962,1.713600,0.876619,-2.706140
20260718-163608-164,4,106,21.107777,17.748536,21.744079,16.879559,-0.538300,1.656047,0.877348,-2.694786
20260718-163608-164,4,107,21.132174,17.710312,21.723377,16.810046,-0.450565,1.605076,0.878053,-2.683430
20260718-163608-164,4,108,21.151785,17.677757,21.702897,16.752405,-0.362760,1.561163,0.878704,-2.672065
20260718-163608-164,4,109,21.167124,17.651211,21.684219,16.706429,-0.274890,1.524788,0.879263,-2.660687
20260718-163608-164,4,110,21.178573,17.630924,21.668684,16.671867,-0.186963,1.496443,0.879690,-2.649289
20260718-163608-164,4,111,21.186366,17.617069,21.657375,16.648488,-0.098994,1.476625,0.879943,-2.637866
20260718-163608-164,4,112,21.190564,17.609735,21.651102,16.636131,-0.011000,1.465843,0.110000,-2.626410
20260718-163608-164,4,113,21.191047,17.608924,21.650387,16.634754,0.000000,1.464612,0.879959,0.000000
20260718-163608-164,4,114,21.191047,17.608924,21.650387,16.634754,0.087996,1.464612,0.879732,-0.505157
20260718-163608-164,4,115,21.196759,17.619851,21.646708,16.641309,0.175969,1.454995,0.879324,-0.493730
20260718-163608-164,4,116,21.208315,17.641417,21.639873,16.654625,0.263902,1.436278,0.878779,-0.482330
20260718-163608-164,4,117,21.226121,17.673180,21.630574,16.674973,0.351779,1.408971,0.878138,-0.470949
20260718-163608-164,4,118,21.250808,17.714542,21.619681,16.702646,0.439593,1.373574,0.877438,-0.459583
20260718-163608-164,4,119,21.283195,17.764739,21.608232,16.737923,0.527337,1.330576,-0.234460,-0.448226
20260718-163608-164,4,120,21.324232,17.822825,21.597424,16.781016,0.503891,1.280462,-0.877629,-0.451261
20260718-163608-164,4,121,21.366277,17.876392,21.588893,16.822617,0.416128,1.232203,-4.161282,-0.462620
20260718-163608-164,4,122,21.403407,17.919196,21.582629,16.857179,0.000000,1.191189,0.000000,0.000000
20260718-163608-164,5,0,9.604610,9.562954,9.155390,10.237046,0.086000,4.797910,0.860000,0.000000
20260718-163608-164,5,1,9.605345,9.554385,9.156124,10.228478,0.172000,4.797910,0.860000,0.000000
20260718-163608-164,5,2,9.606814,9.537248,9.157593,10.211341,0.258000,4.797910,0.860000,0.000000
20260718-163608-164,5,3,9.609018,9.511542,9.159797,10.185635,0.344000,4.797910,0.859247,0.000000
20260718-163608-164,5,4,9.611956,9.477268,9.162736,10.151361,0.429925,4.797910,0.859496,0.168357
20260718-163608-164,5,5,9.622697,9.438763,9.160942,10.104332,0.515874,4.816623,0.859330,0.165546
20260718-163608-164,5,6,9.636486,9.392751,9.160154,10.047967,0.601807,4.838694,0.859151,0.162735
20260718-163608-164,5,7,9.653790,9.339372,9.161033,9.982327,0.687722,4.863998,0.845514,0.159926
20260718-163608-164,5,8,9.675140,9.278811,9.164320,9.907511,0.772274,4.892405,0.854488,0.325735
20260718-163608-164,5,9,9.714463,9.221506,9.162817,9.814707,0.857723,4.959204,0.853639,0.320008
20260718-163608-164,5,10,9.762324,9.160706,9.168997,9.712217,0.943087,5.031994,0.852802,0.314282
20260718-163608-164,5,11,9.819710,9.097619,9.184960,9.600901,1.028367,5.110498,0.851990,0.308554
20260718-163608-164,5,12,9.887533,9.033673,9.212823,9.481966,1.113566,5.194435,0.851216,0.302824
20260718-163608-164,5,13,9.966576,8.970523,9.254655,9.357005,1.198687,5.283530,0.850491,0.297089
20260718-163608-164,5,14,10.057444,8.910042,9.312397,9.228013,1.283736,5.377506,0.849825,0.291349
20260718-163608-164,5,15,10.160500,8.854305,9.387774,9.097402,1.368719,5.476090,0.864505,0.285602
20260718-163608-164,5,16,10.275814,8.805559,9.482202,8.967982,1.455170,5.579008,0.850737,0.253903
20260718-163608-164,5,17,10.401845,8.760800,9.596259,8.845840,1.540243,5.675710,0.850370,0.248658
20260718-163608-164,5,18,10.539380,8.726078,9.729329,8.730146,1.625280,5.775861,0.850076,0.243407
20260718-163608-164,5,19,10.687676,8.703648,9.881528,8.624120,1.710288,5.879217,0.936269,0.238148
20260718-163608-164,5,20,10.845617,8.695755,10.052461,8.531127,1.803915,5.985537,0.857970,0.103667
20260718-163608-164,5,21,11.016209,8.670104,10.231877,8.467561,1.889712,6.033599,0.857955,0.101298
20260718-163608-164,5,22,11.196169,8.651602,10.422745,8.410739,1.975507,6.082787,0.857957,0.098928
20260718-163608-164,5,23,11.385210,8.641264,10.624850,8.361886,2.061303,6.132998,0.885861,0.096557
20260718-163608-164,5,24,11.582963,8.640098,10.837874,8.322227,2.149889,6.184126,0.859924,0.018456
20260718-163608-164,5,25,11.795480,8.624788,11.053659,8.299362,2.235881,6.194288,0.859926,0.017991
20260718-163608-164,5,26,12.016693,8.611045,11.278265,8.277994,2.321874,6.204590,0.859928,0.017525
20260718-163608-164,5,27,12.246599,8.599066,11.511681,8.258337,2.407867,6.215012,0.861333,0.017060
20260718-163608-164,5,28,12.485186,8.589047,11.753893,8.240606,2.494000,6.225532,0.860000,0.000000
20260718-163608-164,5,29,12.734171,8.574676,12.002879,8.226235,2.580000,6.225532,0.860000,0.000000
20260718-163608-164,5,30,12.991743,8.559809,12.260450,8.211369,2.666000,6.225532,0.860000,0.000000
20260718-163608-164,5,31,13.257900,8.544447,12.526607,8.196007,2.752000,6.225532,0.280000,0.000000
20260718-163608-164,5,32,13.532643,8.528590,12.801350,8.180149,2.780000,6.225532,0.000000,0.000000
20260718-163608-164,5,33,13.810181,8.512571,13.078888,8.164130,2.780000,6.225532,0.000000,0.000000
20260718-163608-164,5,34,14.087719,8.496552,13.356426,8.148112,2.780000,6.225532,0.000000,0.000000
20260718-163608-164,5,35,14.365257,8.480534,13.633964,8.132093,2.780000,6.225532,-0.041576,0.000000
20260718-163608-164,5,36,14.642795,8.464515,13.911502,8.116074,2.775842,6.225532,-0.000000,0.076797
20260718-163608-164,5,37,14.910722,8.483423,14.199573,8.095523,2.775842,6.280230,-0.000000,0.076797
20260718-163608-164,5,38,15.177215,8.516950,14.488336,8.090751,2.775842,6.334928,0.000000,0.076797
20260718-163608-164,5,39,15.441476,8.564996,14.776928,8.101774,2.775842,6.389625,-0.390315,0.076797
20260718-163608-164,5,40,15.702716,8.627418,15.064486,8.128557,2.736811,6.444323,0.000000,0.246707
20260718-163608-164,5,41,15.916266,8.771665,15.375544,8.168491,2.736811,6.620823,-0.000000,0.246707
20260718-163608-164,5,42,16.101171,8.951167,15.674757,8.262421,2.736811,6.797323,-0.000000,0.246707
20260718-163608-164,5,43,16.251686,9.160347,15.952830,8.407429,2.736811,6.973822,0.000000,0.246707
20260718-163608-164,5,44,16.363133,9.392705,16.201121,8.599009,2.736811,7.150322,0.000000,0.246707
20260718-163608-164,5,45,16.432051,9.641021,16.411917,8.831210,2.736811,7.326822,-0.000000,0.246707
20260718-163608-164,5,46,16.456297,9.897581,16.578666,9.096815,2.736811,7.503321,-0.000000,0.246707
20260718-163608-164,5,47,16.435119,10.154412,16.696189,9.387573,2.736811,7.679821,0.430297,0.246707
20260718-163608-164,5,48,16.369174,10.403535,16.760834,9.694449,2.779841,7.856321,-0.000000,-0.015046
20260718-163608-164,5,49,16.375310,10.683602,16.759352,9.970362,2.779841,7.845609,0.000000,-0.015046
20260718-163608-164,5,50,16.384446,10.963588,16.760826,10.246275,2.779841,7.834897,-0.000000,-0.015046
20260718-163608-164,5,51,16.396581,11.243460,16.765256,10.522156,2.779841,7.824185,0.000000,-0.015046
20260718-163608-164,5,52,16.411713,11.523186,16.772640,10.797974,2.779841,7.813474,-0.000000,-0.015046
20260718-163608-164,5,53,16.429840,11.802733,16.782979,11.073698,2.779841,7.802762,0.000000,-0.015046
20260718-163608-164,5,54,16.450961,12.082071,16.796270,11.349294,2.779841,7.792050,0.000000,-0.015046
20260718-163608-164,5,55,16.475073,12.361166,16.812513,11.624733,2.779841,7.781338,-0.859948,-0.015046
20260718-163608-164,5,56,16.502172,12.639987,16.831705,11.899981,2.693846,7.770626,-0.859942,-0.015512
20260718-163608-164,5,57,16.531443,12.909938,16.853037,12.166448,2.607852,7.759925,-0.859937,-0.015977
20260718-163608-164,5,58,16.562682,13.171004,16.876324,12.424125,2.521858,7.749254,-0.859933,-0.016443
20260718-163608-164,5,59,16.595683,13.423172,16.901376,12.673005,2.435864,7.738634,-0.859929,-0.016908
20260718-163608-164,5,60,16.630235,13.666436,16.927998,12.913085,2.349872,7.728086,-0.859926,-0.017374
20260718-163608-164,5,61,16.666125,13.900791,16.955995,13.144368,2.263879,7.717630,-0.859924,-0.017839
20260718-163608-164,5,62,16.703137,14.126238,16.985168,13.366858,2.177886,7.707287,-0.859923,-0.018304
20260718-163608-164,5,63,16.741054,14.342782,17.015318,13.580562,2.091894,7.697078,-0.858942,-0.018770
20260718-163608-164,5,64,16.779660,14.550433,17.046245,13.785494,2.006000,7.687021,-0.860000,0.000000
20260718-163608-164,5,65,16.812997,14.748244,17.079582,13.983304,1.920000,7.687021,-0.860000,0.000000
20260718-163608-164,5,66,16.844904,14.937574,17.111489,14.172634,1.834000,7.687021,-0.860000,0.000000
20260718-163608-164,5,67,16.875383,15.118423,17.141968,14.353484,1.748000,7.687021,-0.860111,0.000000
20260718-163608-164,5,68,16.904432,15.290793,17.171017,14.525853,1.661989,7.687021,-0.859988,-0.008568
20260718-163608-164,5,69,16.934045,15.455063,17.197839,14.689157,1.575990,7.683375,-0.859988,-0.008757
20260718-163608-164,5,70,16.962705,15.610744,17.223791,14.843910,1.489991,7.679841,-0.859989,-0.008946
20260718-163608-164,5,71,16.990332,15.757844,17.248798,14.990124,1.403992,7.676427,0.000000,-0.009135
20260718-163608-164,5,72,17.016845,15.896377,17.272788,15.127812,1.403992,7.673143,-0.000000,0.009135
20260718-163608-164,5,73,17.040381,16.034148,17.298848,15.266427,1.403992,7.676427,0.000000,0.009135
20260718-163608-164,5,74,17.063465,16.171995,17.324451,15.405127,1.403992,7.679712,0.000000,0.009135
20260718-163608-164,5,75,17.086096,16.309916,17.349600,15.543910,1.403992,7.682996,-0.859924,0.009135
20260718-163608-164,5,76,17.108274,16.447912,17.374292,15.682775,1.318000,7.686280,-0.860000,0.000000
20260718-163608-164,5,77,17.130273,16.577863,17.396291,15.812726,1.232000,7.686280,-0.860000,0.000000
20260718-163608-164,5,78,17.150837,16.699335,17.416856,15.934198,1.146000,7.686280,-0.860000,0.000000
20260718-163608-164,5,79,17.169966,16.812327,17.435984,16.047190,1.060000,7.686280,-0.860000,0.000000
20260718-163608-164,5,80,17.187659,16.916840,17.453677,16.151703,0.974000,7.686280,-0.860000,0.000000
20260718-163608-164,5,81,17.203917,17.012873,17.469935,16.247737,0.888000,7.686280,-0.860000,0.000000
20260718-163608-164,5,82,17.218739,17.100428,17.484757,16.335291,0.802000,7.686280,-0.860000,0.000000
20260718-163608-164,5,83,17.232126,17.179503,17.498144,16.414366,0.716000,7.686280,-0.860000,0.000000
20260718-163608-164,5,84,17.244077,17.250098,17.510095,16.484961,0.630000,7.686280,-0.860000,0.000000
20260718-163608-164,5,85,17.254593,17.312214,17.520611,16.547077,0.544000,7.686280,-0.860000,0.000000
20260718-163608-164,5,86,17.263673,17.365851,17.529691,16.600714,0.458000,7.686280,-0.860000,0.000000
20260718-163608-164,5,87,17.271318,17.411009,17.537336,16.645872,0.372000,7.686280,-0.860000,0.000000
20260718-163608-164,5,88,17.277527,17.447687,17.543545,16.682550,0.286000,7.686280,-0.860000,0.000000
20260718-163608-164,5,89,17.282301,17.475885,17.548319,16.710749,0.200000,7.686280,-0.860000,0.000000
20260718-163608-164,5,90,17.285639,17.495605,17.551657,16.730468,0.114000,7.686280,-0.860000,0.000000
20260718-163608-164,5,91,17.287542,17.506845,17.553560,16.741708,0.028000,7.686280,-0.280000,0.000000
20260718-163608-164,5,92,17.288009,17.509606,17.554027,16.744469,0.000000,7.686280,-0.860000,0.000000
20260718-163608-164,5,93,17.288009,17.509606,17.554027,16.744469,-0.086000,7.686280,-0.860000,3.141593
20260718-163608-164,5,94,17.286574,17.501126,17.552592,16.735990,-0.172000,7.686280,-0.860000,3.141593
20260718-163608-164,5,95,17.283703,17.484168,17.549721,16.719031,-0.258000,7.686280,-0.860000,3.141593
20260718-163608-164,5,96,17.279396,17.458730,17.545415,16.693593,-0.344000,7.686280,-0.860000,3.141593
20260718-163608-164,5,97,17.273654,17.424812,17.539673,16.659675,-0.430000,7.686280,-0.860000,3.141593
20260718-163608-164,5,98,17.266477,17.382415,17.532495,16.617279,-0.516000,7.686280,-0.860000,3.141593
20260718-163608-164,5,99,17.257864,17.331539,17.523882,16.566402,-0.602000,7.686280,-0.860000,3.141593
20260718-163608-164,5,100,17.247816,17.272184,17.513834,16.507047,-0.688000,7.686280,-0.860000,3.141593
20260718-163608-164,5,101,17.236332,17.204349,17.502350,16.439212,-0.774000,7.686280,-0.860000,3.141593
20260718-163608-164,5,102,17.223413,17.128035,17.489431,16.362898,-0.860000,7.686280,-0.860000,3.141593
20260718-163608-164,5,103,17.209058,17.043241,17.475076,16.278105,-0.946000,7.686280,-0.860000,3.141593
20260718-163608-164,5,104,17.193268,16.949969,17.459286,16.184832,-1.032000,7.686280,-0.860000,3.141593
20260718-163608-164,5,105,17.176042,16.848216,17.442060,16.083079,-1.118000,7.686280,-0.860000,3.141593
20260718-163608-164,5,106,17.157381,16.737985,17.423399,15.972848,-1.204000,7.686280,-0.470000,3.141593
20260718-163608-164,5,107,17.137284,16.619274,17.403302,15.854137,-1.251000,7.686280,0.000000,3.141593
20260718-163608-164,5,108,17.116403,16.495929,17.382421,15.730792,-1.251000,7.686280,0.000000,3.141593
20260718-163608-164,5,109,17.095521,16.372584,17.361540,15.607447,-1.251000,7.686280,0.860000,3.141593
20260718-163608-164,5,110,17.074640,16.249239,17.340658,15.484102,-1.165000,7.686280,0.860000,3.141593
20260718-163608-164,5,111,17.055194,16.134373,17.321213,15.369236,-1.079000,7.686280,0.860000,3.141593
20260718-163608-164,5,112,17.037184,16.027987,17.303202,15.262850,-0.993000,7.686280,0.860000,3.141593
20260718-163608-164,5,113,17.020609,15.930080,17.286627,15.164943,-0.907000,7.686280,0.860000,3.141593
20260718-163608-164,5,114,17.005470,15.840652,17.271488,15.075516,-0.821000,7.686280,0.860000,3.141593
20260718-163608-164,5,115,16.991766,15.759704,17.257784,14.994567,-0.735000,7.686280,0.860000,3.141593
20260718-163608-164,5,116,16.979498,15.687235,17.245516,14.922099,-0.649000,7.686280,0.860000,3.141593
20260718-163608-164,5,117,16.968665,15.623246,17.234683,14.858109,-0.563000,7.686280,0.860000,3.141593
20260718-163608-164,5,118,16.959268,15.567736,17.225286,14.802599,-0.477000,7.686280,0.860000,3.141593
20260718-163608-164,5,119,16.951306,15.520705,17.217324,14.755568,-0.391000,7.686280,0.860000,3.141593
20260718-163608-164,5,120,16.944779,15.482153,17.210797,14.717017,-0.305000,7.686280,0.860000,3.141593
20260718-163608-164,5,121,16.939688,15.452081,17.205706,14.686944,-0.219000,7.686280,0.860000,3.141593
20260718-163608-164,5,122,16.936033,15.430488,17.202051,14.665352,-0.133000,7.686280,0.860000,3.141593
20260718-163608-164,5,123,16.933813,15.417375,17.199831,14.652238,-0.047000,7.686280,0.470000,3.141593
20260718-163608-164,5,124,16.933028,15.412741,17.199046,14.647604,0.000000,7.686280,0.859906,0.000000
20260718-163608-164,5,125,16.933028,15.412741,17.199046,14.647604,0.085991,7.686280,0.859372,0.591157
20260718-163608-164,5,126,16.928698,15.419233,17.205996,14.658112,0.171928,7.701061,0.858383,0.582013
20260718-163608-164,5,127,16.919859,15.432125,17.219089,14.679356,0.257766,7.730034,0.857018,0.572946
20260718-163608-164,5,128,16.906068,15.451129,17.237074,14.711781,0.343468,7.772618,0.855350,0.563946
20260718-163608-164,5,129,16.886655,15.475744,17.258257,14.755943,0.429003,7.828247,0.853447,0.554999
20260718-163608-164,5,130,16.860769,15.505225,17.280499,14.812385,0.514348,7.896361,0.851371,0.546096
20260718-163608-164,5,131,16.827439,15.538548,17.301227,14.881490,0.599485,7.976410,0.875016,0.537226
20260718-163608-164,5,132,16.785651,15.574371,17.317460,14.963323,0.686986,8.067855,0.864260,0.299322
20260718-163608-164,5,133,16.751235,15.625833,17.315417,15.044543,0.773412,8.122144,0.817943,-0.194272
20260718-163608-164,5,134,16.745187,15.711978,17.286296,15.109150,0.855207,8.083176,0.847779,-0.449402
20260718-163608-164,5,135,16.767875,15.824168,17.242409,15.167649,0.939985,7.977547,0.896491,-0.438328
20260718-163608-164,5,136,16.805328,15.943390,17.202926,15.237616,1.029634,7.864715,0.879480,-0.251444
20260718-163608-164,5,137,16.835546,16.059068,17.184465,15.328003,1.117582,7.796983,-0.623426,-0.095294
20260718-163608-164,5,138,16.855029,16.175105,17.183822,15.434771,1.055239,7.769628,-0.826772,-0.060473
20260718-163608-164,5,139,16.871718,16.282748,17.188355,15.537134,0.972562,7.753266,-0.782801,-0.018927
20260718-163608-164,5,140,16.883712,16.380208,17.196830,15.633109,0.894282,7.748552,-0.799670,-0.030947
20260718-163608-164,5,141,16.896406,16.470173,17.204220,15.720873,0.814315,7.741463,-0.742487,0.021362
20260718-163608-164,5,142,16.903521,16.550441,17.214670,15.802520,0.740066,7.745918,-0.761399,-0.066172
20260718-163608-164,5,143,16.917136,16.625840,17.218867,15.874070,0.663926,7.733359,-0.709417,0.146763
20260718-163608-164,5,144,16.914069,16.688041,17.234598,15.944091,0.592985,7.758492,-0.582089,-0.387574
20260718-163608-164,5,145,16.946738,16.755932,17.220564,15.993555,0.534776,7.696503,-0.829495,0.543967
20260718-163608-164,5,146,16.919672,16.796810,17.255634,16.059701,0.451826,7.779333,-0.854862,-0.552616
20260718-163608-164,5,147,16.952966,16.852665,17.235521,16.093479,0.366340,7.707976,-0.855162,0.561550
20260718-163608-164,5,148,16.934010,16.880230,17.260853,16.139032,0.280824,7.766995,-2.808238,-0.432939
20260718-163608-164,5,149,16.949786,16.913351,17.251817,16.161701,0.000000,7.733758,0.000000,0.000000
20260718-163608-164,6,0,31.548077,17.639164,30.531923,17.140836,-0.063000,6.251769,-0.630000,3.141593
20260718-163608-164,6,1,31.541780,17.639362,30.525626,17.141034,-0.126000,6.251769,-0.630000,3.141593
20260718-163608-164,6,2,31.529186,17.639758,30.513032,17.141430,-0.189000,6.251769,-0.630000,3.141593
20260718-163608-164,6,3,31.510296,17.640351,30.494142,17.142023,-0.252000,6.251769,-0.629263,3.141593
20260718-163608-164,6,4,31.485108,17.641143,30.468954,17.142815,-0.314926,6.251769,-0.629516,-2.780319
20260718-163608-164,6,5,31.458924,17.631763,30.432227,17.155536,-0.377878,6.230134,-0.629363,-2.787177
20260718-163608-164,6,6,31.427128,17.621600,30.388656,17.171626,-0.440814,6.204710,-0.629202,-2.794032
20260718-163608-164,6,7,31.389595,17.611163,30.338498,17.191526,-0.503734,6.175675,-0.630098,-2.800886
20260718-163608-164,6,8,31.346223,17.601022,30.282056,17.215731,-0.566744,6.143204,-0.629200,-2.857919
20260718-163608-164,6,9,31.295887,17.594547,30.220627,17.241394,-0.629664,6.113163,-0.629084,-2.863751
20260718-163608-164,6,10,31.239654,17.589582,30.153439,17.271721,-0.692573,6.080510,-0.628973,-2.869583
20260718-163608-164,6,11,31.177550,17.586737,30.080843,17.307215,-0.755470,6.045387,-0.629965,-2.875416
20260718-163608-164,6,12,31.109644,17.586655,30.003240,17.348392,-0.818466,6.007937,-0.628979,-2.903613
20260718-163608-164,6,13,31.035621,17.591702,29.921339,17.393524,-0.881364,5.971839,-0.229609,-2.908950
20260718-163608-164,6,14,30.956108,17.600669,29.835106,17.444931,-0.904325,5.933871,0.000000,-2.910898
20260718-163608-164,6,15,30.874921,17.613204,29.748742,17.500863,-0.904325,5.895252,-0.001218,-2.910898
20260718-163608-164,6,16,30.794279,17.628865,29.664602,17.560089,-0.904447,5.856633,-0.000000,-2.932113
20260718-163608-164,6,17,30.714104,17.649400,29.582713,17.620153,-0.904447,5.821672,-0.000000,-2.932113
20260718-163608-164,6,18,30.634696,17.672726,29.502974,17.683042,-0.904447,5.786711,0.000000,-2.932113
20260718-163608-164,6,19,30.556151,17.698813,29.425482,17.748681,-0.904447,5.751751,0.000000,-2.932113
20260718-163608-164,6,20,30.478567,17.727630,29.350331,17.816988,-0.904447,5.716790,-0.000000,-2.932113
20260718-163608-164,6,21,30.402037,17.759140,29.277614,17.887880,-0.904447,5.681829,-0.000000,-2.932113
20260718-163608-164,6,22,30.326655,17.793307,29.207419,17.961270,-0.904447,5.646868,0.000000,-2.932113
20260718-163608-164,6,23,30.252514,17.830087,29.139833,18.037070,-0.904447,5.611908,0.000000,-2.932113
20260718-163608-164,6,24,30.179703,17.869437,29.074937,18.115185,-0.904447,5.576947,0.000000,-2.932113
20260718-163608-164,6,25,30.108312,17.911307,29.012811,18.195521,-0.904447,5.541986,-0.000000,-2.932113
20260718-163608-164,6,26,30.038429,17.955647,28.953532,18.277979,-0.904447,5.507025,-0.000000,-2.932113
20260718-163608-164,6,27,29.970138,18.002403,28.897170,18.362459,-0.904447,5.472065,0.000000,-2.932113
20260718-163608-164,6,28,29.903523,18.051518,28.843796,18.448857,-0.904447,5.437104,-0.000000,-2.932113
20260718-163608-164,6,29,29.838666,18.102930,28.793475,18.537069,-0.904447,5.402143,0.000000,-2.932113
20260718-163608-164,6,30,29.775645,18.156579,28.746267,18.626985,-0.904447,5.367182,0.000000,-2.932113
20260718-163608-164,6,31,29.714538,18.212397,28.702232,18.718496,-0.904447,5.332222,0.000000,-2.932113
20260718-163608-164,6,32,29.655419,18.270317,28.661422,18.811491,-0.904447,5.297261,-0.000000,-2.932113
20260718-163608-164,6,33,29.598361,18.330268,28.623887,18.905855,-0.904447,5.262300,-0.000000,-2.932113
20260718-163608-164,6,34,29.543434,18.392177,28.589674,19.001473,-0.904447,5.227339,0.000000,-2.932113
20260718-163608-164,6,35,29.490703,18.455968,28.558823,19.098229,-0.904447,5.192379,-0.005523,-2.932113
20260718-163608-164,6,36,29.440235,18.521563,28.531374,19.196005,-0.904999,5.157418,-0.000000,3.134132
20260718-163608-164,6,37,29.401590,18.603758,28.491901,19.277084,-0.904999,5.158646,0.000000,3.134132
20260718-163608-164,6,38,29.362843,18.685906,28.452329,19.358114,-0.904999,5.159873,-0.000000,3.134132
20260718-163608-164,6,39,29.323996,18.768006,28.412658,19.439096,-0.904999,5.161101,0.629993,3.134132
20260718-163608-164,6,40,29.285048,18.850059,28.372887,19.520030,-0.842000,5.162328,0.630000,3.141593
20260718-163608-164,6,41,29.248429,18.925879,28.336267,19.595849,-0.779000,5.162328,0.630000,3.141593
20260718-163608-164,6,42,29.214549,18.996026,28.302388,19.665996,-0.716000,5.162328,0.630000,3.141593
20260718-163608-164,6,43,29.183410,19.060499,28.271248,19.730470,-0.653000,5.162328,0.634713,3.141593
20260718-163608-164,6,44,29.155010,19.119300,28.242848,19.789271,-0.589529,5.162328,0.628800,-2.784646
20260718-163608-164,6,45,29.117743,19.155453,28.233083,19.861340,-0.526649,5.122356,0.628993,-2.777270
20260718-163608-164,6,46,29.085337,19.188608,28.227036,19.926321,-0.463749,5.085840,0.629183,-2.769893
20260718-163608-164,6,47,29.057484,19.218439,28.223891,19.983960,-0.400831,5.052972,0.628310,-2.762514
20260718-163608-164,6,48,29.033906,19.244671,28.222884,20.034066,-0.338000,5.023941,0.630000,3.141593
20260718-163608-164,6,49,29.023545,19.276844,28.212523,20.066239,-0.275000,5.023941,0.630000,3.141593
20260718-163608-164,6,50,29.015115,19.303020,28.204094,20.092415,-0.212000,5.023941,0.630000,3.141593
20260718-163608-164,6,51,29.008616,19.323200,28.197595,20.112594,-0.149000,5.023941,0.630000,3.141593
20260718-163608-164,6,52,29.004049,19.337382,28.193028,20.126777,-0.086000,5.023941,0.630000,3.141593
20260718-163608-164,6,53,29.001413,19.345568,28.190391,20.134963,-0.023000,5.023941,0.630000,3.141593
20260718-163608-164,6,54,29.000708,19.347757,28.189686,20.137152,0.040000,5.023941,0.630000,0.000000
20260718-163608-164,6,55,29.001934,19.343950,28.190913,20.133345,0.103000,5.023941,0.629944,0.000000
20260718-163608-164,6,56,29.005091,19.334146,28.194070,20.123541,0.165994,5.023941,0.629914,-0.266349
20260718-163608-164,6,57,29.006786,19.314978,28.202292,20.111024,0.228986,5.015707,0.629859,-0.261498
20260718-163608-164,6,58,29.008922,19.288591,28.213348,20.093552,0.291972,5.004564,0.629794,-0.256648
20260718-163608-164,6,59,29.011297,19.255012,28.227014,20.070977,0.354951,4.990633,0.629722,-0.251799
20260718-163608-164,6,60,29.013652,19.214266,28.243024,20.043140,0.417923,4.974030,0.629646,-0.246952
20260718-163608-164,6,61,29.015680,19.166384,28.261069,20.009867,0.480888,4.954874,0.629566,-0.242104
20260718-163608-164,6,62,29.017025,19.111405,28.280802,19.970984,0.543845,4.933282,0.629486,-0.237258
20260718-163608-164,6,63,29.017291,19.049379,28.301829,19.926314,0.606793,4.909372,0.627381,-0.232411
20260718-163608-164,6,64,29.016042,18.980372,28.323721,19.875688,0.669531,4.883259,0.628824,-0.298162
20260718-163608-164,6,65,29.007972,18.901334,28.349622,19.821918,0.732414,4.845848,0.628697,-0.291823
20260718-163608-164,6,66,28.996141,18.815558,28.375134,19.761734,0.795283,4.805845,0.628579,-0.285482
20260718-163608-164,6,67,28.979849,18.723314,28.399544,19.694986,0.858141,4.763406,0.622307,-0.279140
20260718-163608-164,6,68,28.958380,18.624930,28.422094,19.621573,0.920372,4.718685,0.627417,-0.341286
20260718-163608-164,6,69,28.923408,18.517812,28.447272,19.544551,0.983114,4.659248,0.627297,-0.333365
20260718-163608-164,6,70,28.879889,18.406219,28.468178,19.460446,1.045843,4.597350,0.627203,-0.325440
20260718-163608-164,6,71,28.826986,18.290983,28.483720,19.369439,1.108564,4.533185,0.627137,-0.317511
20260718-163608-164,6,72,28.763923,18.173034,28.492792,19.271847,1.171277,4.466947,0.627100,-0.309577
20260718-163608-164,6,73,28.690002,18.053406,28.494290,19.168124,1.233987,4.398830,0.627092,-0.301639
20260718-163608-164,6,74,28.604619,17.933217,28.487135,19.058871,1.296697,4.329023,0.627116,-0.293696
20260718-163608-164,6,75,28.507280,17.813669,28.470291,18.944833,1.359408,4.257719,0.621308,-0.285748
20260718-163608-164,6,76,28.397613,17.696031,28.442788,18.826897,1.421539,4.185104,0.626863,-0.297061
20260718-163608-164,6,77,28.271723,17.582410,28.406138,18.706168,1.484225,4.105984,0.626999,-0.288555
20260718-163608-164,6,78,28.132599,17.474421,28.356504,18.583820,1.546925,4.025879,0.627170,-0.280044
20260718-163608-164,6,79,27.980393,17.373581,28.293209,18.461260,1.609642,3.944989,0.627376,-0.271528
20260718-163608-164,6,80,27.815438,17.281391,28.215740,18.340003,1.672380,3.863510,0.627613,-0.263007
20260718-163608-164,6,81,27.638236,17.199316,28.123768,18.221646,1.735141,3.781642,0.627881,-0.254481
20260718-163608-164,6,82,27.449460,17.128754,28.017159,18.107844,1.797929,3.699579,0.059813,-0.245951
20260718-163608-164,6,83,27.249935,17.071016,27.895980,18.000277,1.803911,3.617517,0.000000,-0.245138
20260718-163608-164,6,84,27.045800,17.029592,27.765833,17.902777,1.803911,3.535465,-0.000000,-0.245138
20260718-163608-164,6,85,26.838957,17.005038,27.628133,17.816272,1.803911,3.453414,0.000000,-0.245138
20260718-163608-164,6,86,26.630797,16.997520,27.483807,17.741344,1.803911,3.371362,-0.000000,-0.245138
20260718-163608-164,6,87,26.422721,17.007088,27.333825,17.678497,1.803911,3.289311,0.021534,-0.245138
20260718-163608-164,6,88,26.216130,17.033677,27.179196,17.628154,1.806064,3.207259,-0.000000,-0.198231
20260718-163608-164,6,89,26.016585,17.066115,27.016741,17.595821,1.806064,3.141299,0.000000,-0.198231
20260718-163608-164,6,90,25.819613,17.111636,26.852508,17.574267,1.806064,3.075338,-0.000000,-0.198231
20260718-163608-164,6,91,25.626069,17.170041,26.687211,17.563585,1.806064,3.009378,0.039336,-0.198231
20260718-163608-164,6,92,25.436795,17.241075,26.521569,17.563821,1.809998,2.943418,0.000000,-0.004974
20260718-163608-164,6,93,25.259133,17.277889,26.344434,17.598859,1.809998,2.941781,0.000000,-0.004974
20260718-163608-164,6,94,25.081531,17.314993,26.167356,17.634187,1.809998,2.940144,0.000000,-0.004974
20260718-163608-164,6,95,24.903991,17.352388,25.990336,17.669804,1.809998,2.938507,-0.000398,-0.004974
20260718-163608-164,6,96,24.726511,17.390074,25.813375,17.705711,1.809958,2.936871,-0.000000,-0.020746
20260718-163608-164,6,97,24.548482,17.431794,25.637475,17.740003,1.809958,2.930043,0.000000,-0.020746
20260718-163608-164,6,98,24.370741,17.474728,25.461814,17.775494,1.809958,2.923214,-0.000000,-0.020746
20260718-163608-164,6,99,24.193297,17.518876,25.286398,17.812185,1.809958,2.916386,0.000000,-0.020746
20260718-163608-164,6,100,24.016159,17.564233,25.111238,17.850072,1.809958,2.909558,0.000000,-0.020746
20260718-163608-164,6,101,23.839335,17.610800,24.936340,17.889154,1.809958,2.902730,0.000000,-0.020746
20260718-163608-164,6,102,23.662833,17.658572,24.761713,17.929429,1.809958,2.895902,0.000000,-0.020746
20260718-163608-164,6,103,23.486662,17.707548,24.587365,17.970896,1.809958,2.889074,-0.000000,-0.020746
20260718-163608-164,6,104,23.310828,17.757727,24.413304,18.013553,1.809958,2.882246,-0.000000,-0.020746
20260718-163608-164,6,105,23.135342,17.809104,24.239539,18.057397,1.809958,2.875417,0.000000,-0.020746
20260718-163608-164,6,106,22.960210,17.861679,24.066077,18.102426,1.809958,2.868589,-0.000000,-0.020746
20260718-163608-164,6,107,22.785442,17.915449,23.892926,18.148639,1.809958,2.861761,-0.003406,-0.020746
20260718-163608-164,6,108,22.611045,17.970410,23.720096,18.196033,1.809617,2.854933,0.000000,0.062429
20260718-163608-164,6,109,22.438852,18.006626,23.543028,18.255010,1.809617,2.875500,0.000000,0.062429
20260718-163608-164,6,110,22.265951,18.039293,23.364786,18.310332,1.809617,2.896067,-0.000000,0.062429
20260718-163608-164,6,111,22.092415,18.068398,23.185443,18.361978,1.809617,2.916634,0.002936,0.062429
20260718-163608-164,6,112,21.918317,18.093927,23.005076,18.409924,1.809911,2.937202,-0.000000,0.030155
20260718-163608-164,6,113,21.742324,18.123518,22.825893,18.450287,1.809911,2.947128,0.000000,0.030155
20260718-163608-164,6,114,21.566045,18.151360,22.646318,18.488869,1.809911,2.957054,0.000000,0.030155
20260718-163608-164,6,115,21.389499,18.177451,22.466368,18.525666,1.809911,2.966981,0.000745,0.030155
20260718-163608-164,6,116,21.212703,18.201789,22.286062,18.560676,1.809985,2.976907,0.000000,0.012246
20260718-163608-164,6,117,21.034761,18.228581,22.106665,18.591791,1.809985,2.980938,0.000000,0.012246
20260718-163608-164,6,118,20.856713,18.254655,21.927145,18.622183,1.809985,2.984968,-0.000000,0.012246
20260718-163608-164,6,119,20.678561,18.280012,21.747503,18.651851,1.809985,2.988998,-0.003681,0.012246
20260718-163608-164,6,120,20.500309,18.304651,21.567743,18.680795,1.809617,2.993029,0.000000,0.062429
20260718-163608-164,6,121,20.324770,18.316819,21.384243,18.714835,1.809617,3.013596,-0.000000,0.062429
20260718-163608-164,6,122,20.149018,18.325374,21.200082,18.745095,1.809617,3.034163,0.000000,0.062429
20260718-163608-164,6,123,19.973128,18.330313,21.015337,18.771561,1.809617,3.054730,-0.003547,0.062429
20260718-163608-164,6,124,19.797173,18.331633,20.830087,18.794222,1.809262,3.075297,0.000000,-0.086568
20260718-163608-164,6,125,19.610595,18.363610,20.656292,18.796527,1.809262,3.046749,-0.000000,-0.086568
20260718-163608-164,6,126,19.425005,18.400901,20.482634,18.803791,1.809262,3.018200,0.000000,-0.086568
20260718-163608-164,6,127,19.240556,18.443473,20.309254,18.816010,1.809262,2.989652,-0.000000,-0.086568
20260718-163608-164,6,128,19.057397,18.491293,20.136294,18.833173,1.809262,2.961103,-0.000000,-0.086568
20260718-163608-164,6,129,18.875677,18.544322,19.963893,18.855266,1.809262,2.932555,0.000000,-0.086568
20260718-163608-164,6,130,18.695546,18.602517,19.792194,18.882271,1.809262,2.904006,0.000000,-0.086568
20260718-163608-164,6,131,18.517149,18.665829,19.621336,18.914166,1.809262,2.875458,0.006953,-0.086568
20260718-163608-164,6,132,18.340631,18.734208,19.451457,18.950925,1.809958,2.846909,-0.000000,0.020746
20260718-163608-164,6,133,18.167831,18.781804,19.277151,19.006100,1.809958,2.853737,0.000000,0.020746
20260718-163608-164,6,134,17.994711,18.828218,19.102473,19.060084,1.809958,2.860565,0.000000,0.020746
20260718-163608-164,6,135,17.821277,18.873449,18.927430,19.112874,1.809958,2.867394,-0.629578,0.020746
20260718-163608-164,6,136,17.647538,18.917495,18.752031,19.164467,1.747000,2.874222,-0.630000,0.000000
20260718-163608-164,6,137,17.479046,18.963650,18.583539,19.210622,1.684000,2.874222,-0.630000,0.000000
20260718-163608-164,6,138,17.316629,19.008141,18.421122,19.255113,1.621000,2.874222,-0.630000,0.000000
20260718-163608-164,6,139,17.160289,19.050967,18.264782,19.297939,1.558000,2.874222,-0.630000,0.000000
20260718-163608-164,6,140,17.010024,19.092129,18.114517,19.339101,1.495000,2.874222,-0.630000,0.000000
20260718-163608-164,6,141,16.865836,19.131626,17.970329,19.378598,1.432000,2.874222,-0.630000,0.000000
20260718-163608-164,6,142,16.727724,19.169459,17.832217,19.416431,1.369000,2.874222,-0.630000,0.000000
20260718-163608-164,6,143,16.595689,19.205628,17.700182,19.452600,1.306000,2.874222,-0.630000,0.000000
20260718-163608-164,6,144,16.469729,19.240132,17.574222,19.487104,1.243000,2.874222,-0.630000,0.000000
20260718-163608-164,6,145,16.349845,19.272972,17.454338,19.519943,1.180000,2.874222,-0.630000,0.000000
20260718-163608-164,6,146,16.236038,19.304147,17.340531,19.551119,1.117000,2.874222,-0.630000,0.000000
20260718-163608-164,6,147,16.128307,19.333658,17.232800,19.580629,1.054000,2.874222,-0.630000,0.000000
20260718-163608-164,6,148,16.026652,19.361504,17.131145,19.608476,0.991000,2.874222,-0.630000,0.000000
20260718-163608-164,6,149,15.931073,19.387686,17.035566,19.634658,0.928000,2.874222,-0.630000,0.000000
20260718-163608-164,6,150,15.841570,19.412203,16.946063,19.659175,0.865000,2.874222,-0.630000,0.000000
20260718-163608-164,6,151,15.758144,19.435056,16.862637,19.682028,0.802000,2.874222,-0.630000,0.000000
20260718-163608-164,6,152,15.680793,19.456245,16.785286,19.703217,0.739000,2.874222,-0.630000,0.000000
20260718-163608-164,6,153,15.609519,19.475769,16.714012,19.722741,0.676000,2.874222,-0.630000,0.000000
20260718-163608-164,6,154,15.544321,19.493629,16.648814,19.740601,0.613000,2.874222,-0.630000,0.000000
20260718-163608-164,6,155,15.485199,19.509824,16.589692,19.756796,0.550000,2.874222,-0.630000,0.000000
20260718-163608-164,6,156,15.432153,19.524355,16.536646,19.771327,0.487000,2.874222,-0.630000,0.000000
20260718-163608-164,6,157,15.385184,19.537221,16.489677,19.784193,0.424000,2.874222,-0.630000,0.000000
20260718-163608-164,6,158,15.344290,19.548423,16.448783,19.795395,0.361000,2.874222,-0.630000,0.000000
20260718-163608-164,6,159,15.309473,19.557961,16.413966,19.804932,0.298000,2.874222,-0.630000,0.000000
20260718-163608-164,6,160,15.280732,19.565834,16.385225,19.812806,0.235000,2.874222,-0.630000,0.000000
20260718-163608-164,6,161,15.258067,19.572042,16.362560,19.819014,0.172000,2.874222,-0.630000,0.000000
20260718-163608-164,6,162,15.241478,19.576587,16.345971,19.823558,0.109000,2.874222,-0.630000,0.000000
20260718-163608-164,6,163,15.230965,19.579466,16.335458,19.826438,0.046000,2.874222,-0.460000,0.000000
20260718-163608-164,6,164,15.226529,19.580682,16.331022,19.827653,0.000000,2.874222,-0.629989,0.000000
20260718-163608-164,6,165,15.226529,19.580682,16.331022,19.827653,-0.062999,2.874222,-0.629925,-2.661398
20260718-163608-164,6,166,15.231868,19.582278,16.337815,19.822656,-0.125991,2.868256,-0.629808,-2.669883
20260718-163608-164,6,167,15.242593,19.585205,16.351273,19.812643,-0.188972,2.856570,-0.629646,-2.678356
20260718-163608-164,6,168,15.258767,19.589110,16.371187,19.797489,-0.251937,2.839408,-0.629450,-2.686821
20260718-163608-164,6,169,15.280457,19.593556,16.397265,19.776969,-0.314882,2.817011,-0.629227,-2.695279
20260718-163608-164,6,170,15.307723,19.598026,16.429136,19.750779,-0.377805,2.789615,-0.628986,-2.703731
20260718-163608-164,6,171,15.340602,19.601929,16.466347,19.718545,-0.440703,2.757456,-0.628734,-2.712180
20260718-163608-164,6,172,15.379095,19.604601,16.508359,19.679842,-0.503577,2.720765,-0.628477,-2.720626
20260718-163608-164,6,173,15.423147,19.605315,16.554547,19.634213,-0.566424,2.679770,-0.628220,-2.729071
20260718-163608-164,6,174,15.472641,19.603292,16.604194,19.581185,-0.629246,2.634700,-0.627971,-2.737517
20260718-163608-164,6,175,15.527375,19.597705,16.656493,19.520290,-0.692043,2.585779,-0.627732,-2.745963
20260718-163608-164,6,176,15.587054,19.587699,16.710547,19.451082,-0.754817,2.533227,-0.582695,-2.754411
20260718-163608-164,6,177,15.651277,19.572403,16.765369,19.373159,-0.813086,2.477266,0.000000,-2.762259
20260718-163608-164,6,178,15.719171,19.551133,16.819594,19.286617,-0.813086,2.418333,-0.000000,-2.762259
20260718-163608-164,6,179,15.785694,19.525901,16.868627,19.197031,-0.813086,2.359401,-0.000000,-2.762259
20260718-163608-164,6,180,15.850615,19.496795,16.912299,19.104713,-0.813086,2.300468,0.000000,-2.762259
20260718-163608-164,6,181,15.913710,19.463915,16.950457,19.009983,-0.813086,2.241536,0.000000,-2.762259
20260718-163608-164,6,182,15.974758,19.427377,16.982970,18.913169,-0.813086,2.182603,-0.000000,-2.762259
20260718-163608-164,6,183,16.033549,19.387306,17.009724,18.814609,-0.813086,2.123671,0.000000,-2.762259
20260718-163608-164,6,184,16.089877,19.343842,17.030627,18.714644,-0.813086,2.064738,0.000000,-2.762259
20260718-163608-164,6,185,16.143548,19.297136,17.045606,18.613622,-0.813086,2.005806,-0.000000,-2.762259
20260718-163608-164,6,186,16.194374,19.247350,17.054608,18.511893,-0.813086,1.946873,-0.000000,-2.762259
20260718-163608-164,6,187,16.242180,19.194657,17.057603,18.409810,-0.813086,1.887941,0.000000,-2.762259
20260718-163608-164,6,188,16.286799,19.139239,17.054581,18.307727,-0.813086,1.829008,0.000000,-2.762259
20260718-163608-164,6,189,16.328077,19.081290,17.045551,18.206001,-0.813086,1.770076,0.627525,-2.762259
20260718-163608-164,6,190,16.365870,19.021010,17.030545,18.104982,-0.750333,1.711143,0.627749,-2.753808
20260718-163608-164,6,191,16.398247,18.963928,17.010872,18.012302,-0.687559,1.655418,0.627988,-2.745360
20260718-163608-164,6,192,16.425765,18.910476,16.987805,17.928126,-0.624760,1.603119,0.628238,-2.736913
20260718-163608-164,6,193,16.448964,18.861020,16.962562,17.852498,-0.561936,1.554465,0.628495,-2.728468
20260718-163608-164,6,194,16.468362,18.815867,16.936293,17.785362,-0.499086,1.509678,0.628752,-2.720023
20260718-163608-164,6,195,16.484441,18.775267,16.910060,17.726578,-0.436211,1.468984,0.629004,-2.711576
20260718-163608-164,6,196,16.497638,18.739426,16.884837,17.675952,-0.373311,1.432609,0.629244,-2.703127
20260718-163608-164,6,197,16.508337,18.708506,16.861499,17.633249,-0.310386,1.400782,0.629465,-2.694675
20260718-163608-164,6,198,16.516862,18.682635,16.840816,17.598222,-0.247440,1.373735,0.629659,-2.686217
20260718-163608-164,6,199,16.523467,18.661914,16.823453,17.570626,-0.184474,1.351704,0.629818,-2.677751
20260718-163608-164,6,200,16.528331,18.646414,16.809966,17.550248,-0.121492,1.334925,0.629932,-2.669277
20260718-163608-164,6,201,16.531552,18.636188,16.800799,17.536913,-0.058499,1.323640,0.584991,-2.660792
20260718-163608-164,6,202,16.533141,18.631262,16.796285,17.530510,0.000000,1.318092,0.630000,0.000000
20260718-163608-164,6,203,16.533141,18.631262,16.796285,17.530510,0.063000,1.318092,0.629999,0.108741
20260718-163608-164,6,204,16.534021,18.637199,16.798541,17.536777,0.126000,1.319343,0.630001,0.067217
20260718-163608-164,6,205,16.536288,18.649203,16.802505,17.549190,0.189000,1.320885,0.629951,-0.015889
20260718-163608-164,6,206,16.541273,18.667586,16.806889,17.567428,0.251995,1.320339,0.629631,-0.135451
20260718-163608-164,6,207,16.551109,18.692779,16.809850,17.590983,0.314958,1.314095,0.628659,-0.277181
20260718-163608-164,6,208,16.568594,18.725147,16.809351,17.619282,0.377824,1.297802,0.628791,-0.418003
20260718-163608-164,6,209,16.596816,18.764634,16.803723,17.651940,0.440703,1.267289,0.628734,-0.429413
20260718-163608-164,6,210,16.632009,18.809627,16.797960,17.690092,0.503577,1.230598,0.628477,-0.420967
20260718-163608-164,6,211,16.673770,18.859340,16.793700,17.733944,0.566424,1.189604,0.628220,-0.412521
20260718-163608-164,6,212,16.722627,18.913097,16.791730,17.783440,0.629246,1.144534,0.627971,-0.404076
20260718-163608-164,6,213,16.779112,18.970131,16.792890,17.838446,0.692043,1.095612,0.627732,-0.395630
20260718-163608-164,6,214,16.843742,19.029583,16.798056,17.898737,0.754817,1.043061,0.582695,-0.387181
20260718-163608-164,6,215,16.916995,19.090503,16.808131,17.963983,0.813086,0.987099,0.000000,-0.379334
20260718-163608-164,6,216,16.998889,19.151522,16.823864,18.033369,0.813086,0.928167,-0.000000,-0.379334
20260718-163608-164,6,217,17.084235,19.207611,16.843656,18.101708,0.813086,0.869234,0.000000,-0.379334
20260718-163608-164,6,218,17.172736,19.258577,16.867438,18.168763,0.813086,0.810302,-0.000000,-0.379334
20260718-163608-164,6,219,17.264085,19.304241,16.895129,18.234301,0.813086,0.751369,-0.406541,0.379334
20260718-163608-164,6,220,17.288398,19.373188,16.983100,18.283374,0.772432,0.810302,-0.621702,0.324581
20260718-163608-164,6,221,17.313082,19.438271,17.059607,18.335252,0.710262,0.857558,-0.637111,-0.075029
20260718-163608-164,6,222,17.365423,19.490277,17.101252,18.389770,0.646551,0.847850,-0.628775,0.387439
20260718-163608-164,6,223,17.379333,19.546513,17.168238,18.434605,0.583673,0.895820,-0.628406,-0.410203
20260718-163608-164,6,224,17.443446,19.584936,17.181279,18.483951,0.520832,0.849671,-0.628663,0.418648
20260718-163608-164,6,225,17.452879,19.630537,17.237321,18.519485,0.457966,0.891806,-0.628918,-0.427094
20260718-163608-164,6,226,17.503960,19.660603,17.246464,18.558516,0.395074,0.853911,-0.628630,0.435542
20260718-163608-164,6,227,17.510434,19.695249,17.289914,18.585172,0.332211,0.887337,-0.629924,-0.356089
20260718-163608-164,6,228,17.544432,19.717920,17.299030,18.613077,0.269219,0.864871,-2.692189,0.452449
20260718-163608-164,6,229,17.548233,19.741587,17.329185,18.631218,0.000000,0.888664,0.000000,0.000000
