run,vid,instante,x1,y1,x2,y2,v,theta,a,giro
# run=20260718-163124-574 opt=secuencial condiciones_iniciales=[{'id': 1, 'inicio': (15.423, 18.128), 'giro_inicial': 283.306, 'meta': (26.082, 19.415), 'angulo_llegada': 260.292, 'largo': 0.91, 'ancho': 0.52, 'v_max': 2.96, 'v_inicial': 0.0, 'a_max': 0.85, 'giro_max': 28.5, 'grupo': 1, 'prioridad': 1}, {'id': 2, 'inicio': (26.07, 12.75), 'giro_inicial': 307.8, 'meta': (23.9, 3.3), 'angulo_llegada': 34.8, 'largo': 0.77, 'ancho': 0.47, 'v_max': 2.0, 'v_inicial': 0.0, 'a_max': 0.92, 'giro_max': 39.4, 'grupo': 2, 'prioridad': 2}, {'id': 3, 'inicio': (33.81, 18.08), 'giro_inicial': 332.2, 'meta': (10.33, 7.33), 'angulo_llegada': 215.0, 'largo': 0.92, 'ancho': 0.54, 'v_max': 2.46, 'v_inicial': 0.0, 'a_max': 0.99, 'giro_max': 29.3, 'grupo': 2, 'prioridad': 1}, {'id': 4, 'inicio': (17.1, 2.99), 'giro_inicial': 19.9, 'meta': (17.79, 8.52), 'angulo_llegada': 259.1, 'largo': 1.04, 'ancho': 0.54, 'v_max': 2.76, 'v_inicial': 0.0, 'a_max': 0.76, 'giro_max': 37.5, 'grupo': 2, 'prioridad': 3}, {'id': 5, 'inicio': (17.02, 13.53), 'giro_inicial': 354.2, 'meta': (30.3, 19.4), 'angulo_llegada': 236.7, 'largo': 0.98, 'ancho': 0.56, 'v_max': 2.49, 'v_inicial': 0.0, 'a_max': 0.61, 'giro_max': 32.4, 'grupo': 2, 'prioridad': 2}, {'id': 6, 'inicio': (27.8, 18.75), 'giro_inicial': 291.5, 'meta': (17.25, 12.21), 'angulo_llegada': 228.2, 'largo': 1.0, 'ancho': 0.52, 'v_max': 2.53, 'v_inicial': 0.0, 'a_max': 0.86, 'giro_max': 34.4, 'grupo': 1, 'prioridad': 1}]
20260718-163124-574,1,0,15.780959,17.745210,15.065485,18.511106,0.084997,4.944617,0.849765,0.490294
20260718-163124-574,1,1,15.786446,17.740215,15.064059,18.499594,0.169973,4.953681,0.849390,0.483200
20260718-163124-574,1,2,15.797510,17.730278,15.061707,18.476665,0.254912,4.971500,0.848867,0.476133
20260718-163124-574,1,3,15.814363,17.715600,15.059212,18.442406,0.339799,4.997766,0.849656,0.469090
20260718-163124-574,1,4,15.837330,17.696528,15.057622,18.396925,0.424764,5.032175,0.848421,0.373966
20260718-163124-574,1,5,15.863471,17.669826,15.060873,18.343871,0.509606,5.065480,0.847899,0.368255
20260718-163124-574,1,6,15.895901,17.638724,15.067447,18.280725,0.594396,5.104767,0.847337,0.362550
20260718-163124-574,1,7,15.935141,17.603806,15.078617,18.207848,0.679130,5.149815,0.846747,0.356851
20260718-163124-574,1,8,15.981748,17.565785,15.095776,18.125744,0.763805,5.200402,0.846139,0.351155
20260718-163124-574,1,9,16.036288,17.525515,15.120412,18.035094,0.848419,5.256308,0.845523,0.345461
20260718-163124-574,1,10,16.099310,17.483993,15.154069,17.936783,0.932971,5.317315,0.844910,0.339768
20260718-163124-574,1,11,16.171313,17.442363,15.198310,17.831934,1.017462,5.383206,0.844307,0.334075
20260718-163124-574,1,12,16.252716,17.401917,15.254669,17.721921,1.101893,5.453765,0.843722,0.328381
20260718-163124-574,1,13,16.343823,17.364088,15.324601,17.608397,1.186265,5.528777,0.843164,0.322685
20260718-163124-574,1,14,16.444786,17.330439,15.409422,17.493291,1.270581,5.608028,0.842638,0.316986
20260718-163124-574,1,15,16.555577,17.302649,15.510254,17.378812,1.354845,5.691307,0.842152,0.311283
20260718-163124-574,1,16,16.675946,17.282485,15.627961,17.267432,1.439060,5.778402,0.841711,0.305575
20260718-163124-574,1,17,16.805398,17.271776,15.763084,17.161861,1.523231,5.869103,0.841319,0.299863
20260718-163124-574,1,18,16.943163,17.272374,15.915787,17.065011,1.607363,5.963202,0.840982,0.294144
20260718-163124-574,1,19,17.088175,17.286111,16.085799,16.979936,1.691461,6.060489,0.840703,0.288420
20260718-163124-574,1,20,17.239061,17.314751,16.272368,16.909774,1.775532,6.160757,0.840486,0.282690
20260718-163124-574,1,21,17.394135,17.359935,16.474227,16.857671,1.859580,6.263802,0.840334,0.276952
20260718-163124-574,1,22,17.551403,17.423128,16.689569,16.826688,1.943614,6.369416,0.840249,0.271208
20260718-163124-574,1,23,17.708579,17.505562,16.916043,16.819715,2.027639,6.477396,0.860423,0.265457
20260718-163124-574,1,24,17.863108,17.608175,17.150762,16.839369,2.113681,6.587538,0.841719,0.239807
20260718-163124-574,1,25,18.016677,17.727080,17.387372,16.888942,2.197853,6.690799,0.841822,0.234476
20260718-163124-574,1,26,18.163675,17.866092,17.625585,16.966671,2.282035,6.795694,0.841985,0.229140
20260718-163124-574,1,27,18.301359,18.025243,17.861777,17.073787,2.366234,6.902039,0.980800,0.223799
20260718-163124-574,1,28,18.426906,18.204183,18.092054,17.211020,2.464314,7.009647,0.849635,-0.047895
20260718-163124-574,1,29,18.626656,18.359433,18.268460,17.374448,2.549277,6.986047,0.849651,-0.046717
20260718-163124-574,1,30,18.836765,18.515182,18.455218,17.539005,2.634242,6.962235,0.849669,-0.045539
20260718-163124-574,1,31,19.057374,18.670994,18.652525,17.704248,2.719209,6.938250,0.844696,-0.044361
20260718-163124-574,1,32,19.288603,18.826428,18.860559,17.869725,2.803679,6.914133,0.849541,-0.054742
20260718-163124-574,1,33,19.534649,18.978074,19.077446,18.034960,2.888633,6.883437,0.699654,-0.053248
20260718-163124-574,1,34,19.792434,19.126650,19.306439,18.198044,2.958598,6.852676,0.000000,-0.052018
20260718-163124-574,1,35,20.060683,19.270810,19.546344,18.357599,2.958598,6.821899,-0.000000,-0.052018
20260718-163124-574,1,36,20.333243,19.406647,19.791045,18.509696,2.958598,6.791122,0.000000,-0.052018
20260718-163124-574,1,37,20.609853,19.534032,20.040311,18.654191,2.958598,6.760344,0.000000,-0.052018
20260718-163124-574,1,38,20.890252,19.652846,20.293904,18.790947,2.958598,6.729567,-0.000000,-0.052018
20260718-163124-574,1,39,21.174174,19.762974,20.551587,18.919834,2.958598,6.698790,-0.856297,-0.052018
20260718-163124-574,1,40,21.461351,19.864313,20.813113,19.040731,2.872969,6.668013,-0.849305,-0.065401
20260718-163124-574,1,41,21.746941,19.949675,21.068206,19.151040,2.788038,6.630418,-0.849248,-0.067226
20260718-163124-574,1,42,22.027399,20.021709,21.319196,19.249085,2.703113,6.592913,-0.849198,-0.069051
20260718-163124-574,1,43,22.302107,20.080985,21.565544,19.335348,2.618193,6.555560,-0.856338,-0.070876
20260718-163124-574,1,44,22.570480,20.128119,21.806740,19.410344,2.532560,6.518421,-0.848753,-0.086507
20260718-163124-574,1,45,22.834729,20.159234,22.040236,19.475654,2.447684,6.474539,-0.848711,-0.088678
20260718-163124-574,1,46,23.091537,20.177740,22.268081,19.529341,2.362813,6.431057,-0.848680,-0.090848
20260718-163124-574,1,47,23.340296,20.184493,22.489724,19.572098,2.277945,6.388050,-0.855595,-0.093018
20260718-163124-574,1,48,23.580465,20.180385,22.704667,19.604645,2.192386,6.345591,-0.848160,-0.110973
20260718-163124-574,1,49,23.813469,20.161661,22.910622,19.629338,2.107570,6.296780,-0.848158,-0.113501
20260718-163124-574,1,50,24.036595,20.132436,23.109246,19.644046,2.022754,6.248780,-0.848168,-0.116028
20260718-163124-574,1,51,24.249407,20.093845,23.300090,19.649662,1.937937,6.201676,0.000000,-0.118554
20260718-163124-574,1,52,24.451564,20.047032,23.482778,19.647089,1.937937,6.155555,-0.000000,-0.118554
20260718-163124-574,1,53,24.651347,19.990948,23.665152,19.636096,1.937937,6.109435,0.000000,-0.118554
20260718-163124-574,1,54,24.848332,19.925714,23.846826,19.616707,1.937937,6.063314,0.000000,-0.118554
20260718-163124-574,1,55,25.042101,19.851467,24.027413,19.588962,1.937937,6.017194,0.016187,-0.118554
20260718-163124-574,1,56,25.232240,19.768365,24.206528,19.552921,1.939556,5.971073,-0.000000,-0.055170
20260718-163124-574,1,57,25.417738,19.693856,24.387651,19.500412,1.939556,5.949672,-0.000000,-0.055170
20260718-163124-574,1,58,25.601599,19.615395,24.567608,19.444038,1.939556,5.928270,0.000000,-0.055170
20260718-163124-574,1,59,25.783739,19.533018,24.746318,19.383827,1.939556,5.906869,-0.845557,-0.055170
20260718-163124-574,1,60,25.964074,19.446761,24.923698,19.319805,1.855000,5.885467,-0.850000,0.000000
20260718-163124-574,1,61,26.135095,19.374914,25.094719,19.247958,1.770000,5.885467,-0.850000,0.000000
20260718-163124-574,1,62,26.298280,19.306359,25.257904,19.179404,1.685000,5.885467,-0.850000,0.000000
20260718-163124-574,1,63,26.453628,19.241096,25.413252,19.114141,1.600000,5.885467,-0.850000,0.000000
20260718-163124-574,1,64,26.601139,19.179126,25.560763,19.052170,1.515000,5.885467,-0.850000,0.000000
20260718-163124-574,1,65,26.740814,19.120448,25.700438,18.993492,1.430000,5.885467,-0.850000,0.000000
20260718-163124-574,1,66,26.872653,19.065061,25.832277,18.938106,1.345000,5.885467,-0.850000,0.000000
20260718-163124-574,1,67,26.996655,19.012968,25.956279,18.886012,1.260000,5.885467,-0.850000,0.000000
20260718-163124-574,1,68,27.112820,18.964166,26.072444,18.837210,1.175000,5.885467,-0.850000,0.000000
20260718-163124-574,1,69,27.221149,18.918656,26.180773,18.791701,1.090000,5.885467,-0.850000,0.000000
20260718-163124-574,1,70,27.321641,18.876439,26.281265,18.749483,1.005000,5.885467,-0.850000,0.000000
20260718-163124-574,1,71,27.414297,18.837514,26.373921,18.710558,0.920000,5.885467,-0.850000,0.000000
20260718-163124-574,1,72,27.499116,18.801881,26.458740,18.674925,0.835000,5.885467,-0.850000,0.000000
20260718-163124-574,1,73,27.576099,18.769540,26.535723,18.642584,0.750000,5.885467,-0.850000,0.000000
20260718-163124-574,1,74,27.645245,18.740491,26.604869,18.613536,0.665000,5.885467,-0.850000,0.000000
20260718-163124-574,1,75,27.706554,18.714735,26.666178,18.587779,0.580000,5.885467,-0.850000,0.000000
20260718-163124-574,1,76,27.760027,18.692270,26.719651,18.565315,0.495000,5.885467,-0.850000,0.000000
20260718-163124-574,1,77,27.805663,18.673098,26.765287,18.546143,0.410000,5.885467,-0.850000,0.000000
20260718-163124-574,1,78,27.843463,18.657218,26.803087,18.530263,0.325000,5.885467,-0.850000,0.000000
20260718-163124-574,1,79,27.873427,18.644631,26.833051,18.517675,0.240000,5.885467,-0.850000,0.000000
20260718-163124-574,1,80,27.895553,18.635335,26.855177,18.508379,0.155000,5.885467,-0.850000,0.000000
20260718-163124-574,1,81,27.909844,18.629332,26.869467,18.502376,0.070000,5.885467,-0.700000,0.000000
20260718-163124-574,1,82,27.916297,18.626620,26.875921,18.499665,0.000000,5.885467,-0.849992,0.000000
20260718-163124-574,1,83,27.916297,18.626620,26.875921,18.499665,-0.084999,5.885467,-0.849948,-2.896452
20260718-163124-574,1,84,27.908740,18.627735,26.867834,18.505201,-0.169994,5.881219,-0.849865,-2.900017
20260718-163124-574,1,85,27.893645,18.630159,26.851750,18.516340,-0.254981,5.872850,-0.849747,-2.903579
20260718-163124-574,1,86,27.871053,18.634177,26.827831,18.533244,-0.339955,5.860490,-0.849601,-2.907137
20260718-163124-574,1,87,27.841026,18.640157,26.796304,18.556161,-0.424915,5.844267,-0.849430,-2.910694
20260718-163124-574,1,88,27.803657,18.648549,26.757466,18.585419,-0.509858,5.824308,-0.849240,-2.914248
20260718-163124-574,1,89,27.759076,18.659874,26.711689,18.621416,-0.594782,5.800741,-0.849034,-2.917801
20260718-163124-574,1,90,27.707462,18.674724,26.659417,18.664606,-0.679686,5.773693,-0.848817,-2.921353
20260718-163124-574,1,91,27.649046,18.693748,26.601178,18.715493,-0.764567,5.743291,-0.848592,-2.924903
20260718-163124-574,1,92,27.584124,18.717647,26.537580,18.774611,-0.849427,5.709662,-0.848364,-2.928454
20260718-163124-574,1,93,27.513068,18.747161,26.469321,18.842520,-0.934263,5.672931,-0.848135,-2.932004
20260718-163124-574,1,94,27.436328,18.783065,26.397189,18.919780,-1.019077,5.633224,-0.847909,-2.935554
20260718-163124-574,1,95,27.354446,18.826147,26.322064,19.006947,-1.103867,5.590669,-0.847689,-2.939104
20260718-163124-574,1,96,27.268060,18.877204,26.244920,19.104548,-1.188636,5.545389,-0.847477,-2.942655
20260718-163124-574,1,97,27.177911,18.937019,26.166825,19.213071,-1.273384,5.497510,0.847477,-2.946207
20260718-163124-574,1,98,27.084845,19.006352,26.088935,19.332944,-1.188636,5.447157,0.847689,-2.942655
20260718-163124-574,1,99,27.000997,19.074720,26.021859,19.448603,-1.103867,5.399278,0.847909,-2.939104
20260718-163124-574,1,100,26.925901,19.141277,25.964690,19.559097,-1.019077,5.353998,0.848135,-2.935554
20260718-163124-574,1,101,26.859064,19.205259,25.916499,19.663593,-0.934263,5.311442,0.848364,-2.932004
20260718-163124-574,1,102,26.799982,19.265982,25.876353,19.761371,-0.849427,5.271736,0.848592,-2.928454
20260718-163124-574,1,103,26.748147,19.322844,25.843333,19.851817,-0.764567,5.235005,0.848817,-2.924903
20260718-163124-574,1,104,26.703063,19.375317,25.816547,19.934413,-0.679686,5.201375,0.849034,-2.921353
20260718-163124-574,1,105,26.664259,19.422947,25.795147,20.008732,-0.594782,5.170973,0.849240,-2.917801
20260718-163124-574,1,106,26.631292,19.465347,25.778340,20.074423,-0.509858,5.143925,0.849430,-2.914248
20260718-163124-574,1,107,26.603763,19.502196,25.765401,20.131202,-0.424915,5.120359,0.849601,-2.910694
20260718-163124-574,1,108,26.581323,19.533233,25.755682,20.178846,-0.339955,5.100400,0.849747,-2.907137
20260718-163124-574,1,109,26.563680,19.558256,25.748621,20.217178,-0.254981,5.084176,0.849865,-2.903579
20260718-163124-574,1,110,26.550608,19.577115,25.743755,20.246060,-0.169994,5.071816,0.849948,-2.900017
20260718-163124-574,1,111,26.541949,19.589713,25.740722,20.265388,-0.084999,5.063448,0.849992,-2.896452
20260718-163124-574,1,112,26.537620,19.596008,25.739272,20.275081,0.000000,5.059199,0.849965,0.000000
20260718-163124-574,1,113,26.537620,19.596008,25.739272,20.275081,0.084997,5.059199,0.849765,-0.490294
20260718-163124-574,1,114,26.537343,19.584384,25.745182,20.270665,0.169973,5.050135,0.849390,-0.483200
20260718-163124-574,1,115,26.536513,19.561244,25.756706,20.261531,0.254912,5.032316,0.848867,-0.476133
20260718-163124-574,1,116,26.534564,19.526717,25.773417,20.247241,0.339799,5.006050,0.848220,-0.469090
20260718-163124-574,1,117,26.530661,19.480974,25.794752,20.227257,0.424621,4.971641,0.847471,-0.462065
20260718-163124-574,1,118,26.523721,19.424261,25.819992,20.200963,0.509368,4.929389,0.846642,-0.455056
20260718-163124-574,1,119,26.512442,19.356939,25.848247,20.167707,0.594032,4.879592,0.845754,-0.448060
20260718-163124-574,1,120,26.495328,19.279524,25.878442,20.126844,0.678607,4.822543,-0.443219,-0.441074
20260718-163124-574,1,121,26.470734,19.192734,25.909310,20.077778,0.634286,4.758534,-0.846226,-0.444735
20260718-163124-574,1,122,26.442605,19.113059,25.935627,20.030377,0.549663,4.698137,-0.847085,-0.451726
20260718-163124-574,1,123,26.414103,19.045290,25.956700,19.988308,0.464954,4.644852,-0.847875,-0.458728
20260718-163124-574,1,124,26.386970,18.989052,25.973298,19.952056,0.380167,4.598973,-3.801669,-0.465745
20260718-163124-574,1,125,26.362696,18.943900,25.986082,19.921991,0.000000,4.560795,0.000000,0.000000
20260718-163124-574,2,0,26.491656,12.589823,25.648344,12.910177,-0.091990,5.372123,-0.919376,2.555699
20260718-163124-574,2,1,26.488178,12.603105,25.640336,12.911269,-0.183928,5.386538,-0.918434,2.569360
20260718-163124-574,2,2,26.480438,12.629071,25.624309,12.913400,-0.275771,5.414513,-0.917193,2.582958
20260718-163124-574,2,3,26.467201,12.666936,25.600211,12.916193,-0.367491,5.455214,0.917193,2.596508
20260718-163124-574,2,4,26.446874,12.715666,25.567975,12.918981,-0.275771,5.507831,0.918434,2.582958
20260718-163124-574,2,5,26.430165,12.752132,25.543721,12.919516,-0.183928,5.548533,0.919376,2.569360
20260718-163124-574,2,6,26.418339,12.776510,25.527560,12.919033,-0.091990,5.576507,0.919904,2.555699
20260718-163124-574,2,7,26.412238,12.788809,25.519497,12.918478,0.000000,5.590922,0.919904,0.000000
20260718-163124-574,2,8,26.412238,12.788809,25.519497,12.918478,0.091990,5.590922,0.919376,0.585894
20260718-163124-574,2,9,26.420292,12.789481,25.525775,12.906268,0.183928,5.605337,0.918434,0.572232
20260718-163124-574,2,10,26.436400,12.790880,25.538966,12.882601,0.275771,5.633312,0.917193,0.558635
20260718-163124-574,2,11,26.460530,12.793384,25.560107,12.848512,0.367491,5.674013,0.915751,0.545085
20260718-163124-574,2,12,26.492602,12.797660,25.590526,12.805356,0.459066,5.726630,0.914197,0.531567
20260718-163124-574,2,13,26.532458,12.804635,25.631723,12.754855,0.550486,5.790371,0.912606,0.518069
20260718-163124-574,2,14,26.579811,12.815461,25.685233,12.699142,0.641746,5.864462,0.911045,0.504578
20260718-163124-574,2,15,26.634203,12.831470,25.752479,12.640782,0.732851,5.948149,-0.012371,0.491085
20260718-163124-574,2,16,26.694953,12.854129,25.834623,12.582777,0.731614,6.040691,0.000000,0.563827
20260718-163124-574,2,17,26.750546,12.890436,25.924924,12.526912,0.731614,6.149922,0.000000,0.563827
20260718-163124-574,2,18,26.801850,12.932586,26.020778,12.481225,0.731614,6.259153,-0.000000,0.563827
20260718-163124-574,2,19,26.848253,12.980078,26.121041,12.446259,0.731614,6.368385,0.963524,0.563827
20260718-163124-574,2,20,26.889202,13.032346,26.224518,12.422431,0.827966,6.477616,0.919900,0.046300
20260718-163124-574,2,21,26.967518,13.052076,26.308386,12.436166,0.919956,6.486674,0.919889,0.044958
20260718-163124-574,2,22,27.054408,13.074754,26.401327,12.452432,1.011945,6.496447,0.919879,0.043615
20260718-163124-574,2,23,27.149824,13.100592,26.503268,12.471493,1.103933,6.506875,0.920393,0.042272
20260718-163124-574,2,24,27.253709,13.129812,26.614129,12.493623,1.195972,6.517901,0.919953,0.024160
20260718-163124-574,2,25,27.367659,13.160595,26.732435,12.520056,1.287967,6.524725,0.919952,0.023368
20260718-163124-574,2,26,27.490214,13.194541,26.859558,12.549504,1.379963,6.531833,0.919951,0.022575
20260718-163124-574,2,27,27.621335,13.231797,26.995442,12.582136,1.471958,6.539190,0.919073,0.021782
20260718-163124-574,2,28,27.760983,13.272508,27.140027,12.618127,1.563865,6.546762,0.919866,-0.035559
20260718-163124-574,2,29,27.916775,13.307162,27.287277,12.660995,1.655852,6.533626,0.919873,-0.034216
20260718-163124-574,2,30,28.082039,13.341811,27.443950,12.704126,1.747839,6.520243,0.919883,-0.032873
20260718-163124-574,2,31,28.256790,13.376192,27.610105,12.747226,1.839827,6.506671,0.889528,-0.031530
20260718-163124-574,2,32,28.441034,13.410050,27.785792,12.790003,1.928780,6.492968,0.678812,-0.126112
20260718-163124-574,2,33,28.649351,13.419887,27.959418,12.838689,1.996661,6.435226,0.000000,-0.121966
20260718-163124-574,2,34,28.864672,13.418300,28.142322,12.877920,1.996661,6.377436,-0.000000,-0.121966
20260718-163124-574,2,35,29.079542,13.404279,28.327186,12.906523,1.996661,6.319646,-0.010656,-0.121966
20260718-163124-574,2,36,29.293243,13.377871,28.513394,12.924400,1.995596,6.261857,0.000000,-0.139942
20260718-163124-574,2,37,29.506654,13.333990,28.698445,12.933243,1.995596,6.195480,-0.000000,-0.139942
20260718-163124-574,2,38,29.716685,13.276051,28.883675,12.929793,1.995596,6.129103,0.000000,-0.139942
20260718-163124-574,2,39,29.922411,13.204308,29.068268,12.914065,1.995596,6.062726,-0.110119,-0.139942
20260718-163124-574,2,40,30.122925,13.119077,29.251412,12.886128,1.984584,5.996349,0.000000,-0.259163
20260718-163124-574,2,41,30.317338,12.984260,29.423675,12.861106,1.984584,5.872107,-0.000000,-0.259163
20260718-163124-574,2,42,30.493546,12.826390,29.591510,12.814930,1.984584,5.747865,0.000000,-0.259163
20260718-163124-574,2,43,30.648831,12.647900,29.752328,12.748311,1.984584,5.623623,0.000000,-0.259163
20260718-163124-574,2,44,30.780801,12.451543,29.903652,12.662277,1.984584,5.499381,-0.000000,-0.259163
20260718-163124-574,2,45,30.887421,12.240345,30.043147,12.558153,1.984584,5.375139,0.000000,-0.259163
20260718-163124-574,2,46,30.967046,12.017563,30.168664,12.437546,1.984584,5.250897,-0.000000,-0.259163
20260718-163124-574,2,47,31.018450,11.786630,30.278267,12.302314,1.984584,5.126655,0.065943,-0.259163
20260718-163124-574,2,48,31.040840,11.551107,30.370267,12.154541,1.991178,5.002413,0.000000,-0.197243
20260718-163124-574,2,49,31.050016,11.324813,30.439016,11.988499,1.991178,4.908454,0.000000,-0.197243
20260718-163124-574,2,50,31.037920,11.098656,30.491883,11.816740,1.991178,4.814494,-0.000000,-0.197243
20260718-163124-574,2,51,31.004658,10.874631,30.528402,11.640778,1.991178,4.720534,0.076658,-0.197243
20260718-163124-574,2,52,30.950525,10.654715,30.548251,11.462165,1.998844,4.626574,-0.000000,0.071920
20260718-163124-574,2,53,30.953777,10.462055,30.524285,11.255362,1.998844,4.660578,0.000000,0.071920
20260718-163124-574,2,54,30.963577,10.269617,30.507362,11.047864,1.998844,4.694582,-0.000000,0.071920
20260718-163124-574,2,55,30.979913,10.077623,30.497504,10.839910,1.998844,4.728585,0.011452,0.071920
20260718-163124-574,2,56,31.002767,9.886296,30.494722,10.631742,1.999989,4.762589,0.000000,-0.006999
20260718-163124-574,2,57,31.010910,9.685678,30.505330,10.432799,1.999989,4.759284,-0.000000,-0.006999
20260718-163124-574,2,58,31.018389,9.485035,30.515282,10.233823,1.999989,4.755979,0.000000,-0.006999
20260718-163124-574,2,59,31.025205,9.284368,30.524575,10.034814,1.999989,4.752674,-0.000000,-0.006999
20260718-163124-574,2,60,31.031357,9.083679,30.533211,9.835776,1.999989,4.749369,0.000000,-0.006999
20260718-163124-574,2,61,31.036847,8.882971,30.541189,9.636711,1.999989,4.746063,-0.000000,-0.006999
20260718-163124-574,2,62,31.041673,8.682246,30.548509,9.437620,1.999989,4.742758,0.000000,-0.006999
20260718-163124-574,2,63,31.045835,8.481507,30.555171,9.238506,1.999989,4.739453,-0.000000,-0.006999
20260718-163124-574,2,64,31.049334,8.280754,30.561174,9.039371,1.999989,4.736148,0.000000,-0.006999
20260718-163124-574,2,65,31.052170,8.079992,30.566520,8.840218,1.999989,4.732843,-0.000000,-0.006999
20260718-163124-574,2,66,31.054342,7.879220,30.571207,8.641048,1.999989,4.729538,0.000000,-0.006999
20260718-163124-574,2,67,31.055850,7.678443,30.575236,8.441863,1.999989,4.726233,-0.000000,-0.006999
20260718-163124-574,2,68,31.056695,7.477662,30.578607,8.242666,1.999989,4.722928,-0.000000,-0.006999
20260718-163124-574,2,69,31.056876,7.276880,30.581319,8.043460,1.999989,4.719622,-0.000000,-0.006999
20260718-163124-574,2,70,31.056394,7.076097,30.583373,7.844245,1.999989,4.716317,0.000000,-0.006999
20260718-163124-574,2,71,31.055248,6.875318,30.584768,7.645025,1.999989,4.713012,-0.000553,-0.006999
20260718-163124-574,2,72,31.053438,6.674543,30.585505,7.445801,1.999934,4.709707,0.000000,-0.017233
20260718-163124-574,2,73,31.048128,6.472663,30.586487,7.247704,1.999934,4.701568,-0.000000,-0.017233
20260718-163124-574,2,74,31.041174,6.270834,30.585857,7.049606,1.999934,4.693429,0.000000,-0.017233
20260718-163124-574,2,75,31.032579,6.069067,30.583614,6.851519,1.999934,4.685290,-0.003358,-0.017233
20260718-163124-574,2,76,31.022341,5.867377,30.579760,6.653457,1.999598,4.677152,0.000000,-0.042439
20260718-163124-574,2,77,31.003365,5.663325,30.576633,6.458120,1.999598,4.657101,-0.000000,-0.042439
20260718-163124-574,2,78,30.980301,5.459694,30.569589,6.262886,1.999598,4.637051,0.000000,-0.042439
20260718-163124-574,2,79,30.953159,5.256567,30.558634,6.067831,1.999598,4.617001,-0.007541,-0.042439
20260718-163124-574,2,80,30.921951,5.054025,30.543769,5.873036,1.998844,4.596951,-0.000000,-0.071920
20260718-163124-574,2,81,30.878142,4.850062,30.528023,5.681457,1.998844,4.562947,-0.000000,-0.071920
20260718-163124-574,2,82,30.827425,4.647707,30.505773,5.490524,1.998844,4.528943,-0.000000,-0.071920
20260718-163124-574,2,83,30.769857,4.447193,30.477045,5.300458,1.998844,4.494939,-0.005728,-0.071920
20260718-163124-574,2,84,30.705506,4.248752,30.441872,5.111478,1.998271,4.460936,-0.000000,-0.087903
20260718-163124-574,2,85,30.629687,4.052170,30.402146,4.925111,1.998271,4.419352,-0.000000,-0.087903
20260718-163124-574,2,86,30.545761,3.858911,30.354707,4.740556,1.998271,4.377767,0.000000,-0.087903
20260718-163124-574,2,87,30.453874,3.669308,30.299637,4.558133,1.998271,4.336183,-0.164562,-0.087903
20260718-163124-574,2,88,30.354184,3.483688,30.237030,4.378158,1.981815,4.294599,-0.000000,-0.280771
20260718-163124-574,2,89,30.188473,3.309656,30.192731,4.211755,1.981815,4.159645,-0.000000,-0.280771
20260718-163124-574,2,90,30.000853,3.159502,30.126446,4.052826,1.981815,4.024690,0.000000,-0.280771
20260718-163124-574,2,91,29.794737,3.035957,30.039381,3.904260,1.981815,3.889735,0.000000,-0.280771
20260718-163124-574,2,92,29.573873,2.941267,29.933118,3.768759,1.981815,3.754780,0.000000,-0.280771
20260718-163124-574,2,93,29.342276,2.877154,29.809591,3.648787,1.981815,3.619826,0.000000,-0.280771
20260718-163124-574,2,94,29.104160,2.844784,29.671045,3.546526,1.981815,3.484871,0.000000,-0.280771
20260718-163124-574,2,95,28.863853,2.844747,29.520000,3.463836,1.981815,3.349916,0.181852,-0.280771
20260718-163124-574,2,96,28.625726,2.877041,29.359203,3.402220,2.000000,3.214961,0.000000,0.000000
20260718-163124-574,2,97,28.426265,2.862381,29.159741,3.387560,2.000000,3.214961,0.000000,0.000000
20260718-163124-574,2,98,28.226803,2.847720,28.960279,3.372899,2.000000,3.214961,0.000000,0.000000
20260718-163124-574,2,99,28.027341,2.833060,28.760817,3.358239,2.000000,3.214961,0.000000,0.000000
20260718-163124-574,2,100,27.827879,2.818399,28.561355,3.343578,2.000000,3.214961,0.000000,0.000000
20260718-163124-574,2,101,27.628417,2.803738,28.361893,3.328917,2.000000,3.214961,0.000000,0.000000
20260718-163124-574,2,102,27.428955,2.789078,28.162431,3.314257,2.000000,3.214961,0.000000,0.000000
20260718-163124-574,2,103,27.229493,2.774417,27.962969,3.299596,2.000000,3.214961,-0.000109,0.000000
20260718-163124-574,2,104,27.030031,2.759757,27.763507,3.284936,1.999989,3.214961,-0.000000,-0.006999
20260718-163124-574,2,105,26.829656,2.746969,27.564864,3.269721,1.999989,3.211656,-0.000000,-0.006999
20260718-163124-574,2,106,26.629239,2.734844,27.366171,3.255163,1.999989,3.208351,0.000000,-0.006999
20260718-163124-574,2,107,26.428784,2.723381,27.167431,3.241261,1.999989,3.205046,-0.000000,-0.006999
20260718-163124-574,2,108,26.228292,2.712580,26.968647,3.228017,1.999989,3.201741,0.000000,-0.006999
20260718-163124-574,2,109,26.027765,2.702443,26.769820,3.215429,1.999989,3.198436,0.000000,-0.006999
20260718-163124-574,2,110,25.827206,2.692968,26.570952,3.203499,1.999989,3.195131,0.000000,-0.006999
20260718-163124-574,2,111,25.626617,2.684156,26.372046,3.192226,1.999989,3.191826,-0.043933,-0.006999
20260718-163124-574,2,112,25.425999,2.676007,26.173104,3.181611,1.995596,3.188520,-0.000000,-0.139942
20260718-163124-574,2,113,25.210092,2.705231,25.989087,3.160167,1.995596,3.122144,0.000000,-0.139942
20260718-163124-574,2,114,24.996598,2.748710,25.804053,3.150975,1.995596,3.055767,0.000000,-0.139942
20260718-163124-574,2,115,24.786459,2.806255,25.618816,3.154077,1.995596,2.989390,-0.241197,-0.139942
20260718-163124-574,2,116,24.580599,2.877611,25.434194,3.169458,1.971476,2.923013,0.000000,-0.348414
20260718-163124-574,2,117,24.376970,3.027123,25.267506,3.171160,1.971476,2.753921,-0.000000,-0.348414
20260718-163124-574,2,118,24.201407,3.208772,25.103481,3.200888,1.971476,2.584829,0.000000,-0.348414
20260718-163124-574,2,119,24.058916,3.417374,24.946798,3.257795,1.971476,2.415738,-0.698716,-0.348414
20260718-163124-574,2,120,23.953563,3.646981,24.801927,3.340259,1.901604,2.246646,-0.916263,0.180415
20260718-163124-574,2,121,23.811304,3.750359,24.681917,3.514069,1.809978,2.328546,-0.915852,0.188341
20260718-163124-574,2,122,23.668003,3.835865,24.554956,3.671200,1.718393,2.410006,-0.915528,0.196261
20260718-163124-574,2,123,23.525661,3.904318,24.422999,3.811665,1.626840,2.490680,-0.915296,0.204175
20260718-163124-574,2,124,23.386121,3.956779,24.287984,3.935717,1.535311,2.570220,-0.915156,0.212082
20260718-163124-574,2,125,23.251035,3.994509,24.151794,4.043839,1.443795,2.648280,-0.915109,0.219982
20260718-163124-574,2,126,23.121834,4.018939,24.016220,4.136725,1.352284,2.724510,-0.915151,0.227875
20260718-163124-574,2,127,22.999717,4.031625,23.882938,4.215256,1.260769,2.798559,-0.915280,0.235760
20260718-163124-574,2,128,22.885637,4.034204,23.753479,4.280476,1.169241,2.870075,-0.915490,0.243639
20260718-163124-574,2,129,22.780307,4.028353,23.629217,4.333559,1.077692,2.938705,-0.915774,0.251511
20260718-163124-574,2,130,22.684204,4.015748,23.511359,4.375770,0.986115,3.004092,-0.876284,0.259377
20260718-163124-574,2,131,22.597592,3.998027,23.400937,4.408437,0.898486,3.065880,-0.000000,0.266896
20260718-163124-574,2,132,22.520178,3.976679,23.298379,4.432973,0.898486,3.123887,-0.000000,0.266896
20260718-163124-574,2,133,22.444133,3.950878,23.194570,4.451521,0.898486,3.181895,0.000000,0.266896
20260718-163124-574,2,134,22.369711,3.920712,23.089861,4.464020,0.898486,3.239903,-0.055483,0.266896
20260718-163124-574,2,135,22.297163,3.886282,22.984604,4.470427,0.892938,3.297911,0.000000,0.536390
20260718-163124-574,2,136,22.249924,3.820582,22.858936,4.486093,0.892938,3.423267,-0.000000,0.536390
20260718-163124-574,2,137,22.211270,3.749492,22.732296,4.485924,0.892938,3.548623,-0.000000,0.536390
20260718-163124-574,2,138,22.181808,3.674127,22.606671,4.469923,0.892938,3.673978,-0.000000,0.536390
20260718-163124-574,2,139,22.161999,3.595670,22.484032,4.438341,0.892938,3.799334,0.000000,0.536390
20260718-163124-574,2,140,22.152155,3.515351,22.366304,4.391673,0.892938,3.924690,0.000000,0.536390
20260718-163124-574,2,141,22.152431,3.434432,22.255335,4.330652,0.892938,4.050045,0.007604,0.536390
20260718-163124-574,2,142,22.162821,3.354183,22.152865,4.256236,0.893698,4.175401,0.008943,0.511322
20260718-163124-574,2,143,22.179484,3.275699,22.063039,4.170260,0.894593,4.293807,0.007876,0.478887
20260718-163124-574,2,144,22.200729,3.199019,21.987070,4.075460,0.895380,4.403481,0.006695,0.447066
20260718-163124-574,2,145,22.225980,3.124010,21.924729,3.974332,0.896050,4.504846,0.005526,0.417002
20260718-163124-574,2,146,22.254888,3.050555,21.875378,3.868951,0.896602,4.598573,0.001710,0.389573
20260718-163124-574,2,147,22.287274,2.978605,21.838152,3.760966,0.896773,4.685493,-0.000382,0.380515
20260718-163124-574,2,148,22.324764,2.909156,21.811062,3.650716,0.896735,4.770196,-0.000790,0.382565
20260718-163124-574,2,149,22.368213,2.843278,21.793267,3.538431,0.896656,4.855400,-0.001373,0.386754
20260718-163124-574,2,150,22.417530,2.781682,21.784853,3.424737,0.896519,4.941628,-0.002241,0.393893
20260718-163124-574,2,151,22.472632,2.725212,21.785898,3.310188,0.896295,5.029611,-0.003582,0.405165
20260718-163124-574,2,152,22.533440,2.674929,21.796507,3.195246,0.895937,5.120382,-0.005750,0.422308
20260718-163124-574,2,153,22.599860,2.632227,21.816867,3.080247,0.895362,5.215443,-0.009411,0.447860
20260718-163124-574,2,154,22.671716,2.599033,21.847331,2.965352,0.894421,5.317013,-0.014826,0.485409
20260718-163124-574,2,155,22.748600,2.578098,21.888599,2.850492,0.892938,5.428420,0.000000,0.536390
20260718-163124-574,2,156,22.829355,2.572950,21.942046,2.735683,0.892938,5.553776,0.000000,0.536390
20260718-163124-574,2,157,22.910121,2.577939,22.009428,2.628457,0.892938,5.679132,0.000000,0.536390
20260718-163124-574,2,158,22.989629,2.592986,22.089687,2.530497,0.892938,5.804487,0.000000,0.536390
20260718-163124-574,2,159,23.066631,2.617857,22.181564,2.443340,0.892938,5.929843,-0.000000,0.536390
20260718-163124-574,2,160,23.139920,2.652160,22.283617,2.368354,0.892938,6.055199,0.000000,0.536390
20260718-163124-574,2,161,23.208345,2.695356,22.394245,2.306716,0.892938,6.180554,-0.000000,0.536390
20260718-163124-574,2,162,23.270833,2.746769,22.511711,2.259394,0.892938,6.305910,0.000000,0.536390
20260718-163124-574,2,163,23.326402,2.805591,22.634172,2.227129,0.892938,6.431266,-0.000000,0.536390
20260718-163124-574,2,164,23.374180,2.870899,22.759707,2.210428,0.892938,6.556621,0.000000,0.536390
20260718-163124-574,2,165,23.413419,2.941669,22.886344,2.209554,0.892938,6.681977,-0.000000,0.536390
20260718-163124-574,2,166,23.443501,3.016788,23.012096,2.224520,0.892938,6.807333,-0.000000,0.536390
20260718-163124-574,2,167,23.463956,3.095080,23.134991,2.255090,0.892938,6.932689,-0.000000,0.536390
20260718-163124-574,2,168,23.474461,3.175315,23.253100,2.300787,0.892938,7.058044,0.000000,0.536390
20260718-163124-574,2,169,23.474852,3.256233,23.364568,2.360891,0.892938,7.183400,0.000000,0.536390
20260718-163124-574,2,170,23.465123,3.336565,23.467647,2.434460,0.892938,7.308756,0.069834,0.536390
20260718-163124-574,2,171,23.445427,3.415051,23.560719,2.520340,0.899921,7.434111,-0.069834,0.062129
20260718-163124-574,2,172,23.475116,3.496911,23.602226,2.603802,0.892938,7.447330,-0.904288,-0.536390
20260718-163124-574,2,173,23.577101,3.578914,23.591549,2.676921,0.802509,7.321975,-0.906098,-0.551792
20260718-163124-574,2,174,23.678451,3.641079,23.587824,2.743534,0.711899,7.205327,-0.908095,-0.567168
20260718-163124-574,2,175,23.775257,3.685775,23.589227,2.803056,0.621090,7.098251,-0.910215,-0.582530
20260718-163124-574,2,176,23.864375,3.715816,23.594061,2.855159,0.530068,7.001635,-0.912379,-0.597892
20260718-163124-574,2,177,23.943409,3.734227,23.600801,2.899709,0.438830,6.916393,-4.388305,-0.613269
20260718-163124-574,2,178,24.010629,3.744019,23.608126,2.936683,0.000000,6.843466,0.000000,0.000000
20260718-163124-574,3,0,34.342832,18.104299,33.277168,18.055701,0.099000,5.797984,0.990000,0.000000
20260718-163124-574,3,1,34.351589,18.099682,33.285926,18.051084,0.198000,5.797984,0.990000,0.000000
20260718-163124-574,3,2,34.369104,18.090447,33.303440,18.041849,0.297000,5.797984,0.990000,0.000000
20260718-163124-574,3,3,34.395376,18.076596,33.329712,18.027998,0.396000,5.797984,0.989531,0.000000
20260718-163124-574,3,4,34.430405,18.058127,33.364742,18.009529,0.494953,5.797984,0.989695,0.139769
20260718-163124-574,3,5,34.474121,18.042975,33.409227,17.979717,0.593923,5.811745,0.989601,0.136647
20260718-163124-574,3,6,34.526890,18.025444,33.463156,17.945008,0.692883,5.827885,0.989504,0.133525
20260718-163124-574,3,7,34.588850,18.005896,33.526776,17.905909,0.791833,5.846278,0.986420,0.130403
20260718-163124-574,3,8,34.660145,17.984751,33.600346,17.862989,0.890475,5.866802,0.988407,0.192619
20260718-163124-574,3,9,34.740420,17.969680,33.685423,17.811621,0.989316,5.901125,0.988199,0.187904
20260718-163124-574,3,10,34.830288,17.955761,33.781896,17.758599,1.088136,5.938302,0.988007,0.183190
20260718-163124-574,3,11,34.929818,17.943855,33.890111,17.705092,1.186937,5.978143,0.995105,0.178474
20260718-163124-574,3,12,35.039026,17.934885,34.010350,17.652353,1.286447,6.020458,0.988998,0.114791
20260718-163124-574,3,13,35.159875,17.920131,34.139921,17.607571,1.385347,6.049771,0.988945,0.111668
20260718-163124-574,3,14,35.290600,17.907807,34.280720,17.564086,1.484241,6.080472,0.988906,0.108544
20260718-163124-574,3,15,35.431190,17.898624,34.432811,17.522803,1.583132,6.112436,0.988882,0.105419
20260718-163124-574,3,16,35.581598,17.893310,34.596206,17.484650,1.682020,6.145542,0.988873,0.102294
20260718-163124-574,3,17,35.741739,17.892609,34.770863,17.450568,1.780908,6.179665,0.988879,0.099169
20260718-163124-574,3,18,35.911486,17.897271,34.956681,17.421510,1.879795,6.214683,0.988902,0.096043
20260718-163124-574,3,19,36.090667,17.908049,35.153498,17.398428,1.978686,6.250473,0.881570,0.092916
20260718-163124-574,3,20,36.279072,17.925689,35.361091,17.382264,2.066843,6.286913,0.981772,-0.258942
20260718-163124-574,3,21,36.512496,17.852855,35.541200,17.411738,2.165020,6.178714,0.982415,-0.249950
20260718-163124-574,3,22,36.746491,17.752408,35.732896,17.419804,2.263261,6.069484,0.983182,-0.240947
20260718-163124-574,3,23,36.977555,17.623410,35.933594,17.403990,2.361580,5.959578,0.834906,-0.231933
20260718-163124-574,3,24,37.202045,17.465446,36.140282,17.362200,2.445070,5.849347,0.000000,-0.224278
20260718-163124-574,3,25,37.414982,17.279398,36.348305,17.293579,2.445070,5.739118,-0.000000,-0.224278
20260718-163124-574,3,26,37.606160,17.071055,36.547517,17.202491,2.445070,5.628889,0.000000,-0.224278
20260718-163124-574,3,27,37.773259,16.842946,36.735500,17.090041,2.445070,5.518660,-0.023391,-0.224278
20260718-163124-574,3,28,37.914250,16.597839,36.909971,16.957594,2.442731,5.408431,-0.000000,-0.240824
20260718-163124-574,3,29,38.023745,16.333599,37.069068,16.809616,2.442731,5.289872,-0.000000,-0.240824
20260718-163124-574,3,30,38.101216,16.058263,37.209545,16.643859,2.442731,5.171312,0.000000,-0.240824
20260718-163124-574,3,31,38.145576,15.775696,37.329430,16.462650,2.442731,5.052753,0.148726,-0.240824
20260718-163124-574,3,32,38.156202,15.489867,37.427039,16.268533,2.457604,4.934194,-0.000000,-0.090638
20260718-163124-574,3,33,38.182141,15.232029,37.488050,16.042115,2.457604,4.890051,0.000000,-0.090638
20260718-163124-574,3,34,38.196677,14.973299,37.539011,15.813224,2.457604,4.845907,0.000000,-0.090638
20260718-163124-574,3,35,38.199781,14.714179,37.579820,15.582308,2.457604,4.801764,0.023886,-0.090638
20260718-163124-574,3,36,38.191447,14.455174,37.610400,15.349816,2.459992,4.757621,0.000000,-0.005204
20260718-163124-574,3,37,38.200816,14.208664,37.622035,15.104774,2.459992,4.755090,-0.000000,-0.005204
20260718-163124-574,3,38,38.209561,13.962132,37.633049,14.859703,2.459992,4.752560,-0.000000,-0.005204
20260718-163124-574,3,39,38.217682,13.715578,37.643443,14.614606,2.459992,4.750030,-0.001292,-0.005204
20260718-163124-574,3,40,38.225179,13.469005,37.653216,14.369482,2.459863,4.747500,0.000000,-0.021710
20260718-163124-574,3,41,38.226450,13.220086,37.664025,14.126550,2.459863,4.736944,-0.000000,-0.021710
20260718-163124-574,3,42,38.225094,12.971167,37.672268,13.883517,2.459863,4.726388,-0.000000,-0.021710
20260718-163124-574,3,43,38.221111,12.722276,37.677946,13.640411,2.459863,4.715833,-0.001526,-0.021710
20260718-163124-574,3,44,38.214500,12.473441,37.681057,13.397258,2.459710,4.705277,-0.000000,-0.031558
20260718-163124-574,3,45,38.201857,12.223465,37.682652,13.155359,2.459710,4.689931,0.000000,-0.031558
20260718-163124-574,3,46,38.185379,11.973712,37.680535,12.913463,2.459710,4.674586,-0.000000,-0.031558
20260718-163124-574,3,47,38.165071,11.724241,37.674707,12.671629,2.459710,4.659240,0.000000,-0.031558
20260718-163124-574,3,48,38.140936,11.475111,37.665168,12.429912,2.459710,4.643895,-0.000000,-0.031558
20260718-163124-574,3,49,38.112982,11.226381,37.651921,12.188370,2.459710,4.628549,0.000000,-0.031558
20260718-163124-574,3,50,38.081215,10.978109,37.634970,11.947060,2.459710,4.613204,-0.000000,-0.031558
20260718-163124-574,3,51,38.045641,10.730354,37.614317,11.706038,2.459710,4.597858,-0.195504,-0.031558
20260718-163124-574,3,52,38.006270,10.483174,37.589969,11.465362,2.440160,4.582512,0.000000,-0.257679
20260718-163124-574,3,53,37.879826,10.222829,37.591372,11.249861,2.440160,4.455422,-0.000000,-0.257679
20260718-163124-574,3,54,37.721403,9.980611,37.565450,11.035921,2.440160,4.328333,0.000000,-0.257679
20260718-163124-574,3,55,37.533557,9.760426,37.512621,10.826991,2.440160,4.201243,0.135522,-0.257679
20260718-163124-574,3,56,37.319318,9.565826,37.433736,10.626443,2.453712,4.074153,-0.000000,-0.146419
20260718-163124-574,3,57,37.121268,9.384672,37.311177,10.434403,2.453712,4.002639,0.000000,-0.146419
20260718-163124-574,3,58,36.910780,9.218132,37.175210,10.251610,2.453712,3.931125,-0.000000,-0.146419
20260718-163124-574,3,59,36.688930,9.067058,37.026529,10.079000,2.453712,3.859611,-0.000000,-0.146419
20260718-163124-574,3,60,36.456853,8.932223,36.865895,9.917456,2.453712,3.788097,0.000000,-0.146419
20260718-163124-574,3,61,36.215734,8.814314,36.694129,9.767801,2.453712,3.716583,-0.000000,-0.146419
20260718-163124-574,3,62,35.966807,8.713935,36.512108,9.630803,2.453712,3.645069,0.000000,-0.146419
20260718-163124-574,3,63,35.711343,8.631600,36.320764,9.507160,2.453712,3.573556,-0.000000,-0.146419
20260718-163124-574,3,64,35.450650,8.567728,36.121074,9.397506,2.453712,3.502042,0.000000,-0.146419
20260718-163124-574,3,65,35.186059,8.522648,35.914060,9.302401,2.453712,3.430528,-0.000000,-0.146419
20260718-163124-574,3,66,34.918923,8.496588,35.700779,9.222330,2.453712,3.359014,-0.000000,-0.146419
20260718-163124-574,3,67,34.650608,8.489682,35.482321,9.157703,2.453712,3.287500,0.045260,-0.146419
20260718-163124-574,3,68,34.382485,8.501966,35.259805,9.108852,2.458238,3.215986,-0.000000,0.077750
20260718-163124-574,3,69,34.149829,8.458031,35.003557,9.097679,2.458238,3.253835,0.000000,0.077750
20260718-163124-574,3,70,33.919003,8.405324,34.747914,9.076819,2.458238,3.291684,0.000000,0.077750
20260718-163124-574,3,71,33.690336,8.343920,34.493245,9.046300,2.458238,3.329533,-0.045260,0.077750
20260718-163124-574,3,72,33.464157,8.273907,34.239912,9.006166,2.453712,3.367382,0.000000,0.146419
20260718-163124-574,3,73,33.256101,8.175064,33.977552,8.960881,2.453712,3.438895,-0.000000,0.146419
20260718-163124-574,3,74,33.055640,8.061607,33.719098,8.896966,2.453712,3.510409,-0.000000,0.146419
20260718-163124-574,3,75,32.863798,7.934117,33.465871,8.814746,2.453712,3.581923,0.000000,0.146419
20260718-163124-574,3,76,32.681556,7.793245,33.219167,8.714644,2.453712,3.653437,-0.000000,0.146419
20260718-163124-574,3,77,32.509845,7.639712,32.980245,8.597169,2.453712,3.724951,0.000000,0.146419
20260718-163124-574,3,78,32.349544,7.474301,32.750329,8.462923,2.453712,3.796465,0.000000,0.146419
20260718-163124-574,3,79,32.201472,7.297860,32.530592,8.312591,2.453712,3.867979,-0.000000,0.146419
20260718-163124-574,3,80,32.066385,7.111289,32.322158,8.146943,2.453712,3.939493,0.000000,0.146419
20260718-163124-574,3,81,31.944975,6.915543,32.126094,7.966826,2.453712,4.011007,0.000000,0.146419
20260718-163124-574,3,82,31.837861,6.711622,31.943400,7.773159,2.453712,4.082520,-0.000000,0.146419
20260718-163124-574,3,83,31.745593,6.500569,31.775012,7.566934,2.453712,4.154034,0.011947,0.146419
20260718-163124-574,3,84,31.668640,6.283462,31.621789,7.349203,2.454907,4.225548,0.000000,0.131887
20260718-163124-574,3,85,31.601997,6.061701,31.486700,7.122223,2.454907,4.289908,-0.000000,0.131887
20260718-163124-574,3,86,31.549755,5.836114,31.366488,6.887025,2.454907,4.354268,0.000000,0.131887
20260718-163124-574,3,87,31.512129,5.607633,31.261653,6.644582,2.454907,4.418627,0.026967,0.131887
20260718-163124-574,3,88,31.489277,5.377206,31.172627,6.395898,2.457604,4.482987,-0.000000,-0.090638
20260718-163124-574,3,89,31.400190,5.133862,31.128802,6.165535,2.457604,4.438844,-0.000000,-0.090638
20260718-163124-574,3,90,31.300451,4.894686,31.074854,5.937330,2.457604,4.394700,0.000000,-0.090638
20260718-163124-574,3,91,31.190254,4.660145,31.010888,5.711729,2.457604,4.350557,-0.007605,-0.090638
20260718-163124-574,3,92,31.069815,4.430695,30.937029,5.489170,2.456843,4.306414,0.000000,-0.103975
20260718-163124-574,3,93,30.934456,4.207218,30.855447,5.271058,2.456843,4.255747,-0.000000,-0.103975
20260718-163124-574,3,94,30.787953,3.990882,30.762924,5.057359,2.456843,4.205080,0.000000,-0.103975
20260718-163124-574,3,95,30.630681,3.782244,30.659696,4.848620,2.456843,4.154413,-0.044897,-0.103975
20260718-163124-574,3,96,30.463044,3.581838,30.546029,4.645376,2.452353,4.103746,0.000000,-0.161314
20260718-163124-574,3,97,30.265162,3.396644,30.431681,4.450339,2.452353,4.024879,-0.000000,-0.161314
20260718-163124-574,3,98,30.053305,3.227616,30.302321,4.264916,2.452353,3.946012,-0.000000,-0.161314
20260718-163124-574,3,99,29.828790,3.075805,30.158755,4.090262,2.452353,3.867145,0.013588,-0.161314
20260718-163124-574,3,100,29.593012,2.942154,30.001876,3.927461,2.453712,3.788279,0.000000,-0.146419
20260718-163124-574,3,101,29.351914,2.824201,29.830136,3.777775,2.453712,3.716765,0.000000,-0.146419
20260718-163124-574,3,102,29.103005,2.723777,29.648141,3.640744,2.453712,3.645251,-0.000000,-0.146419
20260718-163124-574,3,103,28.847557,2.641396,29.456819,3.517067,2.453712,3.573737,0.050442,-0.146419
20260718-163124-574,3,104,28.586875,2.577477,29.257149,3.407376,2.458756,3.502223,-0.000000,-0.065347
20260718-163124-574,3,105,28.341032,2.508899,29.037352,3.317069,2.458756,3.470425,0.000000,-0.065347
20260718-163124-574,3,106,28.093134,2.448172,28.814796,3.233795,2.458756,3.438626,-0.000000,-0.065347
20260718-163124-574,3,107,27.843430,2.395357,28.589705,3.157639,2.458756,3.406828,-0.000000,-0.065347
20260718-163124-574,3,108,27.592173,2.350508,28.362306,3.088678,2.458756,3.375029,-0.000000,-0.065347
20260718-163124-574,3,109,27.339617,2.313669,28.132830,3.026981,2.458756,3.343231,0.000000,-0.065347
20260718-163124-574,3,110,27.086018,2.284879,27.901508,2.972612,2.458756,3.311432,0.000000,-0.065347
20260718-163124-574,3,111,26.831632,2.264166,27.668575,2.925624,2.458756,3.279634,0.011959,-0.065347
20260718-163124-574,3,112,26.576715,2.251551,27.434265,2.886066,2.459952,3.247835,0.000000,-0.012815
20260718-163124-574,3,113,26.329976,2.229667,27.191463,2.858826,2.459952,3.241605,-0.000000,-0.012815
20260718-163124-574,3,114,26.083106,2.209320,26.948495,2.833100,2.459952,3.235374,0.000000,-0.012815
20260718-163124-574,3,115,25.836113,2.190512,26.705372,2.808888,2.459952,3.229144,-0.000000,-0.012815
20260718-163124-574,3,116,25.589008,2.173243,26.462103,2.786191,2.459952,3.222913,0.000000,-0.012815
20260718-163124-574,3,117,25.341800,2.157514,26.218697,2.765010,2.459952,3.216683,-0.000000,-0.012815
20260718-163124-574,3,118,25.094499,2.143325,25.975164,2.745347,2.459952,3.210452,0.000000,-0.012815
20260718-163124-574,3,119,24.847115,2.130678,25.731513,2.727201,2.459952,3.204222,-0.000893,-0.012815
20260718-163124-574,3,120,24.599656,2.119572,25.487754,2.710573,2.459863,3.197991,0.000000,-0.021710
20260718-163124-574,3,121,24.350820,2.113003,25.245107,2.694596,2.459863,3.187436,-0.000000,-0.021710
20260718-163124-574,3,122,24.101929,2.109060,25.002305,2.681181,2.459863,3.176880,0.000000,-0.021710
20260718-163124-574,3,123,23.853010,2.107744,24.759375,2.670330,2.459863,3.166324,-0.000000,-0.021710
20260718-163124-574,3,124,23.604090,2.109056,24.516343,2.662043,2.459863,3.155769,0.000000,-0.021710
20260718-163124-574,3,125,23.355199,2.112996,24.273238,2.656323,2.459863,3.145213,-0.000000,-0.021710
20260718-163124-574,3,126,23.106363,2.119562,24.030086,2.653169,2.459863,3.134657,-0.000000,-0.021710
20260718-163124-574,3,127,22.857610,2.128755,23.786914,2.652581,2.459863,3.124101,-0.003806,-0.021710
20260718-163124-574,3,128,22.608968,2.140573,23.543749,2.654561,2.459482,3.113546,-0.000000,-0.042182
20260718-163124-574,3,129,22.358084,2.162156,23.303213,2.656860,2.459482,3.093030,0.000000,-0.042182
20260718-163124-574,3,130,22.107696,2.188882,23.062775,2.664093,2.459482,3.072515,-0.000000,-0.042182
20260718-163124-574,3,131,21.857909,2.220739,22.822535,2.676258,2.459482,3.052000,-0.003145,-0.042182
20260718-163124-574,3,132,21.608828,2.257713,22.582595,2.693348,2.459168,3.031484,-0.000000,-0.053471
20260718-163124-574,3,133,21.359603,2.303832,22.344371,2.713993,2.459168,3.005472,0.000000,-0.053471
20260718-163124-574,3,134,21.111662,2.356418,22.106765,2.740827,2.459168,2.979461,0.000000,-0.053471
20260718-163124-574,3,135,20.865173,2.415434,21.869937,2.773832,2.459168,2.953449,0.000000,-0.053471
20260718-163124-574,3,136,20.620301,2.480842,21.634047,2.812986,2.459168,2.927437,-0.000000,-0.053471
20260718-163124-574,3,137,20.377214,2.552596,21.399256,2.858261,2.459168,2.901425,-0.000000,-0.053471
20260718-163124-574,3,138,20.136075,2.630649,21.165721,2.909628,2.459168,2.875413,0.000000,-0.053471
20260718-163124-574,3,139,19.897048,2.714946,20.933602,2.967051,2.459168,2.849401,-0.000000,-0.053471
20260718-163124-574,3,140,19.660295,2.805433,20.703054,3.030493,2.459168,2.823390,0.000000,-0.053471
20260718-163124-574,3,141,19.425974,2.902046,20.474235,3.099909,2.459168,2.797378,0.000000,-0.053471
20260718-163124-574,3,142,19.194246,3.004721,20.247298,3.175252,2.459168,2.771366,-0.000000,-0.053471
20260718-163124-574,3,143,18.965267,3.113388,20.022398,3.256473,2.459168,2.745354,-0.004114,-0.053471
20260718-163124-574,3,144,18.739191,3.227974,19.799687,3.343516,2.458756,2.719342,-0.000000,-0.065347
20260718-163124-574,3,145,18.516548,3.352759,19.580180,3.434526,2.458756,2.687544,0.000000,-0.065347
20260718-163124-574,3,146,18.297984,3.484559,19.363678,3.532469,2.458756,2.655745,-0.000000,-0.065347
20260718-163124-574,3,147,18.083721,3.623242,19.150400,3.637245,2.458756,2.623947,-0.005182,-0.065347
20260718-163124-574,3,148,17.873976,3.768666,18.940561,3.748750,2.458238,2.592148,0.000000,-0.077750
20260718-163124-574,3,149,17.669953,3.925150,18.735021,3.864888,2.458238,2.554299,-0.000000,-0.077750
20260718-163124-574,3,150,17.471998,4.089241,18.534023,3.988721,2.458238,2.516451,-0.000000,-0.077750
20260718-163124-574,3,151,17.280394,4.260706,18.337854,4.120071,2.458238,2.478602,-0.022909,-0.077750
20260718-163124-574,3,152,17.095416,4.439298,18.146797,4.258750,2.455947,2.440753,-0.000000,-0.117732
20260718-163124-574,3,153,16.922855,4.638474,17.962145,4.397898,2.455947,2.383344,0.000000,-0.117732
20260718-163124-574,3,154,16.762007,4.847223,17.785781,4.547412,2.455947,2.325936,0.000000,-0.117732
20260718-163124-574,3,155,16.613401,5.064857,17.618287,4.706799,2.455947,2.268527,-0.010404,-0.117732
20260718-163124-574,3,156,16.477528,5.290659,17.460213,4.875533,2.454907,2.211118,-0.000000,-0.131887
20260718-163124-574,3,157,16.357913,5.528143,17.311864,5.050674,2.454907,2.146758,0.000000,-0.131887
20260718-163124-574,3,158,16.253819,5.772828,17.175087,5.234994,2.454907,2.082399,-0.000000,-0.131887
20260718-163124-574,3,159,16.165678,6.023701,17.050448,5.427729,2.454907,2.018039,0.050852,-0.131887
20260718-163124-574,3,160,16.093854,6.279724,16.938462,5.628082,2.459992,1.953679,-0.000000,0.005204
20260718-163124-574,3,161,16.000549,6.506608,16.846803,5.857105,2.459992,1.956210,0.000000,0.005204
20260718-163124-574,3,162,15.906671,6.733256,16.754565,6.085897,2.459992,1.958740,-0.000000,0.005204
20260718-163124-574,3,163,15.812219,6.959666,16.661749,6.314454,2.459992,1.961270,-0.149220,0.005204
20260718-163124-574,3,164,15.717194,7.185836,16.568354,6.542775,2.445070,1.963800,-0.000000,0.224278
20260718-163124-574,3,165,15.565771,7.352571,16.482506,6.807046,2.445070,2.074029,0.000000,0.224278
20260718-163124-574,3,166,15.396925,7.501637,16.368107,7.060269,2.445070,2.184258,-0.000000,0.224278
20260718-163124-574,3,167,15.212705,7.631224,16.226546,7.299370,2.445070,2.294487,-0.000000,0.224278
20260718-163124-574,3,168,15.015348,7.739759,16.059542,7.521448,2.445070,2.404717,0.000000,0.224278
20260718-163124-574,3,169,14.807250,7.825925,15.869121,7.723806,2.445070,2.514946,-0.000000,0.224278
20260718-163124-574,3,170,14.590935,7.888676,15.657596,7.903989,2.445070,2.625175,0.000000,0.224278
20260718-163124-574,3,171,14.369030,7.927250,15.427533,8.059810,2.445070,2.735404,0.040330,0.224278
20260718-163124-574,3,172,14.144229,7.941180,15.181725,8.189376,2.449103,2.845633,-0.000000,0.192138
20260718-163124-574,3,173,13.917187,7.942264,14.926752,8.286906,2.449103,2.939791,-0.000000,0.192138
20260718-163124-574,3,174,13.691048,7.921996,14.663738,8.360031,2.449103,3.033950,-0.000000,0.192138
20260718-163124-574,3,175,13.467817,7.880558,14.395014,8.408104,2.449103,3.128109,-0.888993,0.192138
20260718-163124-574,3,176,13.249470,7.818314,14.122961,8.430698,2.360204,3.222268,-0.989593,0.055623
20260718-163124-574,3,177,13.022810,7.781944,13.880103,8.416805,2.261244,3.248239,-0.989553,0.057775
20260718-163124-574,3,178,12.806940,7.741089,13.647539,8.397895,2.162289,3.274087,-0.989521,0.059926
20260718-163124-574,3,179,12.601896,7.696361,13.425380,8.374500,2.063337,3.299726,-0.989496,0.062078
20260718-163124-574,3,180,12.407686,7.648377,13.213719,8.347168,1.964387,3.325072,-0.989478,0.064229
20260718-163124-574,3,181,12.224288,7.597759,13.012624,8.316457,1.865440,3.350041,-0.989469,0.066380
20260718-163124-574,3,182,12.051653,7.545131,12.822140,8.282931,1.766493,3.374549,-0.989467,0.068531
20260718-163124-574,3,183,11.889702,7.491106,12.642291,8.247155,1.667546,3.398511,-0.987955,0.070682
20260718-163124-574,3,184,11.738331,7.436294,12.473076,8.209695,1.568751,3.421843,-0.989680,0.057457
20260718-163124-574,3,185,11.595305,7.383724,12.316141,8.170105,1.469782,3.439677,-0.989692,0.059154
20260718-163124-574,3,186,11.462367,7.332000,12.169570,8.130664,1.370813,3.456879,-0.989709,0.060851
20260718-163124-574,3,187,11.339384,7.281559,12.033309,8.091787,1.271842,3.473385,-0.989728,0.062548
20260718-163124-574,3,188,11.226209,7.232826,11.907293,8.053876,1.172870,3.489127,-0.989751,0.064244
20260718-163124-574,3,189,11.122689,7.186204,11.791455,8.017318,1.073895,3.504039,-0.989776,0.065941
20260718-163124-574,3,190,11.028666,7.142074,11.685719,7.982480,0.974917,3.518054,-0.989803,0.067637
20260718-163124-574,3,191,10.943982,7.100798,11.590010,7.949708,0.875937,3.531105,-0.989367,0.069334
20260718-163124-574,3,192,10.868475,7.062709,11.504252,7.919323,0.777000,3.543127,-0.990000,0.000000
20260718-163124-574,3,193,10.796955,7.032341,11.432732,7.888956,0.678000,3.543127,-0.990000,0.000000
20260718-163124-574,3,194,10.734548,7.005843,11.370325,7.862457,0.579000,3.543127,-0.990000,0.000000
20260718-163124-574,3,195,10.681253,6.983214,11.317030,7.839828,0.480000,3.543127,-0.990000,0.000000
20260718-163124-574,3,196,10.637071,6.964454,11.272848,7.821068,0.381000,3.543127,-0.990000,0.000000
20260718-163124-574,3,197,10.602001,6.949563,11.237778,7.806178,0.282000,3.543127,-0.990000,0.000000
20260718-163124-574,3,198,10.576044,6.938542,11.211821,7.795156,0.183000,3.543127,-0.990000,0.000000
20260718-163124-574,3,199,10.559200,6.931390,11.194976,7.788004,0.084000,3.543127,-0.840000,0.000000
20260718-163124-574,3,200,10.551468,6.928107,11.187245,7.784721,-0.000000,3.543127,-0.990000,0.000000
20260718-163124-574,3,201,10.551468,6.928107,11.187245,7.784721,-0.099000,3.543127,-0.990000,3.141593
20260718-163124-574,3,202,10.560581,6.931976,11.196357,7.788590,-0.198000,3.543127,-0.990000,3.141593
20260718-163124-574,3,203,10.578806,6.939714,11.214582,7.796329,-0.297000,3.543127,-0.990000,3.141593
20260718-163124-574,3,204,10.606143,6.951322,11.241920,7.807936,-0.396000,3.543127,-0.990000,3.141593
20260718-163124-574,3,205,10.642594,6.966799,11.278370,7.823413,-0.495000,3.543127,-0.990000,3.141593
20260718-163124-574,3,206,10.688157,6.986145,11.323933,7.842759,-0.594000,3.543127,-0.990000,3.141593
20260718-163124-574,3,207,10.742832,7.009360,11.378609,7.865975,-0.693000,3.543127,-0.990000,3.141593
20260718-163124-574,3,208,10.806620,7.036445,11.442397,7.893059,-0.792000,3.543127,-0.990000,3.141593
20260718-163124-574,3,209,10.879521,7.067399,11.515297,7.924013,-0.891000,3.543127,-0.990000,3.141593
20260718-163124-574,3,210,10.961534,7.102222,11.597311,7.958836,-0.990000,3.543127,-0.990000,3.141593
20260718-163124-574,3,211,11.052660,7.140914,11.688436,7.997529,-1.089000,3.543127,-0.180000,3.141593
20260718-163124-574,3,212,11.152898,7.183476,11.788675,8.040090,-1.107000,3.543127,0.000000,3.141593
20260718-163124-574,3,213,11.254793,7.226741,11.890570,8.083355,-1.107000,3.543127,0.000000,3.141593
20260718-163124-574,3,214,11.356688,7.270006,11.992465,8.126620,-1.107000,3.543127,0.000000,3.141593
20260718-163124-574,3,215,11.458584,7.313271,12.094360,8.169885,-1.107000,3.543127,0.000000,3.141593
20260718-163124-574,3,216,11.560479,7.356536,12.196255,8.213150,-1.107000,3.543127,0.000000,3.141593
20260718-163124-574,3,217,11.662374,7.399801,12.298151,8.256415,-1.107000,3.543127,0.000000,3.141593
20260718-163124-574,3,218,11.764269,7.443066,12.400046,8.299680,-1.107000,3.543127,0.000000,3.141593
20260718-163124-574,3,219,11.866164,7.486331,12.501941,8.342945,-1.107000,3.543127,0.990000,3.141593
20260718-163124-574,3,220,11.968060,7.529596,12.603836,8.386210,-1.008000,3.543127,0.990000,3.141593
20260718-163124-574,3,221,12.060842,7.568992,12.696619,8.425606,-0.909000,3.543127,0.990000,3.141593
20260718-163124-574,3,222,12.144512,7.604518,12.780289,8.461132,-0.810000,3.543127,0.990000,3.141593
20260718-163124-574,3,223,12.219070,7.636175,12.854846,8.492790,-0.711000,3.543127,0.990000,3.141593
20260718-163124-574,3,224,12.284515,7.663964,12.920291,8.520578,-0.612000,3.543127,0.990000,3.141593
20260718-163124-574,3,225,12.340847,7.687882,12.976624,8.544497,-0.513000,3.543127,0.990000,3.141593
20260718-163124-574,3,226,12.388067,7.707932,13.023843,8.564546,-0.414000,3.543127,0.990000,3.141593
20260718-163124-574,3,227,12.426174,7.724112,13.061950,8.580727,-0.315000,3.543127,0.990000,3.141593
20260718-163124-574,3,228,12.455168,7.736424,13.090945,8.593038,-0.216000,3.543127,0.990000,3.141593
20260718-163124-574,3,229,12.475050,7.744866,13.110827,8.601480,-0.117000,3.543127,0.990000,3.141593
20260718-163124-574,3,230,12.485820,7.749438,13.121596,8.606053,-0.018000,3.543127,0.180000,3.141593
20260718-163124-574,3,231,12.487477,7.750142,13.123253,8.606756,-0.000000,3.543127,0.989943,0.000000
20260718-163124-574,3,232,12.487477,7.750142,13.123253,8.606756,0.098994,3.543127,0.989624,-0.501116
20260718-163124-574,3,233,12.473752,7.749802,13.118671,8.599554,0.197957,3.532411,0.989043,-0.490892
20260718-163124-574,3,234,12.446477,7.749479,13.109024,8.585560,0.296861,3.511499,0.988258,-0.480703
20260718-163124-574,3,235,12.405837,7.749923,13.093651,8.565345,0.395687,3.480903,0.987321,-0.470541
20260718-163124-574,3,236,12.352060,7.752236,13.071755,8.539662,0.494419,3.441127,0.986281,-0.460399
20260718-163124-574,3,237,12.285462,7.757832,13.042456,8.509470,0.593047,3.392668,0.985179,-0.450270
20260718-163124-574,3,238,12.206508,7.768391,13.004848,8.475959,0.691565,3.336013,0.984055,-0.440150
20260718-163124-574,3,239,12.115864,7.785812,12.958064,8.440563,0.789970,3.271645,0.982944,-0.430033
20260718-163124-574,3,240,12.014456,7.812153,12.901342,8.404970,0.888265,3.200039,0.981876,-0.419915
20260718-163124-574,3,241,11.903527,7.849558,12.834106,8.371116,0.986452,3.121663,0.980878,-0.409792
20260718-163124-574,3,242,11.784678,7.900186,12.756037,8.341164,1.084540,3.036979,0.190244,-0.399660
20260718-163124-574,3,243,11.659900,7.966116,12.667150,8.317468,1.103564,2.946445,0.032308,-0.346732
20260718-163124-574,3,244,11.541061,8.036257,12.572844,8.307224,1.106795,2.867640,-0.044310,0.087713
20260718-163124-574,3,245,11.436634,8.054252,12.463015,8.345015,1.102364,2.886876,-0.000000,0.397817
20260718-163124-574,3,246,11.342845,8.025927,12.338345,8.409306,1.102364,2.978425,-0.000000,0.397817
20260718-163124-574,3,247,11.252037,7.989147,12.208320,8.461929,1.102364,3.069974,0.000000,0.397817
20260718-163124-574,3,248,11.164973,7.944218,12.074029,8.502445,1.102364,3.161523,0.000000,0.397817
20260718-163124-574,3,249,11.082380,7.891518,11.936595,8.530515,1.102364,3.253072,-0.000000,0.397817
20260718-163124-574,3,250,11.004952,7.831488,11.797172,8.545902,1.102364,3.344621,-0.000000,0.397817
20260718-163124-574,3,251,10.933335,7.764631,11.656925,8.548479,1.102364,3.436170,0.000000,0.397817
20260718-163124-574,3,252,10.868131,7.691507,11.517030,8.538224,1.102364,3.527719,0.000000,0.397817
20260718-163124-574,3,253,10.809885,7.612727,11.378658,8.515222,1.102364,3.619268,0.000000,0.397817
20260718-163124-574,3,254,10.759084,7.528953,11.242969,8.479666,1.102364,3.710818,-0.086473,0.397817
20260718-163124-574,3,255,10.716156,7.440885,11.111099,8.431855,1.093717,3.802367,-0.211064,0.398712
20260718-163124-574,3,256,10.681808,7.349972,10.985003,8.372749,1.072611,3.893425,-0.208126,0.400894
20260718-163124-574,3,257,10.656556,7.258117,10.866759,8.303973,1.051798,3.983272,-0.197016,0.403045
20260718-163124-574,3,258,10.640154,7.166201,10.756958,8.226558,1.032096,4.071902,-0.171993,0.405080
20260718-163124-574,3,259,10.632268,7.074964,10.656003,8.141471,1.014897,4.159364,-0.119543,0.406856
20260718-163124-574,3,260,10.632516,6.984949,10.564103,8.049524,1.002943,4.245791,-0.981702,-0.408090
20260718-163124-574,3,261,10.534017,6.898278,10.556976,7.964801,0.904773,4.160092,-0.982760,-0.418214
20260718-163124-574,3,262,10.438118,6.827627,10.545670,7.888962,0.806496,4.080624,-0.983867,-0.428333
20260718-163124-574,3,263,10.347300,6.771331,10.531740,7.822037,0.708110,4.007847,-0.984991,-0.438450
20260718-163124-574,3,264,10.263643,6.727571,10.516581,7.763921,0.609611,3.942229,-0.986099,-0.448569
20260718-163124-574,3,265,10.188842,6.694477,10.501413,7.714427,0.511001,3.884245,-0.987152,-0.458696
20260718-163124-574,3,266,10.124245,6.670224,10.487272,7.673325,0.412286,3.834375,-4.122857,-0.468836
20260718-163124-574,3,267,10.070895,6.653118,10.474999,7.640388,0.000000,3.793105,0.000000,0.000000
20260718-163124-574,4,0,17.497047,3.420875,16.702953,2.559125,0.076000,0.347321,0.760000,0.000000
20260718-163124-574,4,1,17.504194,3.423462,16.710099,2.561712,0.152000,0.347321,0.760000,0.000000
20260718-163124-574,4,2,17.518486,3.428636,16.724391,2.566885,0.228000,0.347321,0.760000,0.000000
20260718-163124-574,4,3,17.539924,3.436396,16.745830,2.574646,0.304000,0.347321,0.759597,0.000000
20260718-163124-574,4,4,17.568509,3.446744,16.774415,2.584994,0.379960,0.347321,0.759728,0.215851
20260718-163124-574,4,5,17.597730,3.465935,16.816271,2.592710,0.455932,0.361886,0.759636,0.212668
20260718-163124-574,4,6,17.632520,3.489470,16.866206,2.602926,0.531896,0.379097,0.759536,0.209486
20260718-163124-574,4,7,17.672707,3.517620,16.924067,2.616099,0.607850,0.398867,0.746913,0.206304
20260718-163124-574,4,8,17.718078,3.550686,16.989672,2.632740,0.682541,0.421107,0.755315,0.500900
20260718-163124-574,4,9,17.747805,3.605458,17.080877,2.641919,0.758072,0.486434,0.754577,0.493202
20260718-163124-574,4,10,17.777154,3.668190,17.180498,2.659626,0.833530,0.557670,0.753842,0.485506
20260718-163124-574,4,11,17.804864,3.739175,17.287440,2.687761,0.908914,0.634558,0.746339,0.477811
20260718-163124-574,4,12,17.829535,3.818580,17.400279,2.728195,0.983548,0.716842,0.751109,0.504599
20260718-163124-574,4,13,17.844864,3.908157,17.520935,2.781982,1.058659,0.811807,0.750337,0.496364
20260718-163124-574,4,14,17.852834,4.005675,17.643227,2.852737,1.133693,0.912045,0.749612,0.488124
20260718-163124-574,4,15,17.851626,4.110473,17.764290,2.941896,1.208654,1.017284,0.048731,0.479877
20260718-163124-574,4,16,17.839418,4.221570,17.880864,3.050467,1.213527,1.127258,-0.000000,0.292055
20260718-163124-574,4,17,17.847212,4.331995,17.963221,3.165915,1.213527,1.191043,0.000000,0.292055
20260718-163124-574,4,18,17.847952,4.442692,18.038053,3.286378,1.213527,1.254828,0.000000,0.292055
20260718-163124-574,4,19,17.841634,4.553211,18.105054,3.411366,1.213527,1.318612,0.021577,0.292055
20260718-163124-574,4,20,17.828285,4.663103,18.163952,3.540371,1.215685,1.382397,0.000000,0.106711
20260718-163124-574,4,21,17.835598,4.779073,18.196736,3.664273,1.215685,1.405163,-0.000000,0.106711
20260718-163124-574,4,22,17.840270,4.895179,18.226692,3.788889,1.215685,1.427929,0.000000,0.106711
20260718-163124-574,4,23,17.842297,5.011362,18.253803,3.914155,1.215685,1.450696,0.002635,0.106711
20260718-163124-574,4,24,17.841679,5.127560,18.278055,4.040005,1.215948,1.473462,-0.000000,0.043329
20260718-163124-574,4,25,17.847378,5.246654,18.293759,4.163167,1.215948,1.482678,0.000000,0.043329
20260718-163124-574,4,26,17.851979,5.365796,18.308327,4.286469,1.215948,1.491895,-0.000000,0.043329
20260718-163124-574,4,27,17.855482,5.484975,18.321758,4.409900,1.215948,1.501111,0.000000,0.043329
20260718-163124-574,4,28,17.857886,5.604181,18.334050,4.533449,1.215948,1.510328,-0.000000,0.043329
20260718-163124-574,4,29,17.859191,5.723405,18.345204,4.657106,1.215948,1.519545,0.000000,0.043329
20260718-163124-574,4,30,17.859398,5.842635,18.355217,4.780861,1.215948,1.528761,-0.000000,0.043329
20260718-163124-574,4,31,17.858506,5.961862,18.364090,4.904703,1.215948,1.537978,-0.000000,0.043329
20260718-163124-574,4,32,17.856514,6.081076,18.371820,5.028622,1.215948,1.547194,0.000000,0.043329
20260718-163124-574,4,33,17.853425,6.200266,18.378408,5.152606,1.215948,1.556411,0.000000,0.043329
20260718-163124-574,4,34,17.849236,6.319423,18.383854,5.276646,1.215948,1.565628,-0.000000,0.043329
20260718-163124-574,4,35,17.843950,6.438536,18.388156,5.400731,1.215948,1.574844,0.000000,0.043329
20260718-163124-574,4,36,17.837566,6.557596,18.391313,5.524850,1.215948,1.584061,-0.000000,0.043329
20260718-163124-574,4,37,17.830086,6.676591,18.393327,5.648993,1.215948,1.593277,0.000000,0.043329
20260718-163124-574,4,38,17.821508,6.795513,18.394197,5.773149,1.215948,1.602494,-0.000000,0.043329
20260718-163124-574,4,39,17.811836,6.914350,18.393922,5.897308,1.215948,1.611710,-0.000000,0.043329
20260718-163124-574,4,40,17.801068,7.033094,18.392504,6.021459,1.215948,1.620927,0.000000,0.043329
20260718-163124-574,4,41,17.789206,7.151733,18.389940,6.145592,1.215948,1.630144,0.000000,0.043329
20260718-163124-574,4,42,17.776252,7.270257,18.386233,6.269696,1.215948,1.639360,-0.000000,0.043329
20260718-163124-574,4,43,17.762205,7.388657,18.381383,6.393761,1.215948,1.648577,0.000000,0.043329
20260718-163124-574,4,44,17.747068,7.506923,18.375389,6.517775,1.215948,1.657793,0.000000,0.043329
20260718-163124-574,4,45,17.730842,7.625044,18.368252,6.641729,1.215948,1.667010,-0.000000,0.043329
20260718-163124-574,4,46,17.713527,7.743011,18.359973,6.765612,1.215948,1.676226,0.000000,0.043329
20260718-163124-574,4,47,17.695126,7.860813,18.350553,6.889414,1.215948,1.685443,-0.061923,0.043329
20260718-163124-574,4,48,17.675641,7.978440,18.339992,7.013123,1.209756,1.694660,-0.000000,0.447000
20260718-163124-574,4,49,17.601338,8.060871,18.359977,7.167749,1.209756,1.796042,0.000000,0.447000
20260718-163124-574,4,50,17.519074,8.135358,18.364210,7.323604,1.209756,1.897425,-0.000000,0.447000
20260718-163124-574,4,51,17.429694,8.201137,18.352647,7.479086,1.209756,1.998808,-0.771473,0.447000
20260718-163124-574,4,52,17.334115,8.257532,18.325407,7.632600,1.132609,2.100191,-0.748741,0.522138
20260718-163124-574,4,53,17.233420,8.290369,18.289333,7.782187,1.057735,2.214126,-0.749625,0.530916
20260718-163124-574,4,54,17.136321,8.309376,18.241083,7.918607,0.982772,2.322701,-0.750556,0.539689
20260718-163124-574,4,55,17.044631,8.316440,18.183693,8.041238,0.907717,2.425618,-0.751523,0.548456
20260718-163124-574,4,56,16.959707,8.313577,18.120061,8.149936,0.832564,2.522576,-0.752513,0.557222
20260718-163124-574,4,57,16.882480,8.302837,18.052886,8.244959,0.757313,2.613268,-0.753514,0.565988
20260718-163124-574,4,58,16.813493,8.286229,17.984624,8.326888,0.681962,2.697383,-0.754509,0.574759
20260718-163124-574,4,59,16.752961,8.265659,17.917465,8.396544,0.606511,2.774605,0.014574,0.583536
20260718-163124-574,4,60,16.700827,8.242883,17.853323,8.454904,0.607968,2.844612,-0.000000,-0.096067
20260718-163124-574,4,61,16.641818,8.267177,17.796425,8.467383,0.607968,2.834369,-0.000000,-0.096067
20260718-163124-574,4,62,16.583061,8.292074,17.739658,8.480444,0.607968,2.824127,0.000000,-0.096067
20260718-163124-574,4,63,16.524563,8.317572,17.683028,8.494086,0.607968,2.813885,-0.759681,-0.096067
20260718-163124-574,4,64,16.466328,8.343668,17.626541,8.508308,0.532000,2.803643,-0.760000,0.000000
20260718-163124-574,4,65,16.416137,8.361307,17.576350,8.525946,0.456000,2.803643,-0.760000,0.000000
20260718-163124-574,4,66,16.373117,8.376425,17.533330,8.541065,0.380000,2.803643,-0.760000,0.000000
20260718-163124-574,4,67,16.337266,8.389025,17.497479,8.553664,0.304000,2.803643,-0.760000,0.000000
20260718-163124-574,4,68,16.308586,8.399104,17.468798,8.563743,0.228000,2.803643,-0.760000,0.000000
20260718-163124-574,4,69,16.287075,8.406663,17.447288,8.571303,0.152000,2.803643,-0.760000,0.000000
20260718-163124-574,4,70,16.272735,8.411703,17.432948,8.576342,0.076000,2.803643,-0.760000,0.000000
20260718-163124-574,4,71,16.265565,8.414223,17.425778,8.578862,0.000000,2.803643,-0.759962,0.000000
20260718-163124-574,4,72,16.265565,8.414223,17.425778,8.578862,-0.075996,2.803643,-0.759745,2.496081
20260718-163124-574,4,73,16.273613,8.405974,17.432120,8.582215,-0.151971,2.813649,-0.759341,2.505024
20260718-163124-574,4,74,16.289938,8.390003,17.444761,8.588961,-0.227905,2.833289,-0.758779,2.513929
20260718-163124-574,4,75,16.314971,8.367067,17.463560,8.599322,-0.303783,2.862197,-0.758088,2.522801
20260718-163124-574,4,76,16.349289,8.338164,17.488276,8.613679,-0.379591,2.900015,-0.757293,2.531645
20260718-163124-574,4,77,16.393566,8.304540,17.518556,8.632562,-0.455321,2.946392,-0.756417,2.540466
20260718-163124-574,4,78,16.448503,8.267702,17.553919,8.656619,-0.530962,3.000982,-0.755483,2.549269
20260718-163124-574,4,79,16.514758,8.229426,17.593740,8.686588,-0.606511,3.063446,-0.754509,2.558057
20260718-163124-574,4,80,16.592866,8.191754,17.637227,8.723271,-0.681962,3.133453,-0.753514,2.566834
20260718-163124-574,4,81,16.683161,8.156984,17.683406,8.767484,-0.757313,3.210675,-0.752513,2.575604
20260718-163124-574,4,82,16.785685,8.127642,17.731102,8.820021,-0.832564,3.294790,-0.751523,2.584371
20260718-163124-574,4,83,16.900108,8.106440,17.778931,8.881598,-0.907717,3.385482,-0.750556,2.593136
20260718-163124-574,4,84,17.025645,8.096210,17.825301,8.952802,-0.982772,3.482440,0.750556,2.601904
20260718-163124-574,4,85,17.160992,8.099818,17.868414,9.034031,-0.907717,3.585357,0.751523,2.593136
20260718-163124-574,4,86,17.286061,8.114717,17.899723,9.113025,-0.832564,3.682315,0.752513,2.584371
20260718-163124-574,4,87,17.400011,8.138327,17.920736,9.188110,-0.757313,3.773008,0.753514,2.575604
20260718-163124-574,4,88,17.502391,8.168166,17.933077,9.257986,-0.681962,3.857123,0.754509,2.566834
20260718-163124-574,4,89,17.593079,8.201897,17.938408,9.321696,-0.606511,3.934344,0.755483,2.558057
20260718-163124-574,4,90,17.672208,8.237377,17.938361,9.378588,-0.530962,4.004351,0.756417,2.549269
20260718-163124-574,4,91,17.740095,8.272676,17.934490,9.428276,-0.455321,4.066816,0.757293,2.540466
20260718-163124-574,4,92,17.797174,8.306100,17.928226,9.470585,-0.379591,4.121406,0.758088,2.531645
20260718-163124-574,4,93,17.843924,8.336191,17.920850,9.505499,-0.303783,4.167783,0.758779,2.522801
20260718-163124-574,4,94,17.880812,8.361733,17.913472,9.533114,-0.227905,4.205601,0.759341,2.513929
20260718-163124-574,4,95,17.908233,8.381752,17.907022,9.553587,-0.151971,4.234509,0.759745,2.505024
20260718-163124-574,4,96,17.926464,8.395509,17.902240,9.567094,-0.075996,4.254149,0.759962,2.496081
20260718-163124-574,4,97,17.935619,8.402508,17.899673,9.573793,-0.000000,4.264155,0.759962,0.000000
20260718-163124-574,4,98,17.935619,8.402508,17.899673,9.573793,0.075996,4.264155,0.759745,-0.645511
20260718-163124-574,4,99,17.926396,8.395542,17.902171,9.567128,0.151971,4.254149,0.759341,-0.636568
20260718-163124-574,4,100,17.907899,8.381920,17.906688,9.553755,0.227905,4.234509,0.760140,-0.627663
20260718-163124-574,4,101,17.879896,8.362213,17.912557,9.533594,0.303919,4.205601,0.756727,-0.410382
20260718-163124-574,4,102,17.850997,8.336516,17.910725,9.506829,0.379591,4.182484,0.757293,0.609947
20260718-163124-574,4,103,17.860490,8.302117,17.865899,9.473941,0.455321,4.228860,0.756417,0.601126
20260718-163124-574,4,104,17.873498,8.261373,17.814960,9.431746,0.530962,4.283450,0.357564,0.592324
20260718-163124-574,4,105,17.890908,8.214674,17.759425,9.379111,0.566719,4.345915,-0.755981,0.588164
20260718-163124-574,4,106,17.912400,8.166033,17.704320,9.319247,0.491121,4.411989,-0.756887,0.596960
20260718-163124-574,4,107,17.934062,8.125321,17.659076,9.264436,0.415432,4.470347,-4.154320,0.605771
20260718-163124-574,4,108,17.954601,8.092122,17.622683,9.215968,0.000000,4.520652,0.000000,0.000000
20260718-163124-574,5,0,17.535787,13.759049,16.504213,13.300951,0.061000,6.181956,0.610000,0.000000
20260718-163124-574,5,1,17.541856,13.758433,16.510281,13.300335,0.122000,6.181956,0.610000,0.000000
20260718-163124-574,5,2,17.553994,13.757200,16.522419,13.299102,0.183000,6.181956,0.610000,0.000000
20260718-163124-574,5,3,17.572200,13.755350,16.540625,13.297252,0.244000,6.181956,0.610000,0.000000
20260718-163124-574,5,4,17.596475,13.752885,16.564900,13.294787,0.305000,6.181956,0.610000,0.000000
20260718-163124-574,5,5,17.626819,13.749802,16.595244,13.291704,0.366000,6.181956,0.610000,0.000000
20260718-163124-574,5,6,17.663232,13.746104,16.631657,13.288006,0.427000,6.181956,0.610000,0.000000
20260718-163124-574,5,7,17.705713,13.741789,16.674138,13.283691,0.488000,6.181956,0.610000,0.000000
20260718-163124-574,5,8,17.754263,13.736857,16.722688,13.278759,0.549000,6.181956,0.610000,0.000000
20260718-163124-574,5,9,17.808882,13.731309,16.777307,13.273211,0.610000,6.181956,0.610000,0.000000
20260718-163124-574,5,10,17.869570,13.725145,16.837995,13.267047,0.671000,6.181956,0.610000,0.000000
20260718-163124-574,5,11,17.936326,13.718364,16.904752,13.260266,0.732000,6.181956,0.610000,0.000000
20260718-163124-574,5,12,18.009152,13.710966,16.977577,13.252868,0.793000,6.181956,0.610000,0.000000
20260718-163124-574,5,13,18.088046,13.702953,17.056471,13.244855,0.854000,6.181956,0.610000,0.000000
20260718-163124-574,5,14,18.173008,13.694322,17.141434,13.236224,0.915000,6.181956,0.610000,0.000000
20260718-163124-574,5,15,18.264040,13.685076,17.232465,13.226978,0.976000,6.181956,0.610000,0.000000
20260718-163124-574,5,16,18.361140,13.675213,17.329566,13.217115,1.037000,6.181956,0.610000,0.000000
20260718-163124-574,5,17,18.464309,13.664733,17.432735,13.206635,1.098000,6.181956,0.610000,0.000000
20260718-163124-574,5,18,18.573547,13.653637,17.541973,13.195539,1.159000,6.181956,0.610000,0.000000
20260718-163124-574,5,19,18.688854,13.641925,17.657279,13.183827,1.220000,6.181956,0.610000,0.000000
20260718-163124-574,5,20,18.810229,13.629596,17.778655,13.171498,1.281000,6.181956,0.610000,0.000000
20260718-163124-574,5,21,18.937674,13.616651,17.906099,13.158553,1.342000,6.181956,0.610000,0.000000
20260718-163124-574,5,22,19.071187,13.603089,18.039612,13.144991,1.403000,6.181956,0.610000,0.000000
20260718-163124-574,5,23,19.210768,13.588911,18.179194,13.130813,1.464000,6.181956,0.608567,0.000000
20260718-163124-574,5,24,19.356419,13.574116,18.324844,13.116018,1.524857,6.181956,0.609878,0.048420
20260718-163124-574,5,25,19.505147,13.567835,18.479949,13.095639,1.585844,6.195665,0.609876,0.047565
20260718-163124-574,5,26,19.659962,13.563342,18.641477,13.076834,1.646832,6.209670,0.609874,0.046710
20260718-163124-574,5,27,19.820847,13.560840,18.809415,13.059837,1.707819,6.223952,0.609874,0.045855
20260718-163124-574,5,28,19.987781,13.560535,18.983739,13.044879,1.768807,6.238492,0.609874,0.045001
20260718-163124-574,5,29,20.160737,13.562634,19.164425,13.032198,1.829794,6.253269,0.609874,0.044146
20260718-163124-574,5,30,20.339684,13.567344,19.351438,13.022027,1.890782,6.268266,0.609876,0.043291
20260718-163124-574,5,31,20.524583,13.574873,19.544738,13.014602,1.951769,6.283461,0.609878,0.042436
20260718-163124-574,5,32,20.715394,13.585428,19.744279,13.010158,2.012757,6.298837,0.609881,0.041582
20260718-163124-574,5,33,20.912069,13.599214,19.950009,13.008926,2.073745,6.314374,0.609884,0.040727
20260718-163124-574,5,34,21.114555,13.616435,20.161867,13.011138,2.134734,6.330052,0.609888,0.039872
20260718-163124-574,5,35,21.322795,13.637294,20.379789,13.017020,2.195722,6.345852,0.609893,0.039017
20260718-163124-574,5,36,21.536726,13.661988,20.603703,13.026798,2.256712,6.361754,0.609898,0.038162
20260718-163124-574,5,37,21.756282,13.690714,20.833531,13.040690,2.317701,6.377740,0.609904,0.037307
20260718-163124-574,5,38,21.981390,13.723663,21.069190,13.058913,2.378692,6.393790,0.609911,0.036453
20260718-163124-574,5,39,22.211975,13.761021,21.310591,13.081677,2.439683,6.409884,0.503170,0.035598
20260718-163124-574,5,40,22.447957,13.802971,21.557641,13.109186,2.490000,6.426003,0.000000,0.000000
20260718-163124-574,5,41,22.694422,13.838412,21.804106,13.144627,2.490000,6.426003,0.000000,0.000000
20260718-163124-574,5,42,22.940887,13.873853,22.050571,13.180068,2.490000,6.426003,0.000000,0.000000
20260718-163124-574,5,43,23.187352,13.909293,22.297036,13.215509,2.490000,6.426003,0.000000,0.000000
20260718-163124-574,5,44,23.433817,13.944734,22.543500,13.250949,2.490000,6.426003,0.000000,0.000000
20260718-163124-574,5,45,23.680281,13.980175,22.789965,13.286390,2.490000,6.426003,0.000000,0.000000
20260718-163124-574,5,46,23.926746,14.015616,23.036430,13.321831,2.490000,6.426003,0.000000,0.000000
20260718-163124-574,5,47,24.173211,14.051057,23.282895,13.357272,2.490000,6.426003,0.000000,0.000000
20260718-163124-574,5,48,24.419676,14.086498,23.529360,13.392713,2.490000,6.426003,0.000000,0.000000
20260718-163124-574,5,49,24.666141,14.121939,23.775825,13.428154,2.490000,6.426003,0.000000,0.000000
20260718-163124-574,5,50,24.912606,14.157380,24.022290,13.463595,2.490000,6.426003,0.000000,0.000000
20260718-163124-574,5,51,25.159071,14.192821,24.268755,13.499036,2.490000,6.426003,-0.009304,0.000000
20260718-163124-574,5,52,25.405536,14.228262,24.515220,13.534477,2.489070,6.426003,-0.000000,-0.059131
20260718-163124-574,5,53,25.662193,14.244654,24.753245,13.575465,2.489070,6.398665,0.000000,-0.059131
20260718-163124-574,5,54,25.919203,14.254025,24.992303,13.609932,2.489070,6.371327,-0.000000,-0.059131
20260718-163124-574,5,55,26.176372,14.256368,25.232213,13.637851,2.489070,6.343989,0.000000,-0.059131
20260718-163124-574,5,56,26.433510,14.251679,25.472796,13.659203,2.489070,6.316651,0.000000,-0.059131
20260718-163124-574,5,57,26.690423,14.239964,25.713873,13.673969,2.489070,6.289313,-0.000000,-0.059131
20260718-163124-574,5,58,26.946920,14.221231,25.955264,13.682141,2.489070,6.261975,-0.000000,-0.059131
20260718-163124-574,5,59,27.202810,14.195493,26.196788,13.683711,2.489070,6.234637,0.000000,-0.059131
20260718-163124-574,5,60,27.457900,14.162770,26.438265,13.678679,2.489070,6.207299,-0.000000,-0.059131
20260718-163124-574,5,61,27.712000,14.123087,26.679514,13.667048,2.489070,6.179961,0.000000,-0.059131
20260718-163124-574,5,62,27.964921,14.076473,26.920355,13.648827,2.489070,6.152623,0.000000,-0.059131
20260718-163124-574,5,63,28.216473,14.022963,27.160607,13.624029,2.489070,6.125285,-0.004603,-0.059131
20260718-163124-574,5,64,28.466468,13.962596,27.400092,13.592674,2.488609,6.097947,0.000000,-0.072264
20260718-163124-574,5,65,28.715422,13.890662,27.637280,13.556581,2.488609,6.064524,-0.000000,-0.072264
20260718-163124-574,5,66,28.961833,13.810448,27.873130,13.512582,2.488609,6.031101,-0.000000,-0.072264
20260718-163124-574,5,67,29.205426,13.722045,28.107377,13.460726,2.488609,5.997678,-0.031477,-0.072264
20260718-163124-574,5,68,29.445929,13.625551,28.339761,13.401071,2.485462,5.964255,0.000000,-0.130211
20260718-163124-574,5,69,29.682995,13.499768,28.565296,13.342453,2.485462,5.903869,-0.000000,-0.130211
20260718-163124-574,5,70,29.912038,13.359907,28.786882,13.270330,2.485462,5.843484,0.000000,-0.130211
20260718-163124-574,5,71,30.132224,13.206479,29.003713,13.184967,2.485462,5.783099,0.018570,-0.130211
20260718-163124-574,5,72,30.342749,13.040043,29.214996,13.086674,2.487319,5.722714,-0.000000,-0.100238
20260718-163124-574,5,73,30.545596,12.871899,29.421221,12.970803,2.487319,5.676302,0.000000,-0.100238
20260718-163124-574,5,74,30.740423,12.694525,29.621848,12.845489,2.487319,5.629889,-0.000000,-0.100238
20260718-163124-574,5,75,30.926811,12.508303,29.816445,12.711001,2.487319,5.583477,0.000000,-0.100238
20260718-163124-574,5,76,31.104359,12.313634,30.004592,12.567630,2.487319,5.537065,-0.000000,-0.100238
20260718-163124-574,5,77,31.272683,12.110937,30.185885,12.415684,2.487319,5.490652,0.000000,-0.100238
20260718-163124-574,5,78,31.431422,11.900649,30.359934,12.255491,2.487319,5.444240,0.000000,-0.100238
20260718-163124-574,5,79,31.580234,11.683223,30.526362,12.087395,2.487319,5.397827,-0.000000,-0.100238
20260718-163124-574,5,80,31.718798,11.459126,30.684813,11.911758,2.487319,5.351415,-0.000000,-0.100238
20260718-163124-574,5,81,31.846815,11.228842,30.834944,11.728959,2.487319,5.305003,0.000000,-0.100238
20260718-163124-574,5,82,31.964010,10.992867,30.976432,11.539392,2.487319,5.258590,-0.000000,-0.100238
20260718-163124-574,5,83,32.070131,10.751708,31.108973,11.343464,2.487319,5.212178,0.026726,-0.100238
20260718-163124-574,5,84,32.164949,10.505886,31.232281,11.141598,2.489991,5.165765,0.000000,0.005755
20260718-163124-574,5,85,32.275450,10.283573,31.341095,10.916803,2.489991,5.168424,0.000000,0.005755
20260718-163124-574,5,86,32.386542,10.061555,31.450506,10.692299,2.489991,5.171083,-0.000000,0.005755
20260718-163124-574,5,87,32.498223,9.839833,31.560514,10.468086,2.489991,5.173741,-0.143992,0.005755
20260718-163124-574,5,88,32.610494,9.618409,31.671118,10.244166,2.475592,5.176400,0.000000,0.230181
20260718-163124-574,5,89,32.776097,9.461261,31.774938,9.982489,2.475592,5.284028,-0.000000,0.230181
20260718-163124-574,5,90,32.957624,9.322811,31.906266,9.733478,2.475592,5.391657,-0.000000,0.230181
20260718-163124-574,5,91,33.152972,9.204662,32.063584,9.500016,2.475592,5.499285,0.058296,0.230181
20260718-163124-574,5,92,33.359882,9.108181,32.245070,9.284803,2.481422,5.606913,0.000000,0.178438
20260718-163124-574,5,93,33.571740,9.015511,32.446121,9.099066,2.481422,5.689945,-0.000000,0.178438
20260718-163124-574,5,94,33.790554,8.940731,32.661883,8.930643,2.481422,5.772976,0.000000,0.178438
20260718-163124-574,5,95,34.014816,8.884355,32.890870,8.780695,2.481422,5.856008,-0.017276,0.178438
20260718-163124-574,5,96,34.242981,8.846774,33.131504,8.650255,2.479694,5.939039,0.000000,0.195312
20260718-163124-574,5,97,34.472815,8.834518,33.383800,8.537793,2.479694,6.030053,0.000000,0.195312
20260718-163124-574,5,98,34.702812,8.843203,33.645273,8.448726,2.479694,6.121068,-0.000000,0.195312
20260718-163124-574,5,99,34.931068,8.872756,33.913759,8.383794,2.479694,6.212082,0.032567,0.195312
20260718-163124-574,5,100,35.155692,8.922933,34.187036,8.343532,2.482951,6.303096,-0.000000,0.161953
20260718-163124-574,5,101,35.380411,8.982193,34.458064,8.331597,2.482951,6.378360,-0.000000,0.161953
20260718-163124-574,5,102,35.600037,9.058184,34.729222,8.340075,2.482951,6.453625,0.000000,0.161953
20260718-163124-574,5,103,35.813327,9.150474,34.998974,8.368918,2.482951,6.528889,-0.051954,0.161953
20260718-163124-574,5,104,36.019075,9.258540,35.265795,8.417964,2.477755,6.604153,0.000000,0.212563
20260718-163124-574,5,105,36.202934,9.395353,35.536617,8.484298,2.477755,6.703366,0.000000,0.212563
20260718-163124-574,5,106,36.372337,9.549704,35.799537,8.577130,2.477755,6.802579,-0.000000,0.212563
20260718-163124-574,5,107,36.525619,9.720076,36.051970,8.695549,2.477755,6.901791,-0.021633,0.212563
20260718-163124-574,5,108,36.661272,9.904793,36.291431,8.838389,2.475592,7.001004,-0.000000,0.230181
20260718-163124-574,5,109,36.771804,10.104550,36.518657,9.004588,2.475592,7.108632,-0.000000,0.230181
20260718-163124-574,5,110,36.860239,10.315024,36.726715,9.194234,2.475592,7.216261,0.000000,0.230181
20260718-163124-574,5,111,36.925552,10.533780,36.913197,9.405132,2.475592,7.323889,-0.000000,0.230181
20260718-163124-574,5,112,36.966989,10.758287,37.075945,9.634842,2.475592,7.431517,0.000000,0.230181
20260718-163124-574,5,113,36.984069,10.985945,37.213076,9.880705,2.475592,7.539145,0.000000,0.230181
20260718-163124-574,5,114,36.976595,11.214121,37.323002,10.139877,2.475592,7.646774,-0.000000,0.230181
20260718-163124-574,5,115,36.944654,11.440174,37.404453,10.409357,2.475592,7.754402,0.142548,0.230181
20260718-163124-574,5,116,36.888614,11.661488,37.456484,10.686027,2.489847,7.862030,-0.000000,0.024007
20260718-163124-574,5,117,36.878456,11.907263,37.457110,10.938161,2.489847,7.873122,0.000000,0.024007
20260718-163124-574,5,118,36.865573,12.152910,37.454940,11.190286,2.489847,7.884214,0.000000,0.024007
20260718-163124-574,5,119,36.849966,12.398400,37.449974,11.442371,2.489847,7.895306,0.001532,0.024007
20260718-163124-574,5,120,36.831637,12.643701,37.442212,11.694386,2.490000,7.906398,0.000000,0.000000
20260718-163124-574,5,121,36.818591,12.892359,37.429166,11.943044,2.490000,7.906398,0.000000,0.000000
20260718-163124-574,5,122,36.805545,13.141017,37.416121,12.191702,2.490000,7.906398,0.000000,0.000000
20260718-163124-574,5,123,36.792500,13.389675,37.403075,12.440360,2.490000,7.906398,0.000000,0.000000
20260718-163124-574,5,124,36.779454,13.638333,37.390029,12.689018,2.490000,7.906398,0.000000,0.000000
20260718-163124-574,5,125,36.766408,13.886991,37.376984,12.937676,2.490000,7.906398,0.000000,0.000000
20260718-163124-574,5,126,36.753363,14.135649,37.363938,13.186334,2.490000,7.906398,0.000000,0.000000
20260718-163124-574,5,127,36.740317,14.384307,37.350892,13.434992,2.490000,7.906398,0.000000,0.000000
20260718-163124-574,5,128,36.727271,14.632965,37.337847,13.683650,2.490000,7.906398,0.000000,0.000000
20260718-163124-574,5,129,36.714226,14.881623,37.324801,13.932308,2.490000,7.906398,0.000000,0.000000
20260718-163124-574,5,130,36.701180,15.130281,37.311755,14.180966,2.490000,7.906398,0.000000,0.000000
20260718-163124-574,5,131,36.688135,15.378939,37.298710,14.429624,2.490000,7.906398,0.000000,0.000000
20260718-163124-574,5,132,36.675089,15.627597,37.285664,14.678282,2.490000,7.906398,0.000000,0.000000
20260718-163124-574,5,133,36.662043,15.876255,37.272618,14.926940,2.490000,7.906398,0.000000,0.000000
20260718-163124-574,5,134,36.648998,16.124913,37.259573,15.175598,2.490000,7.906398,0.000000,0.000000
20260718-163124-574,5,135,36.635952,16.373571,37.246527,15.424256,2.490000,7.906398,-0.085784,0.000000
20260718-163124-574,5,136,36.622906,16.622229,37.233482,15.672914,2.481422,7.906398,-0.000000,0.178438
20260718-163124-574,5,137,36.550968,16.841994,37.238173,15.946589,2.481422,7.989429,0.000000,0.178438
20260718-163124-574,5,138,36.461052,17.055035,37.220150,16.219709,2.481422,8.072461,-0.000000,0.178438
20260718-163124-574,5,139,36.353776,17.259885,37.179538,16.490393,2.481422,8.155492,0.000000,0.178438
20260718-163124-574,5,140,36.229881,17.455133,37.116616,16.756777,2.481422,8.238524,0.000000,0.178438
20260718-163124-574,5,141,36.090219,17.639432,37.031819,17.017025,2.481422,8.321555,-0.000000,0.178438
20260718-163124-574,5,142,35.935754,17.811513,36.925729,17.269343,2.481422,8.404587,-0.000000,0.178438
20260718-163124-574,5,143,35.767549,17.970191,36.799079,17.511993,2.481422,8.487618,-0.036663,0.178438
20260718-163124-574,5,144,35.586763,18.114372,36.652740,17.743304,2.477755,8.570650,0.000000,0.212563
20260718-163124-574,5,145,35.389653,18.231289,36.487143,17.967630,2.477755,8.669862,-0.000000,0.212563
20260718-163124-574,5,146,35.181931,18.328107,36.300140,18.174451,2.477755,8.769075,-0.000000,0.212563
20260718-163124-574,5,147,34.965641,18.403874,36.093570,18.361732,2.477755,8.868288,-0.607037,0.212563
20260718-163124-574,5,148,34.742910,18.457845,35.869467,18.527632,2.417052,8.967500,-0.606760,0.217769
20260718-163124-574,5,149,34.521642,18.487339,35.635744,18.668386,2.356376,9.066728,-0.606505,0.222972
20260718-163124-574,5,150,34.304429,18.493286,35.395144,18.783699,2.295725,9.165854,-0.606271,0.228173
20260718-163124-574,5,151,34.093680,18.476902,35.150388,18.873600,2.235098,9.264761,-0.501055,0.233371
20260718-163124-574,5,152,33.891588,18.439663,34.904127,18.938425,2.184993,9.363330,-0.609997,-0.006460
20260718-163124-574,5,153,33.672885,18.454978,34.686727,18.951087,2.123993,9.360711,-0.609997,-0.006601
20260718-163124-574,5,154,33.460313,18.470448,34.475442,18.963917,2.062993,9.358110,-0.609997,-0.006742
20260718-163124-574,5,155,33.253872,18.486033,34.270272,18.976881,2.001993,9.355529,-0.609997,-0.006883
20260718-163124-574,5,156,33.053562,18.501696,34.071214,18.989944,1.940994,9.352973,-0.609997,-0.007024
20260718-163124-574,5,157,32.859383,18.517399,33.878265,19.003072,1.879994,9.350443,-0.609997,-0.007165
20260718-163124-574,5,158,32.671332,18.533103,33.691425,19.016228,1.818994,9.347944,-0.609997,-0.007306
20260718-163124-574,5,159,32.489410,18.548771,33.510691,19.029379,1.757995,9.345478,-0.609948,-0.007447
20260718-163124-574,5,160,32.313614,18.564364,33.336060,19.042490,1.697000,9.343049,-0.610000,0.000000
20260718-163124-574,5,161,32.144481,18.578218,33.166926,19.056344,1.636000,9.343049,-0.610000,0.000000
20260718-163124-574,5,162,31.981427,18.591574,33.003873,19.069700,1.575000,9.343049,-0.610000,0.000000
20260718-163124-574,5,163,31.824452,18.604432,32.846898,19.082558,1.514000,9.343049,-0.612310,0.000000
20260718-163124-574,5,164,31.673558,18.616792,32.696004,19.094918,1.452769,9.343049,-0.609792,-0.066068
20260718-163124-574,5,165,31.524796,18.640389,32.555605,19.100206,1.391790,9.325216,-0.609799,-0.067210
20260718-163124-574,5,166,31.382628,18.665622,32.421274,19.107455,1.330810,9.307835,-0.609806,-0.068352
20260718-163124-574,5,167,31.247059,18.692193,32.293024,19.116407,1.269829,9.290933,0.000000,-0.069494
20260718-163124-574,5,168,31.118082,18.719807,32.170862,19.126812,1.269829,9.274534,-0.000000,-0.069494
20260718-163124-574,5,169,30.989575,18.749531,32.048888,19.139219,1.269829,9.258136,0.000000,-0.069494
20260718-163124-574,5,170,30.861573,18.781359,31.927133,19.153624,1.269829,9.241737,-0.000000,-0.069494
20260718-163124-574,5,171,30.734110,18.815282,31.805631,19.170024,1.269829,9.225339,-0.006256,-0.069494
20260718-163124-574,5,172,30.607220,18.851290,31.684414,19.188414,1.269204,9.208940,0.000000,-0.149283
20260718-163124-574,5,173,30.478577,18.902041,31.567033,19.200812,1.269204,9.173524,0.000000,-0.149283
20260718-163124-574,5,174,30.351811,18.957315,31.450164,19.217359,1.269204,9.138109,0.000000,-0.149283
20260718-163124-574,5,175,30.227083,19.017044,31.333954,19.238033,1.269204,9.102693,-0.602036,-0.149283
20260718-163124-574,5,176,30.104547,19.081151,31.218549,19.262809,1.209000,9.067277,-0.610000,0.000000
20260718-163124-574,5,177,29.991291,19.123458,31.105293,19.305116,1.148000,9.067277,-0.610000,0.000000
20260718-163124-574,5,178,29.883749,19.163630,30.997751,19.345288,1.087000,9.067277,-0.610000,0.000000
20260718-163124-574,5,179,29.781922,19.201668,30.895924,19.383326,1.026000,9.067277,-0.610000,0.000000
20260718-163124-574,5,180,29.685809,19.237571,30.799811,19.419229,0.965000,9.067277,-0.610000,0.000000
20260718-163124-574,5,181,29.595410,19.271340,30.709412,19.452998,0.904000,9.067277,-0.610000,0.000000
20260718-163124-574,5,182,29.510726,19.302974,30.624728,19.484632,0.843000,9.067277,-0.610000,0.000000
20260718-163124-574,5,183,29.431756,19.332474,30.545758,19.514132,0.782000,9.067277,-0.610000,0.000000
20260718-163124-574,5,184,29.358500,19.359838,30.472502,19.541496,0.721000,9.067277,-0.610000,0.000000
20260718-163124-574,5,185,29.290958,19.385069,30.404960,19.566727,0.660000,9.067277,-0.610000,0.000000
20260718-163124-574,5,186,29.229131,19.408164,30.343133,19.589822,0.599000,9.067277,-0.610000,0.000000
20260718-163124-574,5,187,29.173019,19.429125,30.287020,19.610783,0.538000,9.067277,-0.610000,0.000000
20260718-163124-574,5,188,29.122620,19.447952,30.236622,19.629610,0.477000,9.067277,-0.610000,0.000000
20260718-163124-574,5,189,29.077936,19.464644,30.191938,19.646302,0.416000,9.067277,-0.610000,0.000000
20260718-163124-574,5,190,29.038966,19.479201,30.152968,19.660859,0.355000,9.067277,-0.610000,0.000000
20260718-163124-574,5,191,29.005711,19.491624,30.119713,19.673282,0.294000,9.067277,-0.610000,0.000000
20260718-163124-574,5,192,28.978169,19.501912,30.092171,19.683570,0.233000,9.067277,-0.610000,0.000000
20260718-163124-574,5,193,28.956343,19.510065,30.070345,19.691723,0.172000,9.067277,-0.610000,0.000000
20260718-163124-574,5,194,28.940230,19.516084,30.054232,19.697742,0.111000,9.067277,-0.610000,0.000000
20260718-163124-574,5,195,28.929832,19.519968,30.043834,19.701626,0.050000,9.067277,-0.500000,0.000000
20260718-163124-574,5,196,28.925148,19.521718,30.039150,19.703376,0.000000,9.067277,-0.609985,0.000000
20260718-163124-574,5,197,28.925148,19.521718,30.039150,19.703376,-0.060998,9.067277,-0.609897,2.583021
20260718-163124-574,5,198,28.931534,19.515687,30.044223,19.705219,-0.121988,9.074350,-0.609731,2.589916
20260718-163124-574,5,199,28.944423,19.503919,30.054365,19.708930,-0.182961,9.088278,-0.609498,2.596792
20260718-163124-574,5,200,28.964043,19.486840,30.069533,19.714637,-0.243911,9.108848,-0.609207,2.603652
20260718-163124-574,5,201,28.990708,19.465008,30.089646,19.722566,-0.304832,9.135847,-0.608866,2.610498
20260718-163124-574,5,202,29.024797,19.439114,30.114574,19.733030,-0.365718,9.169066,-0.608485,2.617332
20260718-163124-574,5,203,29.066726,19.409993,30.144136,19.746428,-0.426567,9.208300,-0.608072,2.624156
20260718-163124-574,5,204,29.116921,19.378623,30.178089,19.763230,-0.487374,9.253344,-0.607634,2.630972
20260718-163124-574,5,205,29.175783,19.346126,30.216117,19.783967,-0.548138,9.303996,-0.607178,2.637781
20260718-163124-574,5,206,29.243651,19.313773,30.257818,19.809218,-0.608855,9.360057,-0.606710,2.644586
20260718-163124-574,5,207,29.320771,19.282977,30.302697,19.839594,-0.669526,9.421329,-0.606237,2.651386
20260718-163124-574,5,208,29.407252,19.255281,30.350151,19.875718,-0.730150,9.487617,-0.605764,2.658185
20260718-163124-574,5,209,29.503030,19.232343,30.399462,19.918207,-0.790726,9.558729,0.605764,2.664983
20260718-163124-574,5,210,29.607828,19.215917,30.449790,19.967648,-0.730150,9.634473,0.606237,2.658185
20260718-163124-574,5,211,29.705931,19.207241,30.492353,20.016895,-0.669526,9.705585,0.606710,2.651386
20260718-163124-574,5,212,29.796709,19.204909,30.527772,20.064878,-0.608855,9.771873,0.607178,2.644586
20260718-163124-574,5,213,29.879708,19.207557,30.556741,20.110678,-0.548138,9.833145,0.607634,2.637781
20260718-163124-574,5,214,29.954626,19.213889,30.579992,20.153526,-0.487374,9.889206,0.608072,2.630972
20260718-163124-574,5,215,30.021283,19.222700,30.598272,20.192794,-0.426567,9.939858,0.608485,2.624156
20260718-163124-574,5,216,30.079591,19.232887,30.612314,20.227978,-0.365718,9.984902,0.608866,2.617332
20260718-163124-574,5,217,30.129532,19.243469,30.622814,20.258690,-0.304832,10.024135,0.609207,2.610498
20260718-163124-574,5,218,30.171127,19.253589,30.630417,20.284634,-0.243911,10.057355,0.609498,2.603652
20260718-163124-574,5,219,30.204409,19.262530,30.635698,20.305597,-0.182961,10.084354,0.609731,2.596792
20260718-163124-574,5,220,30.229410,19.269714,30.639153,20.321431,-0.121988,10.104924,0.609897,2.589916
20260718-163124-574,5,221,30.246131,19.274715,30.641187,20.332038,-0.060998,10.118852,0.609985,2.583021
20260718-163124-574,5,222,30.254536,19.277267,30.642104,20.337357,-0.000000,10.125925,0.609985,0.000000
20260718-163124-574,5,223,30.254536,19.277267,30.642104,20.337357,0.060998,10.125925,0.609897,0.558571
20260718-163124-574,5,224,30.253657,19.271941,30.633717,20.334746,0.121988,10.132998,0.609731,0.551677
20260718-163124-574,5,225,30.251922,19.261282,30.617143,20.329277,0.182961,10.146926,0.609498,0.544801
20260718-163124-574,5,226,30.249463,19.245263,30.592641,20.320544,0.243911,10.167495,0.609207,0.537940
20260718-163124-574,5,227,30.246518,19.223846,30.560542,20.307999,0.304832,10.194495,0.608866,0.531094
20260718-163124-574,5,228,30.243424,19.196988,30.521266,20.290974,0.365718,10.227714,0.608485,0.524260
20260718-163124-574,5,229,30.240616,19.164653,30.475334,20.268695,0.426567,10.266948,0.516045,0.517436
20260718-163124-574,5,230,30.238623,19.126823,30.423390,20.240313,0.478171,10.311992,-0.608137,0.511652
20260718-163124-574,5,231,30.238110,19.084334,30.367200,20.205644,0.417358,10.361808,-0.608545,0.518469
20260718-163124-574,5,232,30.239704,19.047307,30.319149,20.173224,0.356503,10.405985,-3.565032,0.525294
20260718-163124-574,5,233,30.242624,19.015807,30.278857,20.143941,0.000000,10.444321,0.000000,0.000000
20260718-163124-574,6,0,28.225159,18.380082,27.374841,19.119918,0.086000,5.087635,0.860000,0.000000
20260718-163124-574,6,1,28.228311,18.372080,27.377993,19.111917,0.172000,5.087635,0.860000,0.000000
20260718-163124-574,6,2,28.234615,18.356077,27.384297,19.095914,0.258000,5.087635,0.860000,0.000000
20260718-163124-574,6,3,28.244071,18.332072,27.393752,19.071909,0.344000,5.087635,0.855812,0.000000
20260718-163124-574,6,4,28.256678,18.300066,27.406360,19.039903,0.429581,5.087635,0.857269,-0.514351
20260718-163124-574,6,5,28.253922,18.241003,27.437074,19.017637,0.515308,5.043498,0.856421,-0.504955
20260718-163124-574,6,6,28.247499,18.170781,27.471950,18.988658,0.600950,4.991710,0.855533,-0.495571
20260718-163124-574,6,7,28.235836,18.089858,27.509918,18.952090,0.686504,4.932645,0.854629,-0.486194
20260718-163124-574,6,8,28.217200,17.998887,27.549700,18.907096,0.771966,4.866677,0.853729,-0.476821
20260718-163124-574,6,9,28.189750,17.898761,27.589796,18.852939,0.857339,4.794172,0.852852,-0.467449
20260718-163124-574,6,10,28.151589,17.790659,27.628490,18.789042,0.942624,4.715490,0.852014,-0.458073
20260718-163124-574,6,11,28.100831,17.676078,27.663864,18.715049,1.027826,4.630988,0.851231,-0.448693
20260718-163124-574,6,12,28.035672,17.556860,27.693824,18.630890,1.112949,4.541017,0.850514,-0.439306
20260718-163124-574,6,13,27.954471,17.435203,27.716146,18.536839,1.198000,4.445924,0.849877,-0.429908
20260718-163124-574,6,14,27.855830,17.313656,27.728533,18.433564,1.282988,4.346052,0.849328,-0.420500
20260718-163124-574,6,15,27.738683,17.195098,27.728686,18.322174,1.367921,4.241740,0.848876,-0.411080
20260718-163124-574,6,16,27.602375,17.082698,27.714393,18.204238,1.452808,4.133322,0.848528,-0.401645
20260718-163124-574,6,17,27.446742,16.979855,27.683619,18.081803,1.537661,4.021130,0.848290,-0.392196
20260718-163124-574,6,18,27.272173,16.890119,27.634612,17.957376,1.622490,3.905491,0.848167,-0.382731
20260718-163124-574,6,19,27.079664,16.817096,27.566001,17.833892,1.707307,3.786729,0.938017,-0.373251
20260718-163124-574,6,20,26.870850,16.764338,27.476899,17.714657,1.801109,3.665167,0.855701,-0.221121
20260718-163124-574,6,21,26.674099,16.709364,27.348401,17.612535,1.886679,3.591552,0.855763,-0.215300
20260718-163124-574,6,22,26.465146,16.666614,27.205242,17.516708,1.972255,3.516534,0.855869,-0.209475
20260718-163124-574,6,23,26.244808,16.637822,27.047498,17.429081,2.057842,3.440300,0.868596,-0.203646
20260718-163124-574,6,24,26.014107,16.624649,26.875479,17.351588,2.144702,3.363034,0.856925,-0.178166
20260718-163124-574,6,25,25.777121,16.623374,26.687373,17.288086,2.230394,3.292814,0.857117,-0.172908
20260718-163124-574,6,26,25.531864,16.638458,26.486874,17.237087,2.316106,3.221988,0.857342,-0.167648
20260718-163124-574,6,27,25.279573,16.671100,26.274784,17.200206,2.401840,3.150721,0.921600,-0.162386
20260718-163124-574,6,28,25.021604,16.722367,26.052091,17.178979,2.494000,3.079177,0.360000,0.000000
20260718-163124-574,6,29,24.772689,16.737923,25.803177,17.194536,2.530000,3.079177,0.000000,0.000000
20260718-163124-574,6,30,24.520182,16.753704,25.550670,17.210316,2.530000,3.079177,0.000000,0.000000
20260718-163124-574,6,31,24.267675,16.769484,25.298162,17.226097,2.530000,3.079177,0.000000,0.000000
20260718-163124-574,6,32,24.015167,16.785265,25.045655,17.241878,2.530000,3.079177,0.000000,0.000000
20260718-163124-574,6,33,23.762660,16.801046,24.793148,17.257659,2.530000,3.079177,0.000000,0.000000
20260718-163124-574,6,34,23.510153,16.816827,24.540640,17.273440,2.530000,3.079177,0.000000,0.000000
20260718-163124-574,6,35,23.257645,16.832608,24.288133,17.289220,2.530000,3.079177,0.000000,0.000000
20260718-163124-574,6,36,23.005138,16.848388,24.035625,17.305001,2.530000,3.079177,0.000000,0.000000
20260718-163124-574,6,37,22.752630,16.864169,23.783118,17.320782,2.530000,3.079177,0.000000,0.000000
20260718-163124-574,6,38,22.500123,16.879950,23.530611,17.336563,2.530000,3.079177,0.000000,0.000000
20260718-163124-574,6,39,22.247616,16.895731,23.278103,17.352344,2.530000,3.079177,0.000000,0.000000
20260718-163124-574,6,40,21.995108,16.911512,23.025596,17.368124,2.530000,3.079177,0.000000,0.000000
20260718-163124-574,6,41,21.742601,16.927292,22.773089,17.383905,2.530000,3.079177,0.000000,0.000000
20260718-163124-574,6,42,21.490094,16.943073,22.520581,17.399686,2.530000,3.079177,0.000000,0.000000
20260718-163124-574,6,43,21.237586,16.958854,22.268074,17.415467,2.530000,3.079177,0.000000,0.000000
20260718-163124-574,6,44,20.985079,16.974635,22.015567,17.431248,2.530000,3.079177,0.000000,0.000000
20260718-163124-574,6,45,20.732572,16.990416,21.763059,17.447028,2.530000,3.079177,0.000000,0.000000
20260718-163124-574,6,46,20.480064,17.006196,21.510552,17.462809,2.530000,3.079177,0.000000,0.000000
20260718-163124-574,6,47,20.227557,17.021977,21.258045,17.478590,2.530000,3.079177,0.000000,0.000000
20260718-163124-574,6,48,19.975050,17.037758,21.005537,17.494371,2.530000,3.079177,0.000000,0.000000
20260718-163124-574,6,49,19.722542,17.053539,20.753030,17.510152,2.530000,3.079177,0.000000,0.000000
20260718-163124-574,6,50,19.470035,17.069320,20.500522,17.525932,2.530000,3.079177,0.000000,0.000000
20260718-163124-574,6,51,19.217527,17.085100,20.248015,17.541713,2.530000,3.079177,-0.015800,0.000000
20260718-163124-574,6,52,18.965020,17.100881,19.995508,17.557494,2.528420,3.079177,-0.000000,0.076730
20260718-163124-574,6,53,18.720502,17.089666,19.734211,17.582406,2.528420,3.114521,0.000000,0.076730
20260718-163124-574,6,54,18.476533,17.069817,19.472198,17.598070,2.528420,3.149864,0.000000,0.076730
20260718-163124-574,6,55,18.233417,17.041360,19.209794,17.604465,2.528420,3.185207,-0.240258,0.076730
20260718-163124-574,6,56,17.991459,17.004330,18.947329,17.601585,2.504394,3.220550,0.000000,0.303082
20260718-163124-574,6,57,17.791848,16.883981,18.653285,17.610842,2.504394,3.362944,0.000000,0.303082
20260718-163124-574,6,58,17.611337,16.736523,18.360904,17.578277,2.504394,3.505337,-0.000000,0.303082
20260718-163124-574,6,59,17.453578,16.564941,18.076103,17.504549,2.504394,3.647731,0.033663,0.303082
20260718-163124-574,6,60,17.321766,16.372707,17.804648,17.391150,2.507760,3.790125,-0.000000,0.283192
20260718-163124-574,6,61,17.211615,16.167092,17.555512,17.240467,2.507760,3.922814,0.000000,0.283192
20260718-163124-574,6,62,17.129635,15.948710,17.328501,17.058148,2.507760,4.055504,-0.000000,0.283192
20260718-163124-574,6,63,17.077268,15.721402,17.127607,16.847398,2.507760,4.188193,-0.852755,0.283192
20260718-163124-574,6,64,17.055434,15.489164,16.956361,16.611922,2.422485,4.320883,-0.851801,0.292813
20260718-163124-574,6,65,17.066795,15.264399,16.819944,16.364156,2.337305,4.453669,-0.850947,0.302421
20260718-163124-574,6,66,17.108740,15.051615,16.718671,16.109086,2.252210,4.586255,-0.850200,0.312017
20260718-163124-574,6,67,17.178027,14.854710,16.652087,15.851599,2.167190,4.718338,-0.824774,0.321599
20260718-163124-574,6,68,17.270915,14.676877,16.619007,15.596342,2.084713,4.849616,-0.850483,0.308368
20260718-163124-574,6,69,17.377486,14.516431,16.619582,15.350685,1.999665,4.970351,-0.850145,0.317271
20260718-163124-574,6,70,17.498676,14.377303,16.646806,15.115352,1.914650,5.089736,-0.849912,0.326161
20260718-163124-574,6,71,17.630681,14.260246,16.698006,14.893110,1.829659,5.207483,-0.818170,0.335038
20260718-163124-574,6,72,17.769785,14.165375,16.770223,14.686216,1.747842,5.323305,-0.852528,-0.294612
20260718-163124-574,6,73,17.828800,13.965598,16.884029,14.580258,1.662589,5.226875,-0.852598,-0.302217
20260718-163124-574,6,74,17.865915,13.770039,16.983179,14.470879,1.577329,5.132631,-0.852741,-0.309813
20260718-163124-574,6,75,17.883025,13.581117,17.068257,14.359933,1.492055,5.040824,-0.885951,-0.317402
20260718-163124-574,6,76,17.882259,13.400874,17.140040,14.249115,1.403460,4.951705,-0.849127,-0.407132
20260718-163124-574,6,77,17.851642,13.222664,17.207063,14.147282,1.318547,4.841668,-0.849636,-0.416558
20260718-163124-574,6,78,17.803962,13.058577,17.260897,14.046241,1.233584,4.735596,-0.850237,-0.425972
20260718-163124-574,6,79,17.742654,12.909928,17.302741,13.947655,1.148560,4.633825,-0.858464,-0.435373
20260718-163124-574,6,80,17.671125,12.777418,17.333927,13.852917,1.062714,4.536690,-0.850338,-0.475687
20260718-163124-574,6,81,17.587828,12.660546,17.359173,13.764229,0.977680,4.437154,-0.851274,-0.485692
20260718-163124-574,6,82,17.500194,12.560674,17.375956,13.680926,0.892553,4.343320,-0.852266,-0.495690
20260718-163124-574,6,83,17.411346,12.476973,17.385761,13.603802,0.807326,4.255571,-0.833261,-0.505683
20260718-163124-574,6,84,17.324049,12.408240,17.390032,13.533427,0.724000,4.174295,-0.860000,0.000000
20260718-163124-574,6,85,17.286944,12.346071,17.352927,13.471259,0.638000,4.174295,-0.860000,0.000000
20260718-163124-574,6,86,17.254246,12.291287,17.320230,13.416474,0.552000,4.174295,-0.860000,0.000000
20260718-163124-574,6,87,17.225956,12.243888,17.291940,13.369075,0.466000,4.174295,-0.860000,0.000000
20260718-163124-574,6,88,17.202074,12.203873,17.268057,13.329060,0.380000,4.174295,-0.860000,0.000000
20260718-163124-574,6,89,17.182599,12.171243,17.248582,13.296430,0.294000,4.174295,-0.860000,0.000000
20260718-163124-574,6,90,17.167531,12.145997,17.233515,13.271184,0.208000,4.174295,-0.860000,0.000000
20260718-163124-574,6,91,17.156871,12.128137,17.222855,13.253324,0.122000,4.174295,-0.860000,0.000000
20260718-163124-574,6,92,17.150619,12.117661,17.216602,13.242848,0.036000,4.174295,-0.360000,0.000000
20260718-163124-574,6,93,17.148774,12.114569,17.214757,13.239757,-0.000000,4.174295,-0.859990,0.000000
20260718-163124-574,6,94,17.148774,12.114569,17.214757,13.239757,-0.085999,4.174295,-0.859935,-2.846495
20260718-163124-574,6,95,17.150543,12.122096,17.221873,13.246957,-0.171993,4.169542,-0.859831,-2.851588
20260718-163124-574,6,96,17.154318,12.137097,17.236142,13.261244,-0.257976,4.160210,-0.859688,-2.856677
20260718-163124-574,6,97,17.160434,12.159490,17.257694,13.282406,-0.343944,4.146472,-0.859512,-2.861762
20260718-163124-574,6,98,17.169316,12.189155,17.286739,13.310142,-0.429896,4.128501,-0.859310,-2.866843
20260718-163124-574,6,99,17.181472,12.225930,17.323562,13.344058,-0.515827,4.106469,-0.859089,-2.871923
20260718-163124-574,6,100,17.197482,12.269597,17.368506,13.383667,-0.601736,4.080546,-0.858855,-2.877000
20260718-163124-574,6,101,17.217990,12.319879,17.421958,13.428390,-0.687621,4.050903,-0.858613,-2.882077
20260718-163124-574,6,102,17.243693,12.376425,17.484338,13.477557,-0.773482,4.017709,-0.858370,-2.887152
20260718-163124-574,6,103,17.275329,12.438805,17.556078,13.530400,-0.859319,3.981134,-0.858129,-2.892228
20260718-163124-574,6,104,17.313661,12.506499,17.637610,13.586062,-0.945132,3.941345,-0.857896,-2.897304
20260718-163124-574,6,105,17.359465,12.578890,17.729346,13.643591,-1.030922,3.898510,-0.857675,-2.902381
20260718-163124-574,6,106,17.413514,12.655261,17.831661,13.701947,-1.116689,3.852797,-0.204415,-2.907459
20260718-163124-574,6,107,17.476556,12.734787,17.944880,13.760005,-1.137131,3.804372,0.000000,-2.908670
20260718-163124-574,6,108,17.544778,12.812452,18.062803,13.813477,-1.137131,3.755325,0.857624,-2.908670
20260718-163124-574,6,109,17.616727,12.886680,18.183206,13.861103,-1.051368,3.706278,0.857842,-2.903592
20260718-163124-574,6,110,17.685871,12.952476,18.296914,13.899591,-0.965584,3.659903,0.858073,-2.898515
20260718-163124-574,6,111,17.751510,13.010404,18.403195,13.930028,-0.879777,3.616367,0.858312,-2.893438
20260718-163124-574,6,112,17.813025,13.061029,18.501436,13.953492,-0.793946,3.575837,0.858555,-2.888362
20260718-163124-574,6,113,17.869873,13.104907,18.591136,13.971037,-0.708090,3.538480,0.858798,-2.883287
20260718-163124-574,6,114,17.921590,13.142572,18.671892,13.983671,-0.622210,3.504465,0.859034,-2.878210
20260718-163124-574,6,115,17.967781,13.174520,18.743387,13.992344,-0.536307,3.473960,0.859259,-2.873133
20260718-163124-574,6,116,18.008118,13.201208,18.805381,13.997934,-0.450381,3.447135,0.859466,-2.868054
20260718-163124-574,6,117,18.042335,13.223031,18.857691,14.001232,-0.364435,3.424160,0.859649,-2.862973
20260718-163124-574,6,118,18.070224,13.240326,18.900183,14.002933,-0.278470,3.405205,0.859801,-2.857889
20260718-163124-574,6,119,18.091633,13.253353,18.932759,14.003624,-0.192490,3.390443,0.859914,-2.852802
20260718-163124-574,6,120,18.106461,13.262293,18.955342,14.003778,-0.106498,3.380045,0.859982,-2.847710
20260718-163124-574,6,121,18.114658,13.267241,18.967870,14.003739,-0.020500,3.374185,0.205000,-2.842612
20260718-163124-574,6,122,18.116231,13.268202,18.970288,14.003719,-0.000000,3.373036,0.859953,0.000000
20260718-163124-574,6,123,18.116231,13.268202,18.970288,14.003719,0.085995,3.373036,0.859686,0.590214
20260718-163124-574,6,124,18.111757,13.261689,18.958064,14.006111,0.171964,3.383510,0.859196,0.580081
20260718-163124-574,6,125,18.102860,13.248636,18.933738,14.010240,0.257884,3.403998,0.858526,0.569985
20260718-163124-574,6,126,18.089785,13.228887,18.897404,14.015113,0.343736,3.434051,0.857714,0.559921
20260718-163124-574,6,127,18.072966,13.202173,18.849172,14.019427,0.429507,3.473227,0.856798,0.549882
20260718-163124-574,6,128,18.053022,13.168141,18.789235,14.021599,0.515187,3.521093,0.855810,0.539862
20260718-163124-574,6,129,18.030761,13.126388,18.717934,14.019804,0.600768,3.577224,0.854779,0.529856
20260718-163124-574,6,130,18.007183,13.076493,18.635829,14.012017,0.686246,3.641203,0.853732,0.519858
20260718-163124-574,6,131,17.983477,13.018071,18.543765,13.996067,0.771619,3.712619,0.852693,0.509866
20260718-163124-574,6,132,17.961020,12.950811,18.442940,13.969709,0.856889,3.791069,0.851683,0.499873
20260718-163124-574,6,133,17.941364,12.874533,18.334950,13.930701,0.942057,3.876157,0.850722,0.489878
20260718-163124-574,6,134,17.926220,12.789240,18.221836,13.876903,1.027129,3.967490,0.849826,0.479876
20260718-163124-574,6,135,17.917426,12.695164,18.106098,13.806381,1.112112,4.064685,0.202451,0.469866
20260718-163124-574,6,136,17.916909,12.592819,17.990691,13.717522,1.132357,4.167363,0.000000,0.467478
20260718-163124-574,6,137,17.926842,12.489074,17.883546,13.615362,1.132357,4.271292,-0.000000,0.467478
20260718-163124-574,6,138,17.947483,12.386918,17.787578,13.502638,1.132357,4.375221,-0.000000,-0.467478
20260718-163124-574,6,139,17.840572,12.278681,17.797276,13.404970,1.132357,4.271292,-0.849623,-0.467478
20260718-163124-574,6,140,17.723009,12.182119,17.796790,13.306822,1.047395,4.167363,-0.850502,-0.477491
20260718-163124-574,6,141,17.604711,12.104280,17.788779,13.216269,0.962344,4.068827,-0.851449,-0.487494
20260718-163124-574,6,142,17.488696,12.043584,17.774979,13.133741,0.877200,3.976061,-0.852449,-0.497491
20260718-163124-574,6,143,17.377528,11.998130,17.757039,13.059436,0.791955,3.889450,-0.820351,-0.507484
20260718-163124-574,6,144,17.273309,11.965807,17.736491,12.993359,0.709920,3.809382,-0.528148,-0.204428
20260718-163124-574,6,145,17.202726,11.929718,17.693236,12.944509,0.657105,3.782621,-0.855134,0.523267
20260718-163124-574,6,146,17.188300,11.871100,17.607756,12.917263,0.571591,3.851546,-0.856153,0.533267
20260718-163124-574,6,147,17.179704,11.819307,17.534231,12.889218,0.485976,3.912895,-0.857120,0.543278
20260718-163124-574,6,148,17.175452,11.774877,17.472412,12.862174,0.400264,3.966255,-4.002640,0.553304
20260718-163124-574,6,149,17.174183,11.738140,17.421985,12.837683,0.000000,4.011205,0.000000,0.000000
