n_capas,oculto,dropout,activacion,lr,lote,n_vecinos,h_pasado,horizonte,epocas,weight_decay,normalizacion,optimizador,dim_entrada,n_muestras,val_mse,nota_rollout,segundos
3,1024,0.0,gelu,0.008,256,1,2,15,80,0.01,no,adamw,34,7671,0.97305,0.4205,20.4
3,512,0.1,gelu,0.008,256,1,2,15,80,0.01,no,adamw,34,7671,0.91239,0.216,14.5
3,512,0.0,gelu,0.003,256,1,2,15,80,0.01,layernorm,adamw,34,7671,0.92896,0.4754,13.9
4,1024,0.0,gelu,0.008,256,1,2,15,120,0.01,layernorm,adamw,34,7671,0.69225,0.456,22.9
3,1024,0.1,gelu,0.005,512,1,2,15,80,0.01,no,adamw,34,7671,0.98495,0.194,8.4
3,512,0.1,silu,0.003,256,1,2,15,80,0.01,layernorm,adamw,34,7671,0.9265,0.5394,22.6
4,1024,0.0,gelu,0.003,512,1,2,15,80,0.01,no,adamw,34,7671,0.96791,0.4765,8.0
4,1024,0.0,gelu,0.003,512,1,2,15,120,0.01,no,adamw,34,7671,0.8482,0.2792,12.7
4,512,0.0,gelu,0.002,512,1,2,15,120,0.01,no,adamw,34,7671,1.14478,0.561,13.8
3,512,0.0,silu,0.003,256,1,2,15,80,0.01,no,adamw,34,7671,0.98506,0.5763,18.8
3,512,0.0,gelu,0.003,256,1,2,15,120,0.01,layernorm,adamw,34,7671,0.84658,0.429,19.9
4,512,0.1,silu,0.002,256,1,2,15,120,0.01,layernorm,adamw,34,7671,0.74006,0.5515,31.2
4,1024,0.1,silu,0.003,512,1,2,15,120,0.01,layernorm,adamw,34,7671,0.7291,0.4616,13.4
3,512,0.1,gelu,0.005,512,1,2,15,80,0.01,no,adamw,34,7671,0.9488,0.3289,8.4
4,512,0.1,silu,0.003,512,1,2,15,120,0.01,layernorm,adamw,34,7671,0.80864,0.5846,12.6
3,512,0.1,silu,0.005,256,1,2,15,120,0.01,layernorm,adamw,34,7671,0.74189,0.5938,40.1
3,1024,0.0,gelu,0.002,256,1,2,15,80,0.01,no,adamw,34,7671,0.92344,0.527,12.5
4,512,0.1,silu,0.003,256,1,2,15,120,0.01,no,adamw,34,7671,0.77319,0.5453,19.4
3,512,0.1,silu,0.002,256,1,2,15,120,0.01,layernorm,adamw,34,7671,0.84932,0.4539,35.7
3,512,0.0,silu,0.005,512,1,2,15,120,0.01,layernorm,adamw,34,7671,0.78604,0.5252,12.6
4,1024,0.1,gelu,0.005,512,1,2,15,80,0.01,layernorm,adamw,34,7671,0.83439,0.6236,10.5
3,512,0.0,silu,0.003,256,1,2,15,120,0.01,layernorm,adamw,34,7671,0.83268,0.3831,18.3
4,1024,0.0,silu,0.005,256,1,2,15,80,0.01,no,adamw,34,7671,0.82773,0.4998,15.5
3,1024,0.0,gelu,0.003,256,1,2,15,120,0.01,layernorm,adamw,34,7671,0.77979,0.5287,21.2
3,512,0.0,gelu,0.005,256,1,2,15,80,0.01,no,adamw,34,7671,0.8542,0.5703,16.6
3,1024,0.0,silu,0.002,256,1,2,15,80,0.01,no,adamw,34,7671,0.93138,0.639,14.0
4,512,0.0,gelu,0.003,256,1,2,15,80,0.01,no,adamw,34,7671,0.88741,0.6807,15.6
4,512,0.1,gelu,0.005,256,1,2,15,80,0.01,no,adamw,34,7671,1.00021,0.2971,16.8
4,1024,0.0,silu,0.002,256,1,2,15,120,0.01,layernorm,adamw,34,7671,0.74417,0.5579,21.7
4,1024,0.0,gelu,0.005,256,1,2,15,80,0.01,no,adamw,34,7671,1.00032,0.5177,14.4
3,1024,0.0,gelu,0.005,256,1,2,15,120,0.01,no,adamw,34,7671,0.93222,0.5229,20.1
4,512,0.0,silu,0.002,256,1,2,15,120,0.01,no,adamw,34,7671,1.05293,0.4544,29.2
4,1024,0.0,silu,0.002,256,1,2,15,80,0.01,no,adamw,34,7671,0.92674,0.4389,18.0
4,1024,0.1,gelu,0.005,256,1,2,15,120,0.01,no,adamw,34,7671,0.99009,0.4506,20.0
3,1024,0.1,silu,0.005,512,1,2,15,120,0.01,layernorm,adamw,34,7671,0.9112,0.4993,10.8
4,512,0.1,gelu,0.008,512,1,2,15,80,0.01,no,adamw,34,7671,0.8125,0.6104,8.2
3,1024,0.0,silu,0.008,256,1,2,15,120,0.01,no,adamw,34,7671,1.04061,0.5729,18.8
4,512,0.1,gelu,0.008,256,1,2,15,120,0.01,no,adamw,34,7671,0.89971,0.3873,20.6
4,1024,0.1,gelu,0.003,256,1,2,15,120,0.01,no,adamw,34,7671,0.80965,0.4693,17.9
4,512,0.0,silu,0.008,512,1,2,15,120,0.01,no,adamw,34,7671,1.24796,0.545,11.1
3,512,0.1,silu,0.005,512,1,2,15,120,0.01,layernorm,adamw,34,7671,0.86879,0.4457,14.9
4,512,0.1,silu,0.002,256,1,2,15,80,0.01,layernorm,adamw,34,7671,0.76525,0.4232,28.7
3,1024,0.1,silu,0.002,256,1,2,15,80,0.01,layernorm,adamw,34,7671,0.79967,0.459,21.1
4,512,0.1,silu,0.005,256,1,2,15,120,0.01,layernorm,adamw,34,7671,0.74101,0.2433,39.4
4,1024,0.0,gelu,0.005,256,1,2,15,80,0.01,layernorm,adamw,34,7671,0.81099,0.372,15.8
3,1024,0.1,silu,0.002,256,1,2,15,80,0.01,no,adamw,34,7671,0.9288,0.2768,12.7
3,512,0.1,gelu,0.005,256,1,2,15,120,0.01,no,adamw,34,7671,0.99481,0.2279,22.4
4,1024,0.0,silu,0.002,512,1,2,15,120,0.01,no,adamw,34,7671,0.87819,0.5183,12.2
4,1024,0.0,gelu,0.005,512,1,2,15,80,0.01,no,adamw,34,7671,0.86644,0.6,8.8
4,512,0.0,silu,0.003,512,1,2,15,80,0.01,layernorm,adamw,34,7671,0.93242,0.3848,9.3
4,1024,0.0,silu,0.002,256,1,2,15,80,0.01,layernorm,adamw,34,7671,0.78731,0.4393,15.9
3,512,0.0,gelu,0.005,512,1,2,15,120,0.01,no,adamw,34,7671,1.01846,0.214,12.6
4,1024,0.1,silu,0.002,512,1,2,15,120,0.01,layernorm,adamw,34,7671,0.76751,0.4604,17.1
3,1024,0.1,silu,0.002,512,1,2,15,120,0.01,no,adamw,34,7671,0.9662,0.4843,11.9
3,512,0.0,silu,0.005,512,1,2,15,80,0.01,no,adamw,34,7671,0.90786,0.5349,7.9
3,512,0.0,silu,0.008,512,1,2,15,80,0.01,no,adamw,34,7671,0.98396,0.6241,8.9
4,1024,0.1,gelu,0.002,512,1,2,15,80,0.01,no,adamw,34,7671,0.8176,0.51,9.6
4,512,0.1,silu,0.008,512,1,2,15,120,0.01,layernorm,adamw,34,7671,0.69849,0.0274,16.4
3,512,0.0,silu,0.002,256,1,2,15,120,0.01,no,adamw,34,7671,1.02697,0.6557,21.8
4,1024,0.0,gelu,0.008,256,1,2,15,120,0.01,no,adamw,34,7671,1.16102,0.0108,21.5
3,1024,0.0,gelu,0.003,256,1,2,15,80,0.01,no,adamw,34,7671,0.99033,0.405,11.3
3,512,0.0,gelu,0.002,256,1,2,15,80,0.01,no,adamw,34,7671,0.96251,0.3986,18.6
3,1024,0.0,silu,0.002,512,1,2,15,80,0.01,layernorm,adamw,34,7671,0.96556,0.4192,10.2
4,1024,0.1,silu,0.003,512,1,2,15,80,0.01,no,adamw,34,7671,0.87327,0.5267,8.4
3,1024,0.0,silu,0.003,256,1,3,15,120,0.01,layernorm,adamw,36,7671,0.78256,0.5555,24.2
4,512,0.1,silu,0.008,512,1,3,15,80,0.01,no,adamw,36,7671,0.86744,0.5725,10.6
4,512,0.1,silu,0.005,256,1,3,15,120,0.01,layernorm,adamw,36,7671,0.75591,0.5612,42.2
4,1024,0.0,silu,0.002,512,1,3,15,80,0.01,no,adamw,36,7671,0.86446,0.4091,9.0
3,512,0.0,gelu,0.005,512,1,3,15,80,0.01,layernorm,adamw,36,7671,0.88314,0.5248,8.4
4,1024,0.1,silu,0.008,512,1,3,15,120,0.01,no,adamw,36,7671,0.90161,0.4205,12.2
3,512,0.1,silu,0.008,512,1,3,15,80,0.01,layernorm,adamw,36,7671,0.95244,0.1144,12.5
3,1024,0.0,gelu,0.005,512,1,3,15,80,0.01,layernorm,adamw,36,7671,0.90886,0.4098,10.5
3,1024,0.1,silu,0.005,256,1,3,15,80,0.01,layernorm,adamw,36,7671,0.94608,0.5738,15.5
4,1024,0.1,silu,0.005,512,1,3,15,80,0.01,no,adamw,36,7671,1.25567,0.0275,7.6
3,512,0.1,gelu,0.002,512,1,3,15,120,0.01,no,adamw,36,7671,0.86282,0.5918,11.3
3,512,0.1,silu,0.005,256,1,3,15,80,0.01,layernorm,adamw,36,7671,1.00999,0.1729,22.1
3,512,0.0,silu,0.005,512,1,3,15,120,0.01,no,adamw,36,7671,0.9595,0.5652,11.7
4,1024,0.1,silu,0.003,256,1,3,15,80,0.01,layernorm,adamw,36,7671,0.7229,0.5073,18.9
4,1024,0.1,gelu,0.002,256,1,3,15,80,0.01,no,adamw,36,7671,0.85768,0.3556,13.4
3,1024,0.0,silu,0.005,512,1,3,15,120,0.01,layernorm,adamw,36,7671,0.83398,0.348,17.7
3,1024,0.0,silu,0.002,512,1,3,15,80,0.01,layernorm,adamw,36,7671,0.94592,0.1112,10.1
3,512,0.1,gelu,0.008,512,1,3,15,80,0.01,layernorm,adamw,36,7671,0.82416,0.7892,10.7
3,512,0.0,silu,0.008,512,1,3,15,80,0.01,layernorm,adamw,36,7671,0.95874,0.5444,8.5
4,1024,0.0,silu,0.003,512,1,3,15,120,0.01,layernorm,adamw,36,7671,0.92756,0.5566,18.3
3,512,0.0,silu,0.008,256,1,3,15,120,0.01,layernorm,adamw,36,7671,0.86393,0.3677,23.5
3,512,0.0,gelu,0.005,256,1,3,15,120,0.01,layernorm,adamw,36,7671,0.77193,0.5543,21.1
3,1024,0.1,silu,0.002,512,1,3,15,120,0.01,no,adamw,36,7671,0.86222,0.5715,13.1
4,512,0.1,silu,0.002,512,1,3,15,80,0.01,no,adamw,36,7671,0.74912,0.2427,13.2
3,1024,0.1,silu,0.008,512,1,3,15,80,0.01,no,adamw,36,7671,0.91824,0.3624,10.1
3,1024,0.1,silu,0.005,256,1,3,15,120,0.01,no,adamw,36,7671,0.75548,0.4898,18.0
3,1024,0.1,gelu,0.005,512,1,3,15,120,0.01,layernorm,adamw,36,7671,0.87129,0.5778,17.1
3,1024,0.1,silu,0.002,256,1,3,15,80,0.01,no,adamw,36,7671,0.90918,0.4104,12.6
4,512,0.1,silu,0.003,256,1,3,15,120,0.01,no,adamw,36,7671,0.98451,0.47,23.9
3,1024,0.1,silu,0.005,512,1,3,15,120,0.01,no,adamw,36,7671,0.76132,0.4882,18.2
3,512,0.0,silu,0.003,256,1,3,15,80,0.01,no,adamw,36,7671,0.93316,0.3396,20.2
3,1024,0.0,silu,0.008,256,1,3,15,120,0.01,layernorm,adamw,36,7671,0.9102,0.5606,23.7
4,1024,0.0,silu,0.005,512,1,3,15,120,0.01,layernorm,adamw,36,7671,0.86209,0.5548,13.3
3,1024,0.0,silu,0.003,512,1,3,15,80,0.01,no,adamw,36,7671,1.08432,0.4461,6.8
3,1024,0.0,gelu,0.002,256,1,3,15,120,0.01,layernorm,adamw,36,7671,0.86596,0.5703,20.7
4,1024,0.0,gelu,0.008,512,1,3,15,120,0.01,no,adamw,36,7671,1.05532,0.1613,13.5
3,512,0.0,silu,0.005,256,1,3,15,80,0.01,layernorm,adamw,36,7671,0.96671,0.4939,18.9
3,512,0.0,silu,0.005,256,1,3,15,80,0.01,no,adamw,36,7671,0.9496,0.582,18.8
4,1024,0.1,silu,0.008,512,1,3,15,80,0.01,no,adamw,36,7671,0.88444,0.4836,7.1
3,512,0.1,gelu,0.005,256,1,3,15,80,0.01,layernorm,adamw,36,7671,0.88716,0.5232,22.6
3,1024,0.1,gelu,0.008,256,1,3,15,120,0.01,layernorm,adamw,36,7671,0.82191,0.4693,23.2
3,1024,0.1,silu,0.003,512,1,3,15,80,0.01,no,adamw,36,7671,0.92258,0.5856,8.9
4,512,0.1,gelu,0.002,512,1,3,15,120,0.01,layernorm,adamw,36,7671,0.83188,0.5661,18.8
4,512,0.0,silu,0.003,512,1,3,15,120,0.01,layernorm,adamw,36,7671,0.85333,0.4516,15.5
3,512,0.0,gelu,0.002,256,1,3,15,80,0.01,no,adamw,36,7671,1.04282,0.1047,20.0
3,1024,0.1,gelu,0.005,256,1,3,15,80,0.01,no,adamw,36,7671,0.8902,0.341,11.2
4,512,0.0,silu,0.008,256,1,3,15,80,0.01,no,adamw,36,7671,0.97057,0.1069,19.6
4,1024,0.1,gelu,0.005,512,1,3,15,120,0.01,no,adamw,36,7671,0.97491,0.3825,12.9
3,512,0.1,gelu,0.005,256,1,3,15,80,0.01,no,adamw,36,7671,0.98632,0.2984,14.7
4,512,0.1,silu,0.002,512,1,3,15,80,0.01,layernorm,adamw,36,7671,0.85531,0.2143,12.0
3,512,0.0,silu,0.002,512,1,3,15,80,0.01,no,adamw,36,7671,1.09721,0.4979,7.7
3,1024,0.1,gelu,0.005,256,1,3,15,80,0.01,layernorm,adamw,36,7671,0.88066,0.7026,15.1
3,512,0.0,gelu,0.002,512,1,3,15,80,0.01,layernorm,adamw,36,7671,1.02553,0.5681,7.7
4,1024,0.1,silu,0.003,256,1,3,15,120,0.01,layernorm,adamw,36,7671,0.82245,0.5113,32.2
3,512,0.1,gelu,0.008,512,1,3,15,120,0.01,no,adamw,36,7671,1.01738,0.331,11.7
3,1024,0.1,gelu,0.003,256,1,3,15,120,0.01,layernorm,adamw,36,7671,0.89877,0.5728,23.4
3,1024,0.0,silu,0.002,512,1,3,15,120,0.01,layernorm,adamw,36,7671,0.99556,0.5324,16.0
4,512,0.1,gelu,0.002,256,1,3,15,120,0.01,layernorm,adamw,36,7671,0.78487,0.5239,31.7
4,1024,0.0,gelu,0.005,512,1,3,15,80,0.01,layernorm,adamw,36,7671,1.09153,0.0479,11.9
4,1024,0.1,silu,0.003,512,1,3,15,80,0.01,layernorm,adamw,36,7671,0.80875,0.4108,9.0
4,1024,0.0,silu,0.008,512,1,3,15,120,0.01,no,adamw,36,7671,1.17219,0.1527,11.3
3,1024,0.0,silu,0.005,512,1,3,15,120,0.01,no,adamw,36,7671,0.87406,0.4997,10.2
3,512,0.0,silu,0.005,512,1,3,15,120,0.01,layernorm,adamw,36,7671,0.9497,0.0333,10.2
4,512,0.0,silu,0.002,256,1,3,15,80,0.01,layernorm,adamw,36,7671,0.79448,0.2547,14.1
3,512,0.1,silu,0.003,256,1,5,15,80,0.01,layernorm,adamw,40,7671,0.962,0.5924,22.6
3,512,0.0,gelu,0.008,256,1,5,15,80,0.01,no,adamw,40,7671,0.88143,0.2422,16.0
3,1024,0.1,silu,0.008,256,1,5,15,80,0.01,no,adamw,40,7671,0.86208,0.5382,10.7
3,1024,0.1,gelu,0.003,512,1,5,15,120,0.01,layernorm,adamw,40,7671,0.86585,0.4011,13.3
4,512,0.0,gelu,0.005,512,1,5,15,120,0.01,no,adamw,40,7671,0.87963,0.5009,14.1
4,1024,0.0,gelu,0.008,512,1,5,15,120,0.01,layernorm,adamw,40,7671,1.15684,0.0883,14.3
3,1024,0.0,gelu,0.003,512,1,5,15,120,0.01,no,adamw,40,7671,1.03686,0.4967,10.0
4,1024,0.0,silu,0.008,512,1,5,15,120,0.01,layernorm,adamw,40,7671,0.82568,0.4952,15.7
3,1024,0.1,silu,0.005,256,1,5,15,120,0.01,no,adamw,40,7671,0.92131,0.1969,13.9
4,1024,0.1,silu,0.003,512,1,5,15,120,0.01,no,adamw,40,7671,0.99261,0.388,9.1
3,512,0.0,gelu,0.008,256,1,5,15,80,0.01,layernorm,adamw,40,7671,0.83909,0.5608,15.1
3,1024,0.1,gelu,0.003,512,1,5,15,80,0.01,no,adamw,40,7671,0.98041,0.5619,9.2
3,512,0.0,gelu,0.003,256,1,5,15,80,0.01,no,adamw,40,7671,1.04268,0.2533,19.1
3,1024,0.0,gelu,0.005,256,1,5,15,80,0.01,no,adamw,40,7671,0.97776,0.3409,13.2
4,512,0.0,silu,0.002,512,1,5,15,80,0.01,layernorm,adamw,40,7671,0.83889,0.4366,8.5
3,1024,0.0,gelu,0.008,512,1,5,15,80,0.01,layernorm,adamw,40,7671,0.98496,0.4999,14.3
3,512,0.0,gelu,0.002,512,1,5,15,80,0.01,layernorm,adamw,40,7671,0.80946,0.3833,8.1
3,512,0.1,gelu,0.003,256,1,5,15,120,0.01,no,adamw,40,7671,0.86016,0.2164,17.9
3,512,0.0,silu,0.005,256,1,5,15,80,0.01,no,adamw,40,7671,0.82772,0.2827,18.4
4,512,0.0,gelu,0.003,512,1,5,15,120,0.01,no,adamw,40,7671,0.82245,0.6148,14.0
3,512,0.0,gelu,0.002,256,1,5,15,80,0.01,no,adamw,40,7671,0.94268,0.5985,19.1
4,1024,0.1,silu,0.002,512,1,5,15,120,0.01,layernorm,adamw,40,7671,0.9573,0.5588,15.7
4,1024,0.0,silu,0.002,512,1,5,15,80,0.01,layernorm,adamw,40,7671,0.8116,0.5491,12.4
3,512,0.0,silu,0.008,512,1,5,15,120,0.01,layernorm,adamw,40,7671,0.95292,0.3677,13.8
3,1024,0.0,silu,0.002,512,1,5,15,80,0.01,layernorm,adamw,40,7671,1.04595,0.3942,14.1
3,1024,0.0,silu,0.008,512,1,5,15,120,0.01,layernorm,adamw,40,7671,0.84014,0.6023,18.9
3,512,0.0,gelu,0.005,256,1,5,15,80,0.01,layernorm,adamw,40,7671,0.82936,0.587,17.1
3,1024,0.1,silu,0.002,256,1,5,15,120,0.01,layernorm,adamw,40,7671,0.86818,0.6142,26.3
3,512,0.1,silu,0.005,512,1,5,15,80,0.01,layernorm,adamw,40,7671,0.97605,0.251,13.8
3,1024,0.1,silu,0.002,256,1,5,15,80,0.01,layernorm,adamw,40,7671,0.83756,0.4841,18.5
3,1024,0.1,gelu,0.008,256,1,5,15,120,0.01,layernorm,adamw,40,7671,0.86577,0.431,24.8
4,1024,0.0,gelu,0.005,256,1,5,15,80,0.01,layernorm,adamw,40,7671,0.82638,0.1576,12.6
3,1024,0.1,silu,0.008,512,1,5,15,80,0.01,no,adamw,40,7671,1.01467,0.4009,9.3
3,1024,0.1,gelu,0.008,512,1,5,15,120,0.01,layernorm,adamw,40,7671,0.88176,0.5246,14.7
4,512,0.0,gelu,0.003,256,1,5,15,120,0.01,layernorm,adamw,40,7671,0.86169,0.5214,23.7
4,512,0.1,silu,0.005,256,1,5,15,80,0.01,no,adamw,40,7671,0.88953,0.3352,15.1
4,512,0.0,gelu,0.005,512,1,5,15,80,0.01,layernorm,adamw,40,7671,0.87444,0.4434,9.8
4,512,0.0,silu,0.002,512,1,5,15,120,0.01,layernorm,adamw,40,7671,0.81623,0.5122,12.4
3,1024,0.1,gelu,0.002,512,1,5,15,80,0.01,layernorm,adamw,40,7671,0.82604,0.4527,10.1
3,512,0.0,gelu,0.008,512,1,5,15,120,0.01,no,adamw,40,7671,0.91975,0.4394,13.3
4,512,0.1,gelu,0.003,256,1,5,15,120,0.01,layernorm,adamw,40,7671,0.87056,0.1933,35.9
3,1024,0.0,silu,0.005,512,1,5,15,120,0.01,no,adamw,40,7671,0.86843,0.3785,11.1
3,512,0.1,silu,0.008,512,1,5,15,80,0.01,no,adamw,40,7671,0.74558,0.4411,7.4
4,1024,0.1,silu,0.003,512,1,5,15,80,0.01,layernorm,adamw,40,7671,1.0001,0.1236,8.8
4,512,0.0,silu,0.003,512,1,5,15,120,0.01,layernorm,adamw,40,7671,0.9464,0.6262,11.3
4,1024,0.1,gelu,0.003,256,1,5,15,80,0.01,layernorm,adamw,40,7671,0.85387,0.5051,19.6
3,1024,0.0,gelu,0.005,512,1,5,15,80,0.01,no,adamw,40,7671,0.93403,0.5961,8.8
4,1024,0.1,silu,0.008,256,1,5,15,120,0.01,layernorm,adamw,40,7671,0.90819,0.6848,32.9
3,512,0.0,gelu,0.003,512,1,5,15,120,0.01,no,adamw,40,7671,1.01462,0.2883,13.1
4,1024,0.1,silu,0.002,512,1,5,15,80,0.01,no,adamw,40,7671,0.83983,0.5528,8.3
3,512,0.1,gelu,0.002,256,1,5,15,80,0.01,no,adamw,40,7671,0.95572,0.3201,13.0
4,1024,0.1,gelu,0.008,256,1,5,15,80,0.01,layernorm,adamw,40,7671,0.86428,0.4156,19.8
4,1024,0.0,gelu,0.005,512,1,5,15,120,0.01,layernorm,adamw,40,7671,0.83746,0.1439,18.9
4,512,0.0,gelu,0.003,512,1,5,15,80,0.01,layernorm,adamw,40,7671,0.90157,0.1435,9.2
4,512,0.1,gelu,0.003,512,1,5,15,120,0.01,no,adamw,40,7671,0.86392,0.4785,12.6
4,1024,0.0,silu,0.003,256,1,5,15,120,0.01,layernorm,adamw,40,7671,0.81694,0.5671,23.8
4,1024,0.1,silu,0.008,256,1,5,15,80,0.01,layernorm,adamw,40,7671,0.91423,0.5262,22.0
4,512,0.1,gelu,0.003,256,1,5,15,120,0.01,no,adamw,40,7671,0.79153,0.3259,25.5
4,1024,0.1,gelu,0.002,512,1,5,15,80,0.01,layernorm,adamw,40,7671,0.86893,0.5292,11.2
4,1024,0.0,silu,0.005,256,1,5,15,80,0.01,no,adamw,40,7671,0.90531,0.4899,14.0
4,512,0.1,gelu,0.002,512,1,5,15,80,0.01,layernorm,adamw,40,7671,0.87209,0.2918,10.8
3,1024,0.0,silu,0.005,256,1,5,15,120,0.01,no,adamw,40,7671,0.79041,0.4783,16.7
3,1024,0.1,gelu,0.008,512,1,5,15,120,0.01,no,adamw,40,7671,0.83191,0.3119,10.6
4,512,0.0,gelu,0.003,256,1,5,15,80,0.01,no,adamw,40,7671,0.86587,0.7857,14.4
4,1024,0.0,silu,0.002,256,2,2,15,120,0.01,no,adamw,44,7671,0.90915,0.4086,19.4
4,512,0.1,silu,0.002,256,2,2,15,120,0.01,no,adamw,44,7671,0.9223,0.3302,26.9
4,512,0.0,gelu,0.003,256,2,2,15,80,0.01,no,adamw,44,7671,0.90462,0.4967,18.2
4,512,0.0,gelu,0.002,512,2,2,15,120,0.01,no,adamw,44,7671,1.0507,0.3193,10.4
4,1024,0.0,silu,0.008,512,2,2,15,80,0.01,layernorm,adamw,44,7671,0.91292,0.1596,9.9
3,512,0.0,silu,0.002,512,2,2,15,120,0.01,no,adamw,44,7671,0.93284,0.5103,10.6
3,1024,0.0,gelu,0.005,256,2,2,15,120,0.01,no,adamw,44,7671,1.06808,0.2677,17.1
4,512,0.0,gelu,0.005,512,2,2,15,80,0.01,no,adamw,44,7671,0.77681,0.463,8.4
4,512,0.0,silu,0.008,512,2,2,15,120,0.01,layernorm,adamw,44,7671,0.74953,0.3054,10.8
3,512,0.1,silu,0.002,256,2,2,15,80,0.01,no,adamw,44,7671,0.87121,0.4194,15.5
3,512,0.0,silu,0.002,256,2,2,15,80,0.01,no,adamw,44,7671,0.95583,0.6218,17.5
4,512,0.1,silu,0.002,256,2,2,15,80,0.01,no,adamw,44,7671,0.72964,0.5396,14.6
4,1024,0.0,gelu,0.005,512,2,2,15,80,0.01,layernorm,adamw,44,7671,0.78882,0.5874,12.3
3,512,0.1,gelu,0.008,256,2,2,15,120,0.01,layernorm,adamw,44,7671,0.69066,0.4921,33.9
4,1024,0.0,gelu,0.008,256,2,2,15,80,0.01,no,adamw,44,7671,1.58979,0.0505,14.2
3,1024,0.1,gelu,0.005,512,2,2,15,120,0.01,layernorm,adamw,44,7671,0.76201,0.576,11.9
4,512,0.1,gelu,0.008,256,2,2,15,120,0.01,no,adamw,44,7671,0.85044,0.5708,20.7
4,512,0.1,gelu,0.005,512,2,2,15,80,0.01,layernorm,adamw,44,7671,0.71303,0.4537,12.2
4,1024,0.1,silu,0.003,512,2,2,15,80,0.01,layernorm,adamw,44,7671,0.69583,0.4116,9.9
4,512,0.0,silu,0.002,512,2,2,15,80,0.01,no,adamw,44,7671,0.86787,0.2607,10.8
3,1024,0.1,gelu,0.008,256,2,2,15,80,0.01,no,adamw,44,7671,1.04926,0.1997,14.3
4,512,0.1,silu,0.002,512,2,2,15,80,0.01,layernorm,adamw,44,7671,0.81065,0.3786,11.6
3,512,0.1,gelu,0.005,256,2,2,15,120,0.01,no,adamw,44,7671,0.93098,0.447,20.7
4,512,0.0,silu,0.002,256,2,2,15,80,0.01,layernorm,adamw,44,7671,0.87648,0.3293,14.2
3,512,0.0,silu,0.008,256,2,2,15,80,0.01,layernorm,adamw,44,7671,0.82176,0.3885,16.3
3,1024,0.1,gelu,0.005,256,2,2,15,80,0.01,no,adamw,44,7671,0.78574,0.2151,12.7
4,1024,0.0,silu,0.005,512,2,2,15,120,0.01,layernorm,adamw,44,7671,0.76464,0.635,13.6
4,512,0.1,gelu,0.003,512,2,2,15,120,0.01,layernorm,adamw,44,7671,0.68162,0.4351,16.8
3,1024,0.0,gelu,0.008,256,2,2,15,80,0.01,no,adamw,44,7671,0.91133,0.3982,16.4
4,1024,0.0,gelu,0.003,512,2,2,15,80,0.01,layernorm,adamw,44,7671,0.87379,0.3663,15.0
3,512,0.1,silu,0.005,512,2,2,15,80,0.01,no,adamw,44,7671,0.79526,0.3856,9.8
4,512,0.0,gelu,0.002,512,2,2,15,80,0.01,layernorm,adamw,44,7671,0.81316,0.3887,8.5
4,512,0.0,silu,0.002,256,2,2,15,120,0.01,no,adamw,44,7671,1.09625,0.0065,25.9
4,1024,0.0,gelu,0.005,256,2,2,15,120,0.01,no,adamw,44,7671,1.10663,0.3848,20.9
4,512,0.1,silu,0.008,256,2,2,15,120,0.01,layernorm,adamw,44,7671,0.66994,0.6099,28.8
4,512,0.1,silu,0.005,512,2,2,15,80,0.01,layernorm,adamw,44,7671,0.67774,0.6227,13.2
3,1024,0.1,silu,0.003,256,2,2,15,120,0.01,layernorm,adamw,44,7671,0.76988,0.3926,26.7
4,512,0.0,silu,0.008,512,2,2,15,120,0.01,no,adamw,44,7671,0.91412,0.3644,11.8
3,1024,0.0,silu,0.003,512,2,2,15,120,0.01,layernorm,adamw,44,7671,0.88256,0.3939,19.4
3,1024,0.0,silu,0.002,512,2,2,15,80,0.01,no,adamw,44,7671,1.01162,0.7286,8.2
4,512,0.0,silu,0.003,256,2,2,15,80,0.01,no,adamw,44,7671,0.86647,0.4674,13.6
3,512,0.0,silu,0.008,512,2,2,15,80,0.01,no,adamw,44,7671,0.94306,0.5064,8.9
3,1024,0.1,silu,0.003,512,2,2,15,80,0.01,no,adamw,44,7671,0.90851,0.4604,10.8
3,512,0.0,silu,0.003,512,2,2,15,120,0.01,layernorm,adamw,44,7671,1.0168,0.4181,11.6
4,512,0.0,gelu,0.005,256,2,2,15,80,0.01,no,adamw,44,7671,0.83837,0.5014,16.7
3,1024,0.1,silu,0.002,256,2,2,15,120,0.01,layernorm,adamw,44,7671,0.80743,0.5525,24.8
4,512,0.1,gelu,0.008,256,2,2,15,80,0.01,layernorm,adamw,44,7671,0.59544,0.5053,25.9
3,1024,0.1,silu,0.005,512,2,2,15,80,0.01,layernorm,adamw,44,7671,0.87919,0.5099,9.6
4,1024,0.1,silu,0.005,512,2,2,15,80,0.01,no,adamw,44,7671,0.82891,0.1937,9.3
4,512,0.1,gelu,0.003,512,2,2,15,80,0.01,layernorm,adamw,44,7671,0.76432,0.494,12.6
3,512,0.1,silu,0.003,512,2,2,15,120,0.01,layernorm,adamw,44,7671,0.73697,0.5578,18.7
3,1024,0.1,silu,0.003,512,2,2,15,120,0.01,no,adamw,44,7671,0.85123,0.475,14.2
4,1024,0.1,gelu,0.008,512,2,2,15,120,0.01,layernorm,adamw,44,7671,0.74918,0.6305,16.7
3,1024,0.0,silu,0.003,512,2,2,15,120,0.01,no,adamw,44,7671,0.99044,0.482,9.7
4,512,0.1,gelu,0.002,256,2,2,15,80,0.01,no,adamw,44,7671,0.8546,0.3112,14.7
4,1024,0.1,silu,0.005,512,2,2,15,80,0.01,layernorm,adamw,44,7671,0.84701,0.5266,10.8
4,512,0.0,silu,0.002,256,2,2,15,80,0.01,no,adamw,44,7671,0.80663,0.4507,17.1
4,1024,0.1,gelu,0.008,512,2,2,15,80,0.01,no,adamw,44,7671,1.03074,0.1686,10.0
3,1024,0.0,silu,0.002,512,2,2,15,120,0.01,no,adamw,44,7671,0.9545,0.5721,10.3
3,1024,0.0,gelu,0.003,256,2,2,15,120,0.01,layernorm,adamw,44,7671,0.85018,0.2854,21.1
3,1024,0.0,gelu,0.003,256,2,2,15,80,0.01,layernorm,adamw,44,7671,0.89553,0.385,13.4
4,512,0.1,silu,0.003,512,2,2,15,120,0.01,layernorm,adamw,44,7671,0.69302,0.5813,19.3
4,512,0.0,silu,0.005,256,2,2,15,120,0.01,layernorm,adamw,44,7671,1.00327,0.5389,21.9
4,1024,0.0,silu,0.005,256,2,2,15,120,0.01,layernorm,adamw,44,7671,0.7222,0.5731,22.9
4,512,0.0,gelu,0.005,512,2,3,15,80,0.01,no,adamw,46,7671,0.76927,0.3074,11.1
4,512,0.1,silu,0.002,512,2,3,15,120,0.01,layernorm,adamw,46,7671,0.72696,0.4217,22.8
3,1024,0.0,gelu,0.003,256,2,3,15,120,0.01,no,adamw,46,7671,0.93163,0.3909,19.8
4,1024,0.0,silu,0.003,512,2,3,15,80,0.01,no,adamw,46,7671,0.74052,0.6354,7.7
4,512,0.0,silu,0.003,256,2,3,15,120,0.01,no,adamw,46,7671,0.71668,0.4602,23.2
3,512,0.1,gelu,0.008,512,2,3,15,120,0.01,layernorm,adamw,46,7671,0.80769,0.5147,15.7
4,1024,0.1,silu,0.003,256,2,3,15,120,0.01,layernorm,adamw,46,7671,0.85545,0.1556,30.6
3,1024,0.0,gelu,0.003,256,2,3,15,120,0.01,layernorm,adamw,46,7671,0.87151,0.4609,16.5
3,512,0.0,silu,0.008,256,2,3,15,80,0.01,layernorm,adamw,46,7671,0.75951,0.5172,12.9
3,512,0.1,silu,0.002,512,2,3,15,120,0.01,no,adamw,46,7671,0.88152,0.4338,12.8
3,512,0.1,silu,0.003,512,2,3,15,80,0.01,no,adamw,46,7671,0.7844,0.5112,8.4
3,1024,0.0,silu,0.005,512,2,3,15,80,0.01,no,adamw,46,7671,1.06812,0.4331,6.3
4,512,0.1,silu,0.005,256,2,3,15,120,0.01,layernorm,adamw,46,7671,0.66297,0.4812,37.7
3,512,0.1,gelu,0.008,512,2,3,15,120,0.01,no,adamw,46,7671,0.80148,0.3134,11.9
4,512,0.1,gelu,0.003,512,2,3,15,120,0.01,no,adamw,46,7671,0.84375,0.486,12.2
3,1024,0.1,gelu,0.002,256,2,3,15,80,0.01,layernorm,adamw,46,7671,0.89001,0.2685,17.9
3,1024,0.0,silu,0.002,256,2,3,15,80,0.01,no,adamw,46,7671,0.88024,0.485,14.2
3,1024,0.1,silu,0.003,256,2,3,15,120,0.01,layernorm,adamw,46,7671,0.83792,0.5513,24.2
3,512,0.1,gelu,0.005,512,2,3,15,120,0.01,layernorm,adamw,46,7671,0.85747,0.488,17.7
4,512,0.1,gelu,0.008,512,2,3,15,80,0.01,layernorm,adamw,46,7671,0.74914,0.343,14.2
4,1024,0.0,gelu,0.003,256,2,3,15,120,0.01,no,adamw,46,7671,0.81649,0.5119,23.8
3,1024,0.0,gelu,0.002,512,2,3,15,80,0.01,no,adamw,46,7671,1.00909,0.6066,9.4
4,1024,0.1,silu,0.008,256,2,3,15,120,0.01,layernorm,adamw,46,7671,0.71926,0.7228,27.7
3,1024,0.0,silu,0.003,512,2,3,15,120,0.01,no,adamw,46,7671,0.97312,0.5157,11.3
3,512,0.1,silu,0.003,256,2,3,15,120,0.01,layernorm,adamw,46,7671,0.80022,0.5306,31.4
3,512,0.0,gelu,0.008,512,2,3,15,120,0.01,layernorm,adamw,46,7671,0.82646,0.3911,12.9
3,1024,0.1,gelu,0.005,512,2,3,15,80,0.01,layernorm,adamw,46,7671,0.76802,0.5916,12.4
4,1024,0.1,silu,0.008,512,2,3,15,120,0.01,layernorm,adamw,46,7671,0.73778,0.442,15.1
4,1024,0.0,gelu,0.005,512,2,3,15,120,0.01,layernorm,adamw,46,7671,1.22029,0.5385,17.6
3,512,0.1,silu,0.005,256,2,3,15,120,0.01,layernorm,adamw,46,7671,0.70795,0.3625,35.8
3,512,0.1,silu,0.008,256,2,3,15,120,0.01,layernorm,adamw,46,7671,0.78033,0.4534,26.8
3,512,0.0,silu,0.002,256,2,3,15,120,0.01,layernorm,adamw,46,7671,0.78304,0.4146,20.6
3,512,0.0,silu,0.008,512,2,3,15,120,0.01,no,adamw,46,7671,1.03861,0.2222,11.5
3,1024,0.1,silu,0.002,256,2,3,15,80,0.01,no,adamw,46,7671,0.7416,0.4548,9.9
3,1024,0.0,silu,0.003,512,2,3,15,80,0.01,no,adamw,46,7671,0.88592,0.4955,7.1
3,1024,0.1,gelu,0.005,256,2,3,15,120,0.01,layernorm,adamw,46,7671,0.74429,0.5944,26.4
3,1024,0.0,gelu,0.008,512,2,3,15,120,0.01,no,adamw,46,7671,1.09485,0.1886,11.6
3,512,0.0,gelu,0.005,256,2,3,15,80,0.01,no,adamw,46,7671,0.91425,0.3493,15.5
3,512,0.0,silu,0.005,512,2,3,15,80,0.01,layernorm,adamw,46,7671,0.90233,0.4686,10.6
4,1024,0.0,silu,0.003,256,2,3,15,120,0.01,layernorm,adamw,46,7671,0.7876,0.5606,26.3
4,1024,0.1,gelu,0.008,512,2,3,15,80,0.01,no,adamw,46,7671,1.2195,0.2449,11.8
4,1024,0.1,gelu,0.003,512,2,3,15,80,0.01,no,adamw,46,7671,0.92294,0.4379,8.4
3,512,0.0,gelu,0.008,256,2,3,15,120,0.01,no,adamw,46,7671,1.09316,0.3151,25.5
3,1024,0.0,gelu,0.008,512,2,3,15,120,0.01,layernorm,adamw,46,7671,0.91865,0.48,16.8
4,1024,0.1,gelu,0.002,256,2,3,15,80,0.01,layernorm,adamw,46,7671,0.71143,0.4505,19.6
4,512,0.1,silu,0.003,256,2,3,15,80,0.01,layernorm,adamw,46,7671,0.73522,0.3232,26.0
3,1024,0.1,silu,0.005,256,2,3,15,120,0.01,no,adamw,46,7671,0.80009,0.4056,15.0
4,1024,0.0,gelu,0.005,256,2,3,15,80,0.01,layernorm,adamw,46,7671,0.75858,0.5699,14.6
3,512,0.1,gelu,0.003,256,2,3,15,80,0.01,no,adamw,46,7671,0.87234,0.3119,15.8
4,1024,0.0,gelu,0.003,512,2,3,15,80,0.01,layernorm,adamw,46,7671,0.82692,0.2808,11.2
4,512,0.1,silu,0.002,256,2,3,15,80,0.01,no,adamw,46,7671,0.81962,0.6105,16.9
4,512,0.0,silu,0.005,256,2,3,15,120,0.01,layernorm,adamw,46,7671,0.76901,0.8738,25.3
4,1024,0.1,silu,0.002,512,2,3,15,80,0.01,layernorm,adamw,46,7671,0.82816,0.5029,10.7
4,512,0.1,gelu,0.002,512,2,3,15,120,0.01,no,adamw,46,7671,0.84931,0.4563,13.5
3,1024,0.1,silu,0.005,256,2,3,15,80,0.01,no,adamw,46,7671,0.76701,0.2328,11.6
4,512,0.1,gelu,0.005,512,2,3,15,80,0.01,layernorm,adamw,46,7671,0.78744,0.2379,13.8
4,512,0.1,silu,0.003,256,2,3,15,120,0.01,layernorm,adamw,46,7671,0.73608,0.479,36.2
4,512,0.0,silu,0.003,512,2,3,15,80,0.01,no,adamw,46,7671,0.90969,0.4612,12.0
3,1024,0.0,gelu,0.003,512,2,3,15,120,0.01,layernorm,adamw,46,7671,0.90698,0.3781,17.4
3,1024,0.0,gelu,0.003,512,2,3,15,80,0.01,layernorm,adamw,46,7671,1.11918,0.3569,10.7
3,512,0.1,silu,0.008,512,2,3,15,120,0.01,no,adamw,46,7671,0.84401,0.3577,13.5
3,512,0.0,gelu,0.002,256,2,3,15,120,0.01,layernorm,adamw,46,7671,0.87586,0.3331,25.9
3,1024,0.0,gelu,0.008,256,2,3,15,120,0.01,layernorm,adamw,46,7671,0.85714,0.5329,27.4
3,1024,0.0,silu,0.003,512,2,3,15,80,0.01,layernorm,adamw,46,7671,0.84702,0.5423,13.4
3,1024,0.0,silu,0.002,256,2,5,15,80,0.01,layernorm,adamw,50,7671,0.82539,0.3392,13.6
3,512,0.1,gelu,0.002,256,2,5,15,80,0.01,layernorm,adamw,50,7671,0.86185,0.5029,17.8
3,512,0.0,silu,0.002,512,2,5,15,120,0.01,layernorm,adamw,50,7671,0.93511,0.2918,11.4
3,512,0.1,silu,0.008,512,2,5,15,120,0.01,layernorm,adamw,50,7671,0.87585,0.4236,16.8
3,1024,0.1,gelu,0.008,256,2,5,15,120,0.01,no,adamw,50,7671,0.82974,0.2942,16.7
4,512,0.0,silu,0.003,512,2,5,15,80,0.01,layernorm,adamw,50,7671,0.80871,0.4033,8.8
4,512,0.0,gelu,0.008,256,2,5,15,120,0.01,no,adamw,50,7671,0.93221,0.4144,25.5
4,1024,0.0,silu,0.002,256,2,5,15,120,0.01,layernorm,adamw,50,7671,0.79734,0.5268,19.6
3,1024,0.1,silu,0.002,512,2,5,15,80,0.01,layernorm,adamw,50,7671,0.94335,0.4201,10.0
3,1024,0.1,silu,0.003,512,2,5,15,120,0.01,layernorm,adamw,50,7671,0.86004,0.5234,16.4
4,512,0.1,gelu,0.002,512,2,5,15,120,0.01,layernorm,adamw,50,7671,0.79327,0.3316,22.8
3,1024,0.0,silu,0.002,512,2,5,15,120,0.01,layernorm,adamw,50,7671,0.84533,0.3914,16.9
3,512,0.0,silu,0.003,256,2,5,15,80,0.01,layernorm,adamw,50,7671,0.92429,0.3581,16.7
4,1024,0.0,gelu,0.008,256,2,5,15,120,0.01,no,adamw,50,7671,0.94362,0.3242,23.3
4,512,0.1,silu,0.003,512,2,5,15,120,0.01,layernorm,adamw,50,7671,0.83579,0.4239,16.7
3,1024,0.0,silu,0.005,256,2,5,15,120,0.01,no,adamw,50,7671,0.72218,0.2649,19.0
3,1024,0.0,gelu,0.002,256,2,5,15,80,0.01,no,adamw,50,7671,0.90548,0.2666,12.6
4,1024,0.0,silu,0.003,256,2,5,15,80,0.01,no,adamw,50,7671,0.92554,0.4737,14.5
3,512,0.1,silu,0.008,256,2,5,15,80,0.01,layernorm,adamw,50,7671,0.88996,0.5663,21.9
4,512,0.1,silu,0.002,512,2,5,15,120,0.01,layernorm,adamw,50,7671,0.74007,0.6272,16.5
3,1024,0.1,silu,0.003,512,2,5,15,80,0.01,layernorm,adamw,50,7671,0.73608,0.5758,11.0
3,512,0.1,silu,0.005,256,2,5,15,80,0.01,no,adamw,50,7671,0.76521,0.4213,17.8
3,512,0.0,gelu,0.002,512,2,5,15,80,0.01,no,adamw,50,7671,0.83623,0.5216,9.2
4,512,0.1,gelu,0.008,256,2,5,15,80,0.01,layernorm,adamw,50,7671,0.74495,0.3177,24.2
3,1024,0.0,gelu,0.002,512,2,5,15,120,0.01,layernorm,adamw,50,7671,0.94789,0.3342,15.5
4,512,0.1,gelu,0.003,512,2,5,15,80,0.01,layernorm,adamw,50,7671,0.83466,0.4483,11.8
3,512,0.1,gelu,0.005,512,2,5,15,120,0.01,layernorm,adamw,50,7671,0.94027,0.413,15.9
4,512,0.0,gelu,0.005,512,2,5,15,120,0.01,no,adamw,50,7671,0.91348,0.4033,13.6
4,512,0.1,gelu,0.008,512,2,5,15,120,0.01,no,adamw,50,7671,1.10483,0.2951,14.7
3,1024,0.0,silu,0.003,512,2,5,15,120,0.01,layernorm,adamw,50,7671,0.76904,0.3729,15.6
4,1024,0.1,gelu,0.005,256,2,5,15,120,0.01,layernorm,adamw,50,7671,0.75481,0.8544,26.2
3,512,0.1,silu,0.005,256,2,5,15,120,0.01,no,adamw,50,7671,0.82337,0.1929,25.5
3,512,0.0,gelu,0.003,256,2,5,15,120,0.01,layernorm,adamw,50,7671,0.86557,0.4603,24.1
3,1024,0.0,gelu,0.008,256,2,5,15,80,0.01,no,adamw,50,7671,0.9089,0.4362,13.0
3,512,0.1,silu,0.005,256,2,5,15,120,0.01,layernorm,adamw,50,7671,0.80489,0.4182,29.8
4,512,0.0,silu,0.005,256,2,5,15,120,0.01,no,adamw,50,7671,0.72353,0.3842,20.6
3,512,0.1,silu,0.002,512,2,5,15,80,0.01,no,adamw,50,7671,0.93493,0.3726,7.2
3,512,0.1,gelu,0.005,256,2,5,15,80,0.01,layernorm,adamw,50,7671,0.80794,0.3274,17.3
3,512,0.0,silu,0.005,256,2,5,15,120,0.01,layernorm,adamw,50,7671,0.81521,0.5239,21.1
3,512,0.0,silu,0.002,256,2,5,15,120,0.01,layernorm,adamw,50,7671,0.9151,0.3955,25.0
3,1024,0.0,gelu,0.005,256,2,5,15,80,0.01,layernorm,adamw,50,7671,0.85395,0.6036,12.3
3,1024,0.1,gelu,0.002,512,2,5,15,120,0.01,no,adamw,50,7671,0.93242,0.4113,9.7
4,1024,0.1,silu,0.005,512,2,5,15,120,0.01,layernorm,adamw,50,7671,0.8118,0.5308,14.2
4,1024,0.1,silu,0.008,256,2,5,15,80,0.01,no,adamw,50,7671,0.95194,0.4688,14.0
4,512,0.0,gelu,0.003,256,2,5,15,120,0.01,layernorm,adamw,50,7671,0.77141,0.3699,22.5
4,512,0.1,gelu,0.003,512,2,5,15,120,0.01,layernorm,adamw,50,7671,0.74915,0.4393,16.3
4,1024,0.0,gelu,0.003,256,2,5,15,120,0.01,no,adamw,50,7671,1.01904,0.4509,21.3
4,1024,0.0,silu,0.002,256,2,5,15,80,0.01,layernorm,adamw,50,7671,0.77487,0.5192,12.8
4,512,0.1,gelu,0.003,256,2,5,15,80,0.01,no,adamw,50,7671,0.82661,0.4334,14.9
3,512,0.1,silu,0.003,256,2,5,15,80,0.01,no,adamw,50,7671,0.78172,0.4509,14.7
3,1024,0.1,silu,0.008,512,2,5,15,80,0.01,layernorm,adamw,50,7671,0.90288,0.4628,8.2
3,1024,0.1,gelu,0.003,512,2,5,15,120,0.01,no,adamw,50,7671,0.9056,0.4115,10.8
4,1024,0.1,silu,0.005,512,2,5,15,80,0.01,no,adamw,50,7671,1.03555,0.3725,9.3
3,512,0.0,gelu,0.008,512,2,5,15,80,0.01,no,adamw,50,7671,1.05374,0.3321,8.9
3,512,0.0,silu,0.003,512,2,5,15,80,0.01,layernorm,adamw,50,7671,0.95827,0.256,8.3
3,1024,0.1,gelu,0.003,512,2,5,15,80,0.01,layernorm,adamw,50,7671,0.85447,0.5188,9.3
4,1024,0.0,silu,0.003,512,2,5,15,80,0.01,layernorm,adamw,50,7671,0.85433,0.582,12.1
4,1024,0.0,gelu,0.005,512,2,5,15,120,0.01,layernorm,adamw,50,7671,0.77912,0.4762,16.5
3,512,0.0,gelu,0.005,256,2,5,15,80,0.01,layernorm,adamw,50,7671,0.8161,0.3683,15.4
3,1024,0.0,gelu,0.005,256,2,5,15,80,0.01,no,adamw,50,7671,0.89268,0.4057,13.4
4,512,0.1,gelu,0.003,512,2,5,15,80,0.01,no,adamw,50,7671,0.96791,0.4296,8.3
4,1024,0.1,silu,0.003,256,2,5,15,120,0.01,layernorm,adamw,50,7671,0.79938,0.4669,24.6
4,1024,0.1,silu,0.002,512,2,5,15,80,0.01,no,adamw,50,7671,0.9251,0.4401,12.4
4,512,0.0,gelu,0.005,256,2,5,15,80,0.01,layernorm,adamw,50,7671,0.78523,0.4784,13.5
3,1024,0.0,silu,0.005,512,3,2,15,80,0.01,no,adamw,54,7671,0.95278,0.3413,7.5
4,512,0.1,silu,0.005,512,3,2,15,120,0.01,layernorm,adamw,54,7671,0.79732,0.5732,13.6
4,1024,0.0,silu,0.005,256,3,2,15,80,0.01,layernorm,adamw,54,7671,0.77963,0.58,15.1
4,1024,0.1,gelu,0.003,256,3,2,15,80,0.01,layernorm,adamw,54,7671,0.718,0.4407,21.1
4,512,0.1,silu,0.002,512,3,2,15,120,0.01,no,adamw,54,7671,0.74841,0.4117,14.0
3,512,0.1,gelu,0.008,256,3,2,15,120,0.01,layernorm,adamw,54,7671,0.7235,0.5746,37.1
3,1024,0.0,gelu,0.008,512,3,2,15,120,0.01,layernorm,adamw,54,7671,0.8395,0.5448,15.2
4,512,0.1,gelu,0.005,256,3,2,15,120,0.01,no,adamw,54,7671,0.83531,0.3481,23.8
4,512,0.1,gelu,0.002,512,3,2,15,120,0.01,layernorm,adamw,54,7671,0.73346,0.3435,18.6
3,512,0.0,silu,0.005,256,3,2,15,80,0.01,no,adamw,54,7671,0.9662,0.5143,19.2
3,1024,0.1,gelu,0.002,512,3,2,15,80,0.01,no,adamw,54,7671,0.90085,0.276,7.3
3,512,0.1,silu,0.008,512,3,2,15,120,0.01,layernorm,adamw,54,7671,0.82148,0.6256,13.6
4,1024,0.1,silu,0.002,512,3,2,15,80,0.01,no,adamw,54,7671,0.87122,0.4836,8.7
4,1024,0.0,silu,0.008,512,3,2,15,120,0.01,layernorm,adamw,54,7671,0.86552,0.338,17.3
4,1024,0.1,gelu,0.002,512,3,2,15,80,0.01,layernorm,adamw,54,7671,0.75842,0.5251,12.0
3,1024,0.1,silu,0.008,512,3,2,15,120,0.01,no,adamw,54,7671,0.82592,0.235,15.5
3,512,0.1,silu,0.003,256,3,2,15,120,0.01,no,adamw,54,7671,0.79908,0.4712,24.4
3,512,0.0,silu,0.003,512,3,2,15,80,0.01,layernorm,adamw,54,7671,0.88321,0.5149,8.2
4,512,0.0,gelu,0.002,512,3,2,15,80,0.01,layernorm,adamw,54,7671,0.81988,0.2185,10.0
4,512,0.1,silu,0.005,256,3,2,15,80,0.01,no,adamw,54,7671,0.88053,0.6271,16.4
3,1024,0.0,gelu,0.003,512,3,2,15,120,0.01,layernorm,adamw,54,7671,0.76234,0.3814,15.6
4,512,0.0,silu,0.008,256,3,2,15,120,0.01,no,adamw,54,7671,0.73915,0.1959,29.5
4,512,0.1,gelu,0.008,512,3,2,15,120,0.01,no,adamw,54,7671,0.92623,0.2786,16.1
4,1024,0.1,silu,0.008,256,3,2,15,120,0.01,no,adamw,54,7671,1.16084,0.0077,23.2
4,512,0.1,silu,0.002,256,3,2,15,80,0.01,no,adamw,54,7671,0.84531,0.4645,14.9
4,512,0.0,silu,0.005,512,3,2,15,120,0.01,no,adamw,54,7671,0.83486,0.3496,13.1
4,512,0.0,gelu,0.003,256,3,2,15,80,0.01,layernorm,adamw,54,7671,0.91366,0.5288,19.2
3,512,0.1,gelu,0.003,256,3,2,15,80,0.01,no,adamw,54,7671,0.84826,0.4354,16.0
3,512,0.1,silu,0.002,256,3,2,15,80,0.01,no,adamw,54,7671,0.93251,0.3241,16.1
3,1024,0.1,gelu,0.008,512,3,2,15,80,0.01,layernorm,adamw,54,7671,0.78602,0.5652,9.3
3,512,0.0,gelu,0.003,512,3,2,15,120,0.01,no,adamw,54,7671,0.81343,0.3838,12.0
3,512,0.0,gelu,0.003,256,3,2,15,120,0.01,no,adamw,54,7671,0.97095,0.1342,23.1
3,1024,0.1,gelu,0.003,256,3,2,15,120,0.01,no,adamw,54,7671,0.87383,0.3196,18.2
3,1024,0.1,silu,0.008,256,3,2,15,80,0.01,no,adamw,54,7671,0.75165,0.4227,12.3
3,1024,0.0,gelu,0.005,512,3,2,15,120,0.01,layernorm,adamw,54,7671,0.79526,0.4609,13.1
3,512,0.0,gelu,0.005,256,3,2,15,80,0.01,layernorm,adamw,54,7671,0.80246,0.377,13.7
3,1024,0.1,silu,0.005,512,3,2,15,80,0.01,layernorm,adamw,54,7671,0.87181,0.5695,10.2
3,512,0.0,gelu,0.003,256,3,2,15,80,0.01,layernorm,adamw,54,7671,0.80069,0.4169,12.4
4,1024,0.1,silu,0.003,512,3,2,15,120,0.01,layernorm,adamw,54,7671,0.72615,0.5564,15.7
4,512,0.1,silu,0.005,512,3,2,15,120,0.01,no,adamw,54,7671,0.73878,0.6783,16.3
4,1024,0.0,gelu,0.003,256,3,2,15,120,0.01,layernorm,adamw,54,7671,0.72983,0.3709,24.6
3,512,0.1,gelu,0.003,256,3,2,15,80,0.01,layernorm,adamw,54,7671,0.84744,0.3892,23.9
3,1024,0.0,gelu,0.005,256,3,2,15,120,0.01,layernorm,adamw,54,7671,0.76174,0.5259,17.7
3,512,0.0,gelu,0.002,512,3,2,15,80,0.01,no,adamw,54,7671,1.12302,0.033,8.8
3,1024,0.0,gelu,0.008,256,3,2,15,80,0.01,layernorm,adamw,54,7671,0.74442,0.4493,15.7
3,512,0.0,gelu,0.005,256,3,2,15,120,0.01,layernorm,adamw,54,7671,0.77663,0.4187,20.4
4,512,0.0,gelu,0.008,512,3,2,15,120,0.01,no,adamw,54,7671,0.90581,0.3467,10.7
3,1024,0.0,gelu,0.003,512,3,2,15,80,0.01,layernorm,adamw,54,7671,0.992,0.4886,12.4
4,1024,0.1,gelu,0.005,512,3,2,15,120,0.01,layernorm,adamw,54,7671,0.6404,0.5631,13.8
3,512,0.1,silu,0.008,512,3,2,15,120,0.01,no,adamw,54,7671,1.06273,0.4201,11.9
4,1024,0.0,silu,0.002,256,3,2,15,80,0.01,layernorm,adamw,54,7671,0.78046,0.3364,15.5
4,512,0.0,gelu,0.005,512,3,2,15,80,0.01,no,adamw,54,7671,0.87492,0.3228,9.3
3,512,0.0,silu,0.008,256,3,2,15,80,0.01,layernorm,adamw,54,7671,0.69886,0.3907,16.9
3,512,0.1,silu,0.008,256,3,2,15,120,0.01,layernorm,adamw,54,7671,0.73808,0.2749,30.2
4,512,0.1,silu,0.002,512,3,2,15,80,0.01,no,adamw,54,7671,0.85935,0.3598,9.7
4,512,0.0,gelu,0.003,512,3,2,15,120,0.01,no,adamw,54,7671,0.68672,0.5481,13.8
3,512,0.0,silu,0.005,256,3,2,15,120,0.01,layernorm,adamw,54,7671,0.72501,0.424,21.9
4,1024,0.0,gelu,0.002,512,3,2,15,120,0.01,layernorm,adamw,54,7671,0.84836,0.2172,18.1
4,1024,0.1,silu,0.005,256,3,2,15,80,0.01,no,adamw,54,7671,0.80578,0.3915,14.3
4,1024,0.1,silu,0.002,512,3,2,15,120,0.01,no,adamw,54,7671,0.85666,0.6689,13.2
4,512,0.0,silu,0.003,256,3,2,15,120,0.01,layernorm,adamw,54,7671,0.70973,0.4846,24.1
3,1024,0.0,gelu,0.005,512,3,2,15,80,0.01,layernorm,adamw,54,7671,0.88941,0.3683,11.1
4,512,0.0,silu,0.003,512,3,2,15,80,0.01,no,adamw,54,7671,1.00556,0.4335,7.0
4,512,0.0,silu,0.003,512,3,2,15,80,0.01,layernorm,adamw,54,7671,0.89511,0.5047,8.8
3,512,0.0,silu,0.002,512,3,3,15,80,0.01,layernorm,adamw,56,7671,0.83768,0.3533,11.3
4,1024,0.0,gelu,0.005,512,3,3,15,80,0.01,layernorm,adamw,56,7671,0.77248,0.432,13.3
4,512,0.1,gelu,0.002,512,3,3,15,80,0.01,layernorm,adamw,56,7671,0.76911,0.5638,11.7
3,1024,0.0,silu,0.002,512,3,3,15,120,0.01,layernorm,adamw,56,7671,0.79985,0.3746,17.6
4,512,0.0,gelu,0.005,512,3,3,15,80,0.01,no,adamw,56,7671,1.118,0.2419,8.8
4,512,0.1,gelu,0.008,256,3,3,15,120,0.01,no,adamw,56,7671,0.90804,0.1917,18.4
4,512,0.1,gelu,0.003,512,3,3,15,80,0.01,no,adamw,56,7671,0.81524,0.2617,10.7
3,512,0.1,gelu,0.005,512,3,3,15,80,0.01,no,adamw,56,7671,0.884,0.3264,11.9
4,512,0.0,silu,0.005,256,3,3,15,120,0.01,no,adamw,56,7671,0.78409,0.617,28.2
4,512,0.1,gelu,0.005,512,3,3,15,80,0.01,layernorm,adamw,56,7671,0.78573,0.495,9.8
3,1024,0.0,gelu,0.005,512,3,3,15,80,0.01,layernorm,adamw,56,7671,0.89943,0.4356,11.5
3,1024,0.0,gelu,0.008,512,3,3,15,120,0.01,no,adamw,56,7671,1.14005,0.1098,11.8
3,1024,0.1,gelu,0.003,512,3,3,15,80,0.01,no,adamw,56,7671,0.94693,0.3084,8.8
3,1024,0.0,silu,0.002,512,3,3,15,80,0.01,no,adamw,56,7671,1.06218,0.375,8.3
4,512,0.0,silu,0.008,256,3,3,15,120,0.01,no,adamw,56,7671,0.88112,0.289,28.4
3,512,0.0,gelu,0.005,256,3,3,15,80,0.01,layernorm,adamw,56,7671,0.78475,0.2871,13.2
3,512,0.1,silu,0.003,512,3,3,15,120,0.01,no,adamw,56,7671,0.81903,0.4502,11.7
3,1024,0.0,gelu,0.002,256,3,3,15,80,0.01,layernorm,adamw,56,7671,0.88812,0.3821,13.7
4,512,0.1,gelu,0.002,512,3,3,15,120,0.01,no,adamw,56,7671,0.78289,0.5871,17.3
3,512,0.0,silu,0.005,256,3,3,15,120,0.01,no,adamw,56,7671,0.86505,0.7244,25.4
4,1024,0.1,gelu,0.005,512,3,3,15,120,0.01,layernorm,adamw,56,7671,0.80068,0.3942,14.7
3,1024,0.0,gelu,0.008,256,3,3,15,120,0.01,layernorm,adamw,56,7671,0.79616,0.4978,21.1
4,512,0.1,silu,0.002,512,3,3,15,80,0.01,no,adamw,56,7671,0.8169,0.4263,9.5
4,512,0.1,gelu,0.003,256,3,3,15,80,0.01,no,adamw,56,7671,0.79389,0.3405,15.9
3,512,0.1,silu,0.008,256,3,3,15,120,0.01,no,adamw,56,7671,0.86197,0.4312,22.2
3,1024,0.0,silu,0.005,256,3,3,15,80,0.01,no,adamw,56,7671,0.9035,0.3486,11.3
3,1024,0.0,gelu,0.002,512,3,3,15,80,0.01,no,adamw,56,7671,0.99213,0.2831,7.6
3,512,0.1,gelu,0.008,256,3,3,15,80,0.01,layernorm,adamw,56,7671,0.71222,0.4886,22.9
3,1024,0.1,silu,0.002,256,3,3,15,120,0.01,no,adamw,56,7671,0.76299,0.425,17.0
3,512,0.0,silu,0.002,512,3,3,15,80,0.01,no,adamw,56,7671,1.07176,0.0608,7.9
4,512,0.1,gelu,0.002,256,3,3,15,120,0.01,layernorm,adamw,56,7671,0.77939,0.2764,31.2
3,512,0.1,gelu,0.008,256,3,3,15,120,0.01,no,adamw,56,7671,0.91167,0.2833,20.4
3,1024,0.1,gelu,0.003,256,3,3,15,120,0.01,layernorm,adamw,56,7671,0.75671,0.499,25.5
4,512,0.1,silu,0.005,256,3,3,15,80,0.01,layernorm,adamw,56,7671,0.80341,0.4948,19.4
4,1024,0.1,silu,0.005,512,3,3,15,120,0.01,no,adamw,56,7671,0.91329,0.5676,13.3
3,1024,0.0,silu,0.002,256,3,3,15,80,0.01,layernorm,adamw,56,7671,0.78074,0.5205,16.2
4,1024,0.0,silu,0.005,512,3,3,15,120,0.01,layernorm,adamw,56,7671,0.74593,0.6621,20.9
3,1024,0.1,gelu,0.008,512,3,3,15,80,0.01,no,adamw,56,7671,1.21724,0.2735,6.7
3,1024,0.1,silu,0.003,256,3,3,15,120,0.01,no,adamw,56,7671,0.8049,0.4156,17.0
3,512,0.1,gelu,0.003,256,3,3,15,120,0.01,no,adamw,56,7671,0.86215,0.3779,22.8
4,1024,0.0,silu,0.005,512,3,3,15,80,0.01,layernorm,adamw,56,7671,0.80933,0.5303,12.1
3,512,0.0,gelu,0.005,512,3,3,15,120,0.01,layernorm,adamw,56,7671,0.80409,0.3427,12.1
4,1024,0.1,silu,0.003,512,3,3,15,120,0.01,layernorm,adamw,56,7671,0.753,0.5397,13.5
4,512,0.0,gelu,0.008,512,3,3,15,80,0.01,layernorm,adamw,56,7671,0.74555,0.4555,7.6
4,512,0.1,gelu,0.002,256,3,3,15,120,0.01,no,adamw,56,7671,0.80147,0.4164,20.6
4,1024,0.1,gelu,0.003,512,3,3,15,120,0.01,no,adamw,56,7671,0.87254,0.401,12.4
4,512,0.1,silu,0.008,256,3,3,15,80,0.01,no,adamw,56,7671,0.87029,0.5946,18.2
4,512,0.0,silu,0.005,512,3,3,15,80,0.01,no,adamw,56,7671,0.80118,0.6851,8.4
3,1024,0.0,silu,0.002,256,3,3,15,80,0.01,no,adamw,56,7671,0.92983,0.6401,11.1
4,512,0.1,gelu,0.003,512,3,3,15,120,0.01,layernorm,adamw,56,7671,0.71535,0.426,14.9
3,1024,0.1,silu,0.008,256,3,3,15,80,0.01,no,adamw,56,7671,0.95266,0.1663,16.0
4,1024,0.0,gelu,0.003,512,3,3,15,120,0.01,no,adamw,56,7671,0.80259,0.5282,13.7
4,512,0.0,silu,0.002,256,3,3,15,120,0.01,no,adamw,56,7671,0.94098,0.2745,25.2
3,1024,0.1,silu,0.005,512,3,3,15,120,0.01,no,adamw,56,7671,0.95184,0.3706,10.6
3,512,0.0,gelu,0.002,256,3,3,15,120,0.01,layernorm,adamw,56,7671,0.82169,0.5105,22.7
3,512,0.0,silu,0.002,256,3,3,15,120,0.01,layernorm,adamw,56,7671,0.84679,0.4704,23.5
3,512,0.0,silu,0.005,256,3,3,15,80,0.01,no,adamw,56,7671,0.93559,0.1876,19.2
4,512,0.0,silu,0.002,512,3,3,15,120,0.01,no,adamw,56,7671,0.73137,0.6899,14.8
4,1024,0.0,silu,0.002,256,3,3,15,120,0.01,no,adamw,56,7671,0.76394,0.5101,22.6
4,512,0.1,gelu,0.003,512,3,3,15,80,0.01,layernorm,adamw,56,7671,0.76116,0.4342,12.4
4,512,0.0,gelu,0.002,512,3,3,15,120,0.01,layernorm,adamw,56,7671,0.84951,0.4355,12.8
4,1024,0.0,silu,0.008,256,3,3,15,120,0.01,layernorm,adamw,56,7671,0.78897,0.4195,26.7
3,512,0.1,gelu,0.005,256,3,3,15,80,0.01,layernorm,adamw,56,7671,0.74061,0.41,27.4
3,512,0.1,silu,0.002,256,3,3,15,80,0.01,layernorm,adamw,56,7671,0.88462,0.4699,24.4
4,1024,0.0,silu,0.003,256,3,5,15,80,0.01,no,adamw,60,7671,0.86577,0.3982,14.7
3,512,0.1,silu,0.003,256,3,5,15,120,0.01,layernorm,adamw,60,7671,0.78263,0.5861,38.0
4,512,0.0,silu,0.005,256,3,5,15,120,0.01,layernorm,adamw,60,7671,0.69171,0.5479,23.5
3,512,0.0,gelu,0.008,512,3,5,15,120,0.01,no,adamw,60,7671,0.86206,0.2598,10.0
4,512,0.1,silu,0.003,256,3,5,15,120,0.01,no,adamw,60,7671,0.70469,0.392,21.1
4,1024,0.0,gelu,0.005,512,3,5,15,120,0.01,no,adamw,60,7671,0.90252,0.3941,12.2
4,1024,0.0,gelu,0.003,256,3,5,15,80,0.01,layernorm,adamw,60,7671,0.86341,0.4136,18.2
3,512,0.1,silu,0.003,512,3,5,15,80,0.01,layernorm,adamw,60,7671,0.88428,0.3497,15.0
4,1024,0.0,gelu,0.008,256,3,5,15,120,0.01,layernorm,adamw,60,7671,0.77117,0.0662,23.7
3,512,0.0,silu,0.002,512,3,5,15,120,0.01,layernorm,adamw,60,7671,0.9301,0.359,10.2
3,1024,0.1,silu,0.002,512,3,5,15,120,0.01,layernorm,adamw,60,7671,0.82547,0.3405,14.8
4,512,0.0,gelu,0.008,256,3,5,15,120,0.01,layernorm,adamw,60,7671,0.72427,0.291,23.6
3,1024,0.1,silu,0.008,256,3,5,15,80,0.01,no,adamw,60,7671,0.79447,0.2532,12.7
4,1024,0.0,silu,0.008,256,3,5,15,80,0.01,layernorm,adamw,60,7671,0.89251,0.5757,15.0
4,1024,0.1,gelu,0.008,512,3,5,15,80,0.01,no,adamw,60,7671,1.17156,0.1937,7.5
3,1024,0.1,gelu,0.005,256,3,5,15,120,0.01,no,adamw,60,7671,0.92861,0.1777,20.8
3,1024,0.0,gelu,0.003,512,3,5,15,120,0.01,layernorm,adamw,60,7671,0.85379,0.4097,13.3
3,1024,0.1,gelu,0.002,256,3,5,15,80,0.01,layernorm,adamw,60,7671,0.83697,0.3429,16.5
3,512,0.1,silu,0.003,512,3,5,15,120,0.01,layernorm,adamw,60,7671,0.81983,0.3865,12.8
4,1024,0.0,gelu,0.003,512,3,5,15,80,0.01,no,adamw,60,7671,0.96262,0.3373,7.4
3,512,0.0,gelu,0.002,256,3,5,15,120,0.01,layernorm,adamw,60,7671,0.78931,0.4284,21.9
3,512,0.1,silu,0.002,512,3,5,15,80,0.01,no,adamw,60,7671,0.90533,0.3803,6.2
4,512,0.0,silu,0.002,256,3,5,15,120,0.01,no,adamw,60,7671,0.82807,0.2357,22.8
3,1024,0.0,gelu,0.002,256,3,5,15,80,0.01,no,adamw,60,7671,0.85537,0.3091,16.6
4,512,0.1,silu,0.002,256,3,5,15,120,0.01,layernorm,adamw,60,7671,0.86268,0.33,38.4
4,512,0.1,silu,0.005,512,3,5,15,120,0.01,layernorm,adamw,60,7671,0.82246,0.5185,17.2
4,1024,0.1,silu,0.005,256,3,5,15,80,0.01,layernorm,adamw,60,7671,1.00545,0.0692,21.9
4,512,0.1,gelu,0.008,512,3,5,15,120,0.01,no,adamw,60,7671,0.86743,0.3418,12.0
3,1024,0.1,gelu,0.008,256,3,5,15,80,0.01,layernorm,adamw,60,7671,0.83107,0.5543,20.1
3,512,0.1,gelu,0.002,256,3,5,15,80,0.01,no,adamw,60,7671,0.83608,0.4624,15.8
4,1024,0.1,gelu,0.003,256,3,5,15,120,0.01,no,adamw,60,7671,0.88893,0.356,20.7
3,1024,0.1,silu,0.008,256,3,5,15,120,0.01,layernorm,adamw,60,7671,0.78489,0.3704,25.4
3,1024,0.0,gelu,0.003,512,3,5,15,80,0.01,no,adamw,60,7671,0.95146,0.4444,10.5
4,1024,0.1,silu,0.005,512,3,5,15,120,0.01,no,adamw,60,7671,1.00974,0.3559,12.9
3,1024,0.0,silu,0.002,256,3,5,15,120,0.01,no,adamw,60,7671,0.77538,0.4664,16.9
3,512,0.1,gelu,0.008,512,3,5,15,80,0.01,no,adamw,60,7671,1.03298,0.1854,9.4
4,1024,0.0,silu,0.003,256,3,5,15,80,0.01,layernorm,adamw,60,7671,0.80433,0.3863,16.0
3,512,0.0,gelu,0.003,256,3,5,15,80,0.01,layernorm,adamw,60,7671,0.83566,0.4431,15.8
3,512,0.1,silu,0.002,512,3,5,15,120,0.01,no,adamw,60,7671,0.98565,0.4461,11.8
4,512,0.1,silu,0.003,512,3,5,15,80,0.01,layernorm,adamw,60,7671,0.80541,0.7512,10.3
4,1024,0.1,silu,0.008,512,3,5,15,120,0.01,no,adamw,60,7671,1.20338,0.0039,17.9
4,512,0.1,silu,0.002,256,3,5,15,120,0.01,no,adamw,60,7671,0.82754,0.2412,19.7
4,512,0.1,gelu,0.002,256,3,5,15,120,0.01,no,adamw,60,7671,0.90269,0.4293,27.9
3,512,0.1,gelu,0.005,512,3,5,15,120,0.01,no,adamw,60,7671,1.03467,0.4038,15.3
3,1024,0.1,gelu,0.005,512,3,5,15,80,0.01,no,adamw,60,7671,0.85938,0.229,6.7
4,1024,0.1,silu,0.005,256,3,5,15,120,0.01,layernorm,adamw,60,7671,0.72563,0.4604,30.2
4,1024,0.0,silu,0.002,512,3,5,15,80,0.01,no,adamw,60,7671,1.0528,0.4941,8.8
3,512,0.1,silu,0.005,256,3,5,15,80,0.01,no,adamw,60,7671,0.74982,0.2817,12.2
3,512,0.0,silu,0.002,256,3,5,15,80,0.01,layernorm,adamw,60,7671,0.83831,0.4838,14.8
3,512,0.0,gelu,0.002,512,3,5,15,80,0.01,layernorm,adamw,60,7671,0.95055,0.4072,9.0
3,1024,0.1,silu,0.005,256,3,5,15,80,0.01,layernorm,adamw,60,7671,0.79038,0.5752,14.5
4,1024,0.0,gelu,0.003,256,3,5,15,120,0.01,layernorm,adamw,60,7671,0.71645,0.4562,21.2
3,1024,0.0,gelu,0.002,256,3,5,15,120,0.01,layernorm,adamw,60,7671,0.83774,0.5134,18.0
3,1024,0.1,gelu,0.003,256,3,5,15,80,0.01,no,adamw,60,7671,0.89082,0.3657,12.9
4,1024,0.1,silu,0.002,512,3,5,15,80,0.01,layernorm,adamw,60,7671,0.82664,0.5774,10.5
4,1024,0.1,gelu,0.008,256,3,5,15,120,0.01,no,adamw,60,7671,1.02218,0.0624,13.4
3,512,0.0,gelu,0.002,256,3,5,15,120,0.01,no,adamw,60,7671,0.97252,0.5398,11.0
3,512,0.1,gelu,0.005,256,3,5,15,80,0.01,layernorm,adamw,60,7671,0.84668,0.5001,13.4
3,512,0.0,gelu,0.008,256,3,5,15,120,0.01,layernorm,adamw,60,7671,0.78889,0.3036,12.3
3,512,0.0,silu,0.008,256,3,5,15,80,0.01,layernorm,adamw,60,7671,0.81193,0.7205,7.8
3,1024,0.0,silu,0.005,512,3,5,15,120,0.01,no,adamw,60,7671,0.84095,0.3881,7.5
4,512,0.0,silu,0.005,256,3,5,15,120,0.01,no,adamw,60,7671,0.87529,0.119,11.9
3,1024,0.0,gelu,0.003,256,3,5,15,80,0.01,no,adamw,60,7671,0.92287,0.3205,5.8
3,1024,0.0,silu,0.003,256,3,5,15,80,0.01,no,adamw,60,7671,0.74377,0.3854,6.0
3,1024,0.1,silu,0.003,256,1,2,15,80,0.01,no,adamw,34,7671,0.80567,0.4785,19.9
3,512,0.1,silu,0.005,512,1,2,15,80,0.01,no,adamw,34,7671,0.8673,0.4657,9.6
3,1024,0.0,gelu,0.002,512,1,2,15,120,0.01,layernorm,adamw,34,7671,0.94031,0.4708,11.8
4,1024,0.0,gelu,0.005,256,1,2,15,120,0.01,layernorm,adamw,34,7671,0.75672,0.6417,22.3
4,512,0.0,silu,0.003,256,1,2,15,120,0.01,no,adamw,34,7671,0.63779,0.5241,27.2
3,1024,0.0,silu,0.003,256,1,2,15,120,0.01,no,adamw,34,7671,0.82444,0.7373,17.2
4,1024,0.0,silu,0.005,512,1,2,15,120,0.01,no,adamw,34,7671,0.90646,0.3078,12.8
4,512,0.1,silu,0.002,512,1,2,15,120,0.01,layernorm,adamw,34,7671,0.95363,0.4768,17.2
3,512,0.0,gelu,0.003,256,1,2,15,120,0.01,no,adamw,34,7671,0.84651,0.5039,27.1
3,512,0.1,gelu,0.002,512,1,2,15,80,0.01,layernorm,adamw,34,7671,0.95949,0.2146,10.9
3,1024,0.1,silu,0.008,256,1,2,15,120,0.01,layernorm,adamw,34,7671,0.7369,0.6028,20.2
4,1024,0.1,gelu,0.003,512,1,2,15,80,0.01,no,adamw,34,7671,0.87573,0.5948,8.5
4,1024,0.0,gelu,0.008,512,1,2,15,120,0.01,layernorm,adamw,34,7671,0.95006,0.2052,14.9
3,1024,0.1,gelu,0.005,256,1,2,15,120,0.01,no,adamw,34,7671,0.85932,0.4479,14.3
3,512,0.1,gelu,0.008,256,1,2,15,120,0.01,no,adamw,34,7671,0.80213,0.2274,21.2
4,512,0.0,silu,0.003,256,1,2,15,80,0.01,layernorm,adamw,34,7671,0.81105,0.5889,18.4
4,1024,0.0,gelu,0.003,256,1,2,15,80,0.01,layernorm,adamw,34,7671,0.72815,0.4764,15.4
3,512,0.1,gelu,0.008,256,1,2,15,120,0.01,layernorm,adamw,34,7671,0.75672,0.629,29.5
3,1024,0.0,silu,0.008,512,1,2,15,120,0.01,no,adamw,34,7671,0.95777,0.2907,9.0
3,512,0.0,silu,0.005,256,1,2,15,120,0.01,no,adamw,34,7671,0.9994,0.657,28.1
4,1024,0.1,silu,0.002,256,1,2,15,80,0.01,no,adamw,34,7671,0.91219,0.3884,14.4
3,512,0.1,silu,0.002,256,1,2,15,80,0.01,layernorm,adamw,34,7671,0.82921,0.3962,21.5
4,1024,0.1,gelu,0.003,512,1,2,15,120,0.01,layernorm,adamw,34,7671,0.76717,0.4234,15.9
4,512,0.1,silu,0.008,512,1,2,15,80,0.01,layernorm,adamw,34,7671,0.98497,0.5464,13.6
4,512,0.0,silu,0.005,512,1,2,15,120,0.01,no,adamw,34,7671,0.84652,0.7095,12.1
4,512,0.1,silu,0.003,256,1,2,15,120,0.01,layernorm,adamw,34,7671,0.79856,0.5371,36.3
3,1024,0.1,silu,0.008,512,1,2,15,120,0.01,no,adamw,34,7671,0.98759,0.2862,13.1
4,512,0.1,silu,0.008,256,1,2,15,80,0.01,layernorm,adamw,34,7671,0.78475,0.1823,27.4
4,512,0.0,gelu,0.003,512,1,2,15,120,0.01,layernorm,adamw,34,7671,0.79572,0.5729,14.6
3,512,0.1,gelu,0.008,512,1,2,15,80,0.01,layernorm,adamw,34,7671,0.80256,0.6732,13.6
3,1024,0.1,silu,0.008,256,1,2,15,120,0.01,no,adamw,34,7671,0.84771,0.3484,20.2
4,1024,0.1,gelu,0.005,256,1,2,15,120,0.01,layernorm,adamw,34,7671,0.7868,0.5274,35.4
3,512,0.1,gelu,0.003,512,1,2,15,120,0.01,no,adamw,34,7671,0.95996,0.179,15.2
3,512,0.0,silu,0.005,256,1,2,15,80,0.01,no,adamw,34,7671,0.91102,0.543,15.5
3,1024,0.1,gelu,0.005,512,1,2,15,80,0.01,layernorm,adamw,34,7671,0.90599,0.4308,7.9
3,512,0.0,silu,0.003,512,1,2,15,120,0.01,layernorm,adamw,34,7671,0.9714,0.1553,13.1
3,512,0.1,silu,0.003,256,1,2,15,80,0.01,no,adamw,34,7671,0.85985,0.517,13.2
3,1024,0.1,silu,0.008,512,1,2,15,80,0.01,no,adamw,34,7671,0.96376,0.2462,6.6
3,512,0.1,silu,0.003,512,1,2,15,120,0.01,layernorm,adamw,34,7671,0.81258,0.5542,16.1
3,1024,0.1,silu,0.008,512,1,2,15,80,0.01,layernorm,adamw,34,7671,0.86826,0.4643,9.1
3,512,0.0,gelu,0.008,512,1,2,15,120,0.01,no,adamw,34,7671,0.92579,0.441,11.0
4,512,0.1,gelu,0.005,512,1,2,15,120,0.01,no,adamw,34,7671,0.93467,0.2336,11.8
4,1024,0.1,silu,0.002,256,1,2,15,120,0.01,no,adamw,34,7671,0.70933,0.2767,20.8
4,1024,0.0,gelu,0.002,256,1,2,15,80,0.01,no,adamw,34,7671,0.78932,0.6938,13.6
4,512,0.1,gelu,0.005,512,1,2,15,80,0.01,layernorm,adamw,34,7671,0.86319,0.5125,15.0
3,1024,0.0,silu,0.008,256,1,2,15,80,0.01,layernorm,adamw,34,7671,0.93074,0.4323,14.9
3,512,0.1,silu,0.003,512,1,2,15,80,0.01,no,adamw,34,7671,0.77893,0.5662,9.7
4,1024,0.1,gelu,0.003,256,1,2,15,80,0.01,no,adamw,34,7671,0.90932,0.3553,16.0
4,512,0.0,gelu,0.008,256,1,2,15,120,0.01,layernorm,adamw,34,7671,0.69804,0.6212,25.0
4,1024,0.1,gelu,0.003,512,1,2,15,80,0.01,layernorm,adamw,34,7671,0.81535,0.5676,9.4
4,512,0.1,silu,0.005,512,1,2,15,120,0.01,no,adamw,34,7671,0.63508,0.4605,13.7
4,512,0.1,gelu,0.002,512,1,2,15,120,0.01,no,adamw,34,7671,0.81613,0.528,14.7
3,512,0.1,silu,0.002,512,1,2,15,80,0.01,layernorm,adamw,34,7671,0.93557,0.4221,13.5
4,512,0.0,silu,0.008,512,1,2,15,80,0.01,layernorm,adamw,34,7671,0.88318,0.6287,9.5
3,1024,0.1,gelu,0.003,512,1,2,15,120,0.01,layernorm,adamw,34,7671,0.88948,0.3614,13.9
3,512,0.0,silu,0.008,512,1,2,15,80,0.01,layernorm,adamw,34,7671,0.74649,0.576,8.2
4,1024,0.0,gelu,0.003,256,1,2,15,120,0.01,layernorm,adamw,34,7671,0.77918,0.7143,26.1
4,512,0.0,silu,0.005,256,1,2,15,80,0.01,no,adamw,34,7671,0.81005,0.5635,15.2
4,1024,0.0,silu,0.008,512,1,2,15,80,0.01,no,adamw,34,7671,1.17702,0.0651,8.3
4,1024,0.1,gelu,0.008,256,1,2,15,120,0.01,layernorm,adamw,34,7671,0.74119,0.44,28.6
3,512,0.0,gelu,0.003,256,1,2,15,80,0.01,no,adamw,34,7671,0.96329,0.5371,15.0
4,1024,0.1,silu,0.002,256,1,2,15,80,0.01,layernorm,adamw,34,7671,0.75152,0.4915,21.4
3,512,0.1,gelu,0.008,512,1,2,15,120,0.01,layernorm,adamw,34,7671,0.87946,0.6644,15.7
3,1024,0.0,gelu,0.003,256,1,2,15,80,0.01,layernorm,adamw,34,7671,0.84492,0.3849,13.8
3,512,0.1,gelu,0.008,256,1,3,15,80,0.01,layernorm,adamw,36,7671,0.95311,0.637,24.3
4,1024,0.0,silu,0.008,512,1,3,15,80,0.01,no,adamw,36,7671,1.39603,0.0047,9.4
4,512,0.1,gelu,0.003,512,1,3,15,120,0.01,no,adamw,36,7671,0.83714,0.6076,16.5
3,1024,0.0,gelu,0.005,512,1,3,15,80,0.01,no,adamw,36,7671,1.09061,0.427,8.2
4,1024,0.1,silu,0.003,512,1,3,15,80,0.01,no,adamw,36,7671,0.78354,0.4164,9.4
4,1024,0.1,silu,0.002,512,1,3,15,80,0.01,no,adamw,36,7671,0.86585,0.5975,8.3
3,1024,0.1,silu,0.008,256,1,3,15,80,0.01,layernorm,adamw,36,7671,0.75252,0.5815,18.3
3,1024,0.1,gelu,0.002,256,1,3,15,120,0.01,no,adamw,36,7671,0.92302,0.5087,18.7
3,512,0.0,silu,0.003,512,1,3,15,80,0.01,layernorm,adamw,36,7671,0.9874,0.34,8.5
4,1024,0.1,silu,0.003,512,1,3,15,120,0.01,layernorm,adamw,36,7671,0.80568,0.6499,15.1
3,1024,0.1,silu,0.005,512,1,3,15,80,0.01,layernorm,adamw,36,7671,1.00209,0.1592,10.3
4,1024,0.0,gelu,0.008,512,1,3,15,80,0.01,layernorm,adamw,36,7671,0.87402,0.4368,11.3
3,512,0.1,silu,0.008,512,1,3,15,80,0.01,no,adamw,36,7671,0.87588,0.2916,8.6
3,512,0.1,gelu,0.003,256,1,3,15,120,0.01,no,adamw,36,7671,0.86531,0.4282,19.6
3,512,0.1,silu,0.005,256,1,3,15,80,0.01,no,adamw,36,7671,0.78187,0.5341,13.9
4,1024,0.1,gelu,0.002,512,1,3,15,120,0.01,no,adamw,36,7671,0.84376,0.5364,10.8
3,1024,0.1,gelu,0.002,512,1,3,15,120,0.01,layernorm,adamw,36,7671,0.87586,0.4542,12.2
4,512,0.0,silu,0.003,256,1,3,15,120,0.01,layernorm,adamw,36,7671,0.85491,0.4127,22.9
4,512,0.1,gelu,0.003,256,1,3,15,120,0.01,layernorm,adamw,36,7671,0.73227,0.6972,40.3
3,512,0.1,gelu,0.005,512,1,3,15,80,0.01,layernorm,adamw,36,7671,0.95795,0.5017,11.1
4,512,0.0,silu,0.008,512,1,3,15,80,0.01,no,adamw,36,7671,0.77382,0.3391,10.0
4,1024,0.0,gelu,0.002,256,1,3,15,120,0.01,no,adamw,36,7671,0.79035,0.3692,21.5
3,512,0.1,silu,0.002,256,1,3,15,120,0.01,layernorm,adamw,36,7671,1.02748,0.5053,34.7
3,512,0.0,gelu,0.002,256,1,3,15,80,0.01,layernorm,adamw,36,7671,0.80929,0.6131,15.8
4,512,0.0,silu,0.005,256,1,3,15,120,0.01,no,adamw,36,7671,0.78993,0.5942,31.2
4,1024,0.1,gelu,0.005,512,1,3,15,80,0.01,no,adamw,36,7671,1.22093,0.4256,9.4
4,512,0.0,silu,0.003,256,1,3,15,80,0.01,layernorm,adamw,36,7671,0.85187,0.1407,20.9
3,512,0.1,silu,0.002,256,1,3,15,120,0.01,no,adamw,36,7671,0.81229,0.6053,22.3
3,512,0.1,silu,0.003,512,1,3,15,80,0.01,no,adamw,36,7671,0.88012,0.3562,10.7
4,1024,0.0,gelu,0.008,512,1,3,15,120,0.01,layernorm,adamw,36,7671,0.86425,0.5498,19.8
4,512,0.1,silu,0.005,512,1,3,15,80,0.01,no,adamw,36,7671,0.93866,0.5941,10.1
3,1024,0.0,gelu,0.005,256,1,3,15,80,0.01,no,adamw,36,7671,1.03032,0.5612,15.0
4,1024,0.1,gelu,0.005,256,1,3,15,80,0.01,no,adamw,36,7671,0.85622,0.198,14.6
4,512,0.1,silu,0.005,512,1,3,15,120,0.01,layernorm,adamw,36,7671,0.90761,0.2375,14.7
4,512,0.0,silu,0.005,512,1,3,15,120,0.01,layernorm,adamw,36,7671,0.82387,0.4276,12.1
4,1024,0.1,gelu,0.002,256,1,3,15,80,0.01,layernorm,adamw,36,7671,0.74169,0.4354,22.4
4,1024,0.1,silu,0.008,256,1,3,15,120,0.01,no,adamw,36,7671,1.22987,0.0003,23.3
4,1024,0.0,silu,0.005,256,1,3,15,120,0.01,layernorm,adamw,36,7671,0.78546,0.3271,20.8
4,512,0.0,silu,0.005,512,1,3,15,120,0.01,no,adamw,36,7671,0.88778,0.7023,11.6
3,1024,0.1,gelu,0.003,256,1,3,15,80,0.01,layernorm,adamw,36,7671,0.83906,0.4209,15.3
3,512,0.1,gelu,0.003,256,1,3,15,80,0.01,no,adamw,36,7671,0.85373,0.1959,15.7
3,1024,0.1,silu,0.003,256,1,3,15,120,0.01,layernorm,adamw,36,7671,0.78976,0.5068,25.0
4,512,0.0,gelu,0.002,512,1,3,15,120,0.01,layernorm,adamw,36,7671,0.76285,0.44,13.0
3,1024,0.1,silu,0.003,256,1,3,15,120,0.01,no,adamw,36,7671,0.7644,0.5448,22.5
4,1024,0.0,silu,0.008,256,1,3,15,80,0.01,layernorm,adamw,36,7671,0.9586,0.4309,14.1
3,512,0.0,silu,0.003,256,1,3,15,120,0.01,layernorm,adamw,36,7671,0.94821,0.5372,21.1
3,1024,0.0,gelu,0.005,512,1,3,15,120,0.01,no,adamw,36,7671,1.00464,0.3999,12.9
3,1024,0.1,silu,0.008,256,1,3,15,80,0.01,no,adamw,36,7671,0.93127,0.3907,13.5
4,512,0.1,silu,0.005,256,1,3,15,80,0.01,no,adamw,36,7671,0.74854,0.2257,15.2
4,512,0.0,silu,0.002,256,1,3,15,120,0.01,no,adamw,36,7671,0.89323,0.793,22.8
4,512,0.0,gelu,0.005,512,1,3,15,120,0.01,layernorm,adamw,36,7671,0.86823,0.4549,10.7
3,1024,0.0,silu,0.002,256,1,3,15,120,0.01,no,adamw,36,7671,0.91277,0.6537,20.6
3,1024,0.0,gelu,0.003,256,1,3,15,80,0.01,layernorm,adamw,36,7671,0.88098,0.4123,14.8
4,512,0.1,silu,0.003,256,1,3,15,80,0.01,layernorm,adamw,36,7671,0.78957,0.4705,24.2
3,512,0.1,gelu,0.002,256,1,3,15,120,0.01,layernorm,adamw,36,7671,0.88295,0.5796,33.0
3,1024,0.1,silu,0.005,256,1,3,15,120,0.01,layernorm,adamw,36,7671,0.79253,0.6721,21.2
3,512,0.0,gelu,0.003,512,1,3,15,120,0.01,no,adamw,36,7671,0.99806,0.5563,13.3
3,512,0.1,gelu,0.003,512,1,3,15,80,0.01,no,adamw,36,7671,1.11055,0.4327,9.1
4,512,0.1,silu,0.002,512,1,3,15,120,0.01,layernorm,adamw,36,7671,0.80073,0.404,16.6
3,1024,0.1,gelu,0.003,512,1,3,15,120,0.01,layernorm,adamw,36,7671,0.974,0.4405,12.8
4,512,0.0,silu,0.008,256,1,3,15,120,0.01,layernorm,adamw,36,7671,0.86095,0.6663,19.1
4,512,0.0,silu,0.003,256,1,3,15,120,0.01,no,adamw,36,7671,0.91975,0.2141,25.3
3,1024,0.1,silu,0.003,512,1,3,15,120,0.01,layernorm,adamw,36,7671,0.8773,0.4655,12.0
3,512,0.0,gelu,0.003,512,1,3,15,120,0.01,layernorm,adamw,36,7671,0.98875,0.4379,10.8
4,1024,0.1,silu,0.003,256,1,5,15,80,0.01,layernorm,adamw,40,7671,0.90006,0.1779,21.3
3,512,0.0,gelu,0.002,256,1,5,15,120,0.01,layernorm,adamw,40,7671,0.8817,0.5277,19.6
4,1024,0.1,gelu,0.002,256,1,5,15,80,0.01,layernorm,adamw,40,7671,0.84,0.554,19.7
3,512,0.0,gelu,0.005,256,1,5,15,120,0.01,layernorm,adamw,40,7671,0.89604,0.1716,18.2
4,512,0.1,silu,0.008,256,1,5,15,80,0.01,no,adamw,40,7671,0.95046,0.2926,12.9
4,1024,0.1,gelu,0.008,256,1,5,15,120,0.01,no,adamw,40,7671,0.89948,0.1979,21.0
3,1024,0.1,gelu,0.003,512,1,5,15,80,0.01,layernorm,adamw,40,7671,0.92805,0.5818,10.1
4,512,0.0,gelu,0.003,256,1,5,15,80,0.01,layernorm,adamw,40,7671,1.00577,0.1362,16.1
3,1024,0.0,gelu,0.002,512,1,5,15,80,0.01,no,adamw,40,7671,0.95526,0.3751,8.6
3,512,0.1,gelu,0.002,512,1,5,15,120,0.01,no,adamw,40,7671,0.9318,0.531,14.9
4,1024,0.0,gelu,0.008,256,1,5,15,80,0.01,no,adamw,40,7671,1.03317,0.181,14.4
3,512,0.0,silu,0.005,256,1,5,15,80,0.01,layernorm,adamw,40,7671,0.90189,0.4796,11.5
3,1024,0.1,silu,0.002,512,1,5,15,80,0.01,no,adamw,40,7671,0.88499,0.367,6.3
3,1024,0.1,silu,0.008,256,1,5,15,120,0.01,no,adamw,40,7671,0.8382,0.3845,17.6
3,1024,0.0,gelu,0.003,512,1,5,15,80,0.01,layernorm,adamw,40,7671,0.91309,0.1416,12.4
4,512,0.0,silu,0.002,256,1,5,15,80,0.01,layernorm,adamw,40,7671,0.76592,0.5788,16.5
4,512,0.1,gelu,0.005,512,1,5,15,80,0.01,no,adamw,40,7671,0.9967,0.3207,10.4
4,1024,0.1,gelu,0.005,256,1,5,15,80,0.01,no,adamw,40,7671,0.98312,0.3978,14.7
4,1024,0.0,silu,0.008,512,1,5,15,80,0.01,no,adamw,40,7671,1.25659,0.0056,9.5
4,1024,0.0,silu,0.002,512,1,5,15,120,0.01,no,adamw,40,7671,0.95294,0.5505,12.7
4,512,0.1,silu,0.003,512,1,5,15,80,0.01,no,adamw,40,7671,0.88015,0.6524,11.4
4,1024,0.0,silu,0.003,512,1,5,15,80,0.01,no,adamw,40,7671,0.99135,0.4538,11.3
4,512,0.1,gelu,0.005,512,1,5,15,80,0.01,layernorm,adamw,40,7671,0.9297,0.0961,13.1
3,512,0.0,silu,0.003,256,1,5,15,80,0.01,no,adamw,40,7671,0.90959,0.4457,19.8
3,1024,0.0,silu,0.003,256,1,5,15,120,0.01,layernorm,adamw,40,7671,0.89573,0.5231,20.5
3,1024,0.1,silu,0.003,512,1,5,15,120,0.01,layernorm,adamw,40,7671,0.85528,0.5409,14.1
4,1024,0.1,gelu,0.008,256,1,5,15,120,0.01,layernorm,adamw,40,7671,0.7931,0.6454,29.2
4,512,0.1,silu,0.003,512,1,5,15,120,0.01,layernorm,adamw,40,7671,0.97073,0.3433,15.2
3,512,0.0,silu,0.005,256,1,5,15,120,0.01,layernorm,adamw,40,7671,0.91742,0.4123,21.1
3,1024,0.0,silu,0.005,256,1,5,15,80,0.01,layernorm,adamw,40,7671,0.8742,0.4617,15.7
3,512,0.1,silu,0.003,256,1,5,15,120,0.01,no,adamw,40,7671,0.86213,0.5839,22.8
4,512,0.1,silu,0.002,256,1,5,15,80,0.01,layernorm,adamw,40,7671,0.87338,0.4326,24.1
3,512,0.1,silu,0.002,256,1,5,15,80,0.01,layernorm,adamw,40,7671,0.99738,0.2332,25.2
3,1024,0.0,gelu,0.002,256,1,5,15,80,0.01,layernorm,adamw,40,7671,0.8522,0.4884,16.3
3,512,0.0,gelu,0.003,512,1,5,15,80,0.01,no,adamw,40,7671,1.12901,0.4706,8.1
4,512,0.0,silu,0.005,512,1,5,15,80,0.01,no,adamw,40,7671,0.96725,0.6242,9.3
4,1024,0.1,silu,0.002,512,1,5,15,120,0.01,no,adamw,40,7671,0.92992,0.5087,11.9
3,512,0.1,gelu,0.008,512,1,5,15,120,0.01,layernorm,adamw,40,7671,0.8047,0.6297,16.6
4,512,0.0,gelu,0.008,512,1,5,15,80,0.01,no,adamw,40,7671,0.81459,0.569,7.9
3,1024,0.0,gelu,0.003,512,1,5,15,80,0.01,no,adamw,40,7671,0.94893,0.4,6.2
4,512,0.1,gelu,0.002,256,1,5,15,80,0.01,no,adamw,40,7671,1.01291,0.5235,17.4
4,512,0.0,gelu,0.003,256,1,5,15,120,0.01,no,adamw,40,7671,1.00175,0.2325,28.1
3,1024,0.0,silu,0.002,256,1,5,15,120,0.01,layernorm,adamw,40,7671,0.86679,0.5542,23.5
3,512,0.1,silu,0.005,512,1,5,15,120,0.01,layernorm,adamw,40,7671,0.953,0.1664,17.7
4,512,0.0,gelu,0.002,256,1,5,15,80,0.01,layernorm,adamw,40,7671,0.82585,0.4978,14.2
3,1024,0.1,silu,0.002,256,1,5,15,120,0.01,no,adamw,40,7671,0.88032,0.4416,16.7
3,512,0.1,silu,0.003,512,1,5,15,120,0.01,layernorm,adamw,40,7671,0.85306,0.5335,19.7
3,512,0.1,silu,0.002,256,1,5,15,120,0.01,no,adamw,40,7671,0.98559,0.4364,24.6
3,1024,0.0,gelu,0.005,256,1,5,15,120,0.01,no,adamw,40,7671,1.06633,0.346,20.3
3,1024,0.1,silu,0.003,256,1,5,15,80,0.01,layernorm,adamw,40,7671,0.81539,0.3126,19.4
3,1024,0.0,silu,0.008,512,1,5,15,80,0.01,no,adamw,40,7671,0.9698,0.521,9.1
3,512,0.0,silu,0.008,512,1,5,15,120,0.01,no,adamw,40,7671,0.89181,0.5264,13.2
3,1024,0.0,silu,0.005,512,1,5,15,120,0.01,layernorm,adamw,40,7671,0.91986,0.421,17.9
4,512,0.1,gelu,0.005,256,1,5,15,120,0.01,no,adamw,40,7671,0.95612,0.0802,25.5
3,512,0.1,gelu,0.008,512,1,5,15,120,0.01,no,adamw,40,7671,1.10928,0.45,12.8
3,512,0.1,silu,0.002,512,1,5,15,80,0.01,layernorm,adamw,40,7671,0.98725,0.4499,10.9
4,1024,0.1,gelu,0.003,256,1,5,15,120,0.01,layernorm,adamw,40,7671,0.78087,0.414,24.3
4,1024,0.0,silu,0.002,256,1,5,15,120,0.01,layernorm,adamw,40,7671,0.79717,0.5446,21.1
3,512,0.1,silu,0.005,256,1,5,15,120,0.01,no,adamw,40,7671,0.8467,0.2944,27.0
3,512,0.1,gelu,0.008,256,1,5,15,80,0.01,layernorm,adamw,40,7671,0.85353,0.4252,23.6
4,512,0.1,silu,0.005,512,1,5,15,80,0.01,layernorm,adamw,40,7671,1.01493,0.1687,10.5
3,512,0.0,silu,0.002,256,1,5,15,120,0.01,no,adamw,40,7671,1.05694,0.3642,21.9
3,1024,0.0,silu,0.003,512,1,5,15,120,0.01,layernorm,adamw,40,7671,0.96399,0.4968,15.4
3,512,0.1,gelu,0.003,256,1,5,15,120,0.01,layernorm,adamw,40,7671,0.85,0.4025,35.6
3,1024,0.1,silu,0.003,256,2,2,15,120,0.01,no,adamw,44,7671,0.8407,0.4228,16.4
4,512,0.0,silu,0.008,512,2,2,15,80,0.01,layernorm,adamw,44,7671,0.83852,0.1097,8.0
4,512,0.0,silu,0.008,256,2,2,15,80,0.01,no,adamw,44,7671,0.90656,0.4335,16.9
3,1024,0.0,silu,0.008,256,2,2,15,120,0.01,layernorm,adamw,44,7671,0.78175,0.3829,18.4
4,1024,0.0,gelu,0.002,256,2,2,15,120,0.01,no,adamw,44,7671,0.71998,0.4092,20.4
3,1024,0.1,silu,0.005,512,2,2,15,120,0.01,layernorm,adamw,44,7671,0.85442,0.4089,11.9
3,1024,0.1,gelu,0.002,512,2,2,15,80,0.01,no,adamw,44,7671,0.84894,0.3921,6.7
4,512,0.0,silu,0.005,256,2,2,15,80,0.01,no,adamw,44,7671,0.6907,0.4056,15.4
3,1024,0.0,gelu,0.003,512,2,2,15,80,0.01,layernorm,adamw,44,7671,0.90275,0.3809,11.9
3,512,0.0,silu,0.008,256,2,2,15,120,0.01,no,adamw,44,7671,0.96581,0.333,28.2
3,1024,0.1,silu,0.005,512,2,2,15,120,0.01,no,adamw,44,7671,0.8436,0.3622,14.8
4,1024,0.1,gelu,0.002,512,2,2,15,120,0.01,no,adamw,44,7671,0.75077,0.4121,10.5
4,512,0.0,gelu,0.008,256,2,2,15,120,0.01,layernorm,adamw,44,7671,0.70111,0.4133,21.6
4,512,0.0,gelu,0.002,256,2,2,15,120,0.01,layernorm,adamw,44,7671,0.75732,0.5389,21.8
4,1024,0.0,gelu,0.005,256,2,2,15,80,0.01,layernorm,adamw,44,7671,0.97371,0.4278,16.0
3,512,0.1,gelu,0.008,256,2,2,15,80,0.01,layernorm,adamw,44,7671,0.83374,0.4978,19.1
3,1024,0.1,gelu,0.002,256,2,2,15,120,0.01,layernorm,adamw,44,7671,0.85803,0.39,32.2
4,1024,0.1,silu,0.002,256,2,2,15,120,0.01,no,adamw,44,7671,0.75345,0.5229,21.9
4,1024,0.0,gelu,0.008,512,2,2,15,80,0.01,layernorm,adamw,44,7671,1.18413,0.5823,10.7
3,512,0.0,gelu,0.005,512,2,2,15,120,0.01,layernorm,adamw,44,7671,0.75643,0.3576,13.0
4,512,0.1,silu,0.002,256,2,2,15,80,0.01,layernorm,adamw,44,7671,0.79214,0.4452,28.0
3,512,0.1,silu,0.002,256,2,2,15,120,0.01,layernorm,adamw,44,7671,0.87744,0.339,31.7
3,512,0.0,gelu,0.002,512,2,2,15,80,0.01,layernorm,adamw,44,7671,0.90846,0.237,9.6
4,512,0.1,gelu,0.002,512,2,2,15,80,0.01,layernorm,adamw,44,7671,0.74813,0.387,13.6
4,512,0.1,silu,0.003,256,2,2,15,80,0.01,no,adamw,44,7671,0.69407,0.5787,17.0
3,512,0.0,gelu,0.005,256,2,2,15,120,0.01,layernorm,adamw,44,7671,0.84131,0.4585,21.6
4,512,0.1,silu,0.002,512,2,2,15,120,0.01,no,adamw,44,7671,0.81131,0.3983,16.6
4,512,0.1,silu,0.003,512,2,2,15,80,0.01,no,adamw,44,7671,0.89129,0.5839,8.3
4,512,0.0,gelu,0.002,256,2,2,15,80,0.01,no,adamw,44,7671,0.68948,0.5855,14.9
4,1024,0.0,silu,0.003,256,2,2,15,120,0.01,layernorm,adamw,44,7671,0.7256,0.4184,22.0
4,1024,0.0,silu,0.002,512,2,2,15,120,0.01,layernorm,adamw,44,7671,0.78378,0.414,14.8
3,1024,0.1,silu,0.005,256,2,2,15,120,0.01,no,adamw,44,7671,0.817,0.3343,17.4
3,512,0.1,gelu,0.008,256,2,2,15,80,0.01,no,adamw,44,7671,0.90594,0.1511,14.9
4,1024,0.1,gelu,0.003,256,2,2,15,120,0.01,no,adamw,44,7671,0.83211,0.2934,20.2
4,512,0.0,silu,0.005,512,2,2,15,80,0.01,layernorm,adamw,44,7671,0.82855,0.5545,8.9
3,1024,0.1,gelu,0.008,256,2,2,15,120,0.01,no,adamw,44,7671,0.82259,0.2586,19.9
4,512,0.0,gelu,0.003,256,2,2,15,80,0.01,layernorm,adamw,44,7671,0.79299,0.3989,17.0
4,1024,0.0,silu,0.005,512,2,2,15,120,0.01,no,adamw,44,7671,0.67163,0.3145,12.5
3,1024,0.0,silu,0.008,256,2,2,15,120,0.01,no,adamw,44,7671,0.76287,0.531,21.5
3,1024,0.0,gelu,0.005,512,2,2,15,80,0.01,layernorm,adamw,44,7671,0.98297,0.4984,10.6
3,512,0.0,gelu,0.003,256,2,2,15,120,0.01,layernorm,adamw,44,7671,0.85405,0.3768,20.4
3,1024,0.1,silu,0.003,512,2,2,15,120,0.01,layernorm,adamw,44,7671,0.84879,0.3895,13.2
3,512,0.0,silu,0.008,256,2,2,15,120,0.01,layernorm,adamw,44,7671,0.81365,0.3763,24.7
4,1024,0.1,gelu,0.002,256,2,2,15,80,0.01,no,adamw,44,7671,1.08884,0.2746,14.9
4,512,0.1,silu,0.008,512,2,2,15,80,0.01,layernorm,adamw,44,7671,0.79498,0.535,11.6
3,1024,0.0,gelu,0.008,512,2,2,15,120,0.01,layernorm,adamw,44,7671,0.91169,0.5068,15.0
4,1024,0.0,silu,0.008,256,2,2,15,120,0.01,layernorm,adamw,44,7671,0.6844,0.3491,23.7
4,512,0.0,silu,0.005,256,2,2,15,120,0.01,no,adamw,44,7671,0.74291,0.5233,24.1
4,1024,0.1,silu,0.002,256,2,2,15,120,0.01,layernorm,adamw,44,7671,0.70893,0.5593,34.1
3,512,0.1,silu,0.003,256,2,2,15,80,0.01,layernorm,adamw,44,7671,0.78706,0.3657,31.2
3,512,0.0,silu,0.005,512,2,2,15,120,0.01,layernorm,adamw,44,7671,0.87763,0.3251,11.9
4,512,0.1,silu,0.003,256,2,2,15,120,0.01,layernorm,adamw,44,7671,0.6215,0.5034,33.0
4,1024,0.1,silu,0.008,512,2,2,15,120,0.01,no,adamw,44,7671,0.65331,0.3339,11.1
4,512,0.1,gelu,0.005,256,2,2,15,80,0.01,no,adamw,44,7671,0.80228,0.4026,18.6
4,512,0.0,gelu,0.008,256,2,2,15,120,0.01,no,adamw,44,7671,0.82558,0.3718,23.4
3,1024,0.0,silu,0.002,256,2,2,15,80,0.01,no,adamw,44,7671,0.8251,0.3603,10.8
3,512,0.1,silu,0.005,512,2,2,15,80,0.01,layernorm,adamw,44,7671,0.78874,0.456,11.0
3,1024,0.0,silu,0.005,256,2,2,15,80,0.01,layernorm,adamw,44,7671,0.79646,0.2941,11.9
3,512,0.1,gelu,0.002,512,2,2,15,80,0.01,layernorm,adamw,44,7671,0.84518,0.4684,10.1
4,1024,0.1,silu,0.002,512,2,2,15,120,0.01,no,adamw,44,7671,0.74314,0.5332,10.9
4,1024,0.1,silu,0.008,256,2,2,15,80,0.01,no,adamw,44,7671,1.10899,0.0181,13.7
3,512,0.0,gelu,0.003,512,2,2,15,80,0.01,no,adamw,44,7671,0.87286,0.4258,9.3
4,512,0.1,silu,0.002,256,2,2,15,120,0.01,layernorm,adamw,44,7671,0.62836,0.3785,33.4
3,512,0.1,silu,0.005,256,2,2,15,120,0.01,no,adamw,44,7671,0.75256,0.2597,24.5
4,512,0.0,gelu,0.003,256,2,3,15,80,0.01,no,adamw,46,7671,1.09239,0.4649,17.7
3,512,0.1,gelu,0.005,512,2,3,15,80,0.01,no,adamw,46,7671,0.86392,0.2983,9.5
4,1024,0.1,gelu,0.002,256,2,3,15,80,0.01,no,adamw,46,7671,0.80682,0.3349,14.0
4,1024,0.0,gelu,0.002,256,2,3,15,80,0.01,layernorm,adamw,46,7671,0.78287,0.548,18.2
3,512,0.0,silu,0.003,512,2,3,15,120,0.01,layernorm,adamw,46,7671,0.91629,0.4736,14.9
4,1024,0.0,gelu,0.008,512,2,3,15,120,0.01,no,adamw,46,7671,1.00693,0.1398,13.8
3,1024,0.0,gelu,0.002,256,2,3,15,120,0.01,layernorm,adamw,46,7671,0.95091,0.3481,19.2
4,1024,0.0,gelu,0.005,256,2,3,15,120,0.01,no,adamw,46,7671,0.87213,0.4943,19.4
3,1024,0.0,silu,0.002,512,2,3,15,80,0.01,layernorm,adamw,46,7671,0.86705,0.3427,9.1
4,1024,0.0,gelu,0.003,256,2,3,15,80,0.01,no,adamw,46,7671,0.83577,0.5448,13.9
4,1024,0.1,silu,0.003,256,2,3,15,80,0.01,layernorm,adamw,46,7671,0.77859,0.4909,17.2
3,1024,0.1,gelu,0.008,256,2,3,15,80,0.01,no,adamw,46,7671,0.8026,0.3313,17.3
3,512,0.0,gelu,0.005,256,2,3,15,120,0.01,layernorm,adamw,46,7671,0.85544,0.3288,23.1
4,1024,0.1,silu,0.003,256,2,3,15,120,0.01,no,adamw,46,7671,0.70308,0.5175,22.7
4,1024,0.0,silu,0.008,256,2,3,15,80,0.01,no,adamw,46,7671,1.21735,0.0148,13.0
3,1024,0.0,gelu,0.005,512,2,3,15,120,0.01,no,adamw,46,7671,1.0331,0.3852,9.7
3,512,0.0,gelu,0.008,512,2,3,15,80,0.01,no,adamw,46,7671,0.88653,0.3275,8.9
4,512,0.1,gelu,0.008,512,2,3,15,120,0.01,no,adamw,46,7671,1.05499,0.2917,9.9
3,512,0.1,gelu,0.005,256,2,3,15,80,0.01,no,adamw,46,7671,0.81872,0.4232,11.2
3,512,0.1,gelu,0.005,512,2,3,15,120,0.01,no,adamw,46,7671,0.83871,0.388,13.9
3,1024,0.1,gelu,0.003,512,2,3,15,120,0.01,layernorm,adamw,46,7671,0.85115,0.4698,12.1
3,512,0.0,gelu,0.005,512,2,3,15,80,0.01,no,adamw,46,7671,0.95955,0.5916,7.6
3,512,0.1,silu,0.008,256,2,3,15,120,0.01,no,adamw,46,7671,0.78201,0.3418,23.0
4,512,0.0,gelu,0.008,256,2,3,15,80,0.01,layernorm,adamw,46,7671,0.74676,0.524,16.0
3,1024,0.1,gelu,0.003,512,2,3,15,80,0.01,no,adamw,46,7671,0.96861,0.5104,9.0
4,512,0.0,gelu,0.002,256,2,3,15,120,0.01,layernorm,adamw,46,7671,0.7733,0.6187,20.4
4,512,0.1,silu,0.005,256,2,3,15,80,0.01,no,adamw,46,7671,0.73916,0.6217,18.7
4,1024,0.0,gelu,0.002,512,2,3,15,80,0.01,no,adamw,46,7671,0.94529,0.5343,11.7
3,512,0.0,silu,0.003,512,2,3,15,80,0.01,no,adamw,46,7671,0.85313,0.397,12.9
4,512,0.1,silu,0.002,512,2,3,15,80,0.01,no,adamw,46,7671,0.88106,0.5141,10.3
4,512,0.0,silu,0.003,512,2,3,15,80,0.01,layernorm,adamw,46,7671,0.81333,0.4192,7.5
3,1024,0.0,silu,0.008,512,2,3,15,120,0.01,no,adamw,46,7671,1.14074,0.3432,11.3
3,512,0.0,gelu,0.002,256,2,3,15,80,0.01,no,adamw,46,7671,0.87185,0.4205,18.7
4,512,0.1,silu,0.002,256,2,3,15,80,0.01,layernorm,adamw,46,7671,0.77402,0.4253,25.2
4,512,0.1,gelu,0.002,256,2,3,15,120,0.01,layernorm,adamw,46,7671,0.84498,0.5065,32.8
4,512,0.0,gelu,0.005,512,2,3,15,120,0.01,layernorm,adamw,46,7671,0.90558,0.5601,10.8
4,512,0.0,gelu,0.005,256,2,3,15,80,0.01,no,adamw,46,7671,0.8895,0.6605,20.0
4,512,0.0,gelu,0.003,256,2,3,15,80,0.01,layernorm,adamw,46,7671,0.85808,0.4467,16.1
4,1024,0.0,gelu,0.002,256,2,3,15,80,0.01,no,adamw,46,7671,0.81115,0.4921,13.8
4,1024,0.1,silu,0.002,512,2,3,15,80,0.01,no,adamw,46,7671,0.90487,0.3528,8.2
4,1024,0.1,gelu,0.005,512,2,3,15,120,0.01,layernorm,adamw,46,7671,0.80328,0.5916,13.7
4,512,0.0,silu,0.005,256,2,3,15,80,0.01,layernorm,adamw,46,7671,0.83671,0.5012,18.7
4,512,0.0,silu,0.003,256,2,3,15,120,0.01,layernorm,adamw,46,7671,0.73327,0.4488,21.8
3,1024,0.0,silu,0.002,256,2,3,15,120,0.01,no,adamw,46,7671,0.88207,0.6085,20.6
3,512,0.0,gelu,0.002,512,2,3,15,120,0.01,layernorm,adamw,46,7671,1.00258,0.3731,11.1
4,512,0.0,gelu,0.003,256,2,3,15,120,0.01,layernorm,adamw,46,7671,0.79486,0.4577,26.6
4,1024,0.1,gelu,0.008,512,2,3,15,120,0.01,layernorm,adamw,46,7671,0.82306,0.5017,16.5
3,1024,0.0,silu,0.003,512,2,3,15,120,0.01,layernorm,adamw,46,7671,0.83432,0.4374,15.4
4,1024,0.1,silu,0.003,512,2,3,15,120,0.01,layernorm,adamw,46,7671,0.75629,0.4973,13.9
3,1024,0.1,silu,0.002,256,2,3,15,120,0.01,no,adamw,46,7671,0.78571,0.5102,19.8
3,1024,0.0,gelu,0.002,256,2,3,15,80,0.01,layernorm,adamw,46,7671,0.86488,0.3295,16.6
4,1024,0.0,silu,0.002,256,2,3,15,120,0.01,no,adamw,46,7671,0.75053,0.5529,26.5
4,1024,0.0,gelu,0.005,256,2,3,15,80,0.01,no,adamw,46,7671,1.04928,0.2248,14.6
4,512,0.1,gelu,0.005,512,2,3,15,120,0.01,no,adamw,46,7671,0.77806,0.2974,10.5
3,1024,0.1,silu,0.003,512,2,3,15,120,0.01,no,adamw,46,7671,0.86508,0.2883,10.5
4,512,0.1,gelu,0.008,512,2,3,15,80,0.01,no,adamw,46,7671,0.82973,0.4832,8.6
3,512,0.1,gelu,0.002,512,2,3,15,120,0.01,no,adamw,46,7671,0.85311,0.3551,13.3
4,512,0.1,silu,0.003,512,2,3,15,120,0.01,no,adamw,46,7671,0.75901,0.4831,12.9
4,512,0.1,silu,0.008,256,2,3,15,80,0.01,layernorm,adamw,46,7671,0.75982,0.5034,24.9
3,1024,0.1,silu,0.003,256,2,3,15,80,0.01,no,adamw,46,7671,0.84868,0.2984,12.4
4,512,0.1,gelu,0.005,512,2,3,15,80,0.01,no,adamw,46,7671,0.81403,0.5296,8.4
4,512,0.1,silu,0.008,256,2,3,15,80,0.01,no,adamw,46,7671,0.72453,0.4785,16.3
4,512,0.0,gelu,0.005,256,2,3,15,120,0.01,no,adamw,46,7671,0.92437,0.5554,30.0
3,1024,0.1,gelu,0.008,512,2,3,15,120,0.01,no,adamw,46,7671,0.76128,0.2612,13.4
4,1024,0.0,silu,0.008,512,2,5,15,80,0.01,layernorm,adamw,50,7671,1.04218,0.5113,14.6
3,1024,0.0,gelu,0.005,512,2,5,15,80,0.01,layernorm,adamw,50,7671,0.82005,0.418,10.8
3,512,0.1,silu,0.008,512,2,5,15,120,0.01,no,adamw,50,7671,0.82864,0.3977,13.1
4,1024,0.1,gelu,0.008,512,2,5,15,80,0.01,layernorm,adamw,50,7671,0.76124,0.4779,12.6
4,1024,0.1,gelu,0.005,256,2,5,15,80,0.01,layernorm,adamw,50,7671,0.78961,0.4064,22.0
3,1024,0.1,silu,0.005,256,2,5,15,80,0.01,layernorm,adamw,50,7671,0.83393,0.5891,18.7
3,512,0.0,silu,0.002,256,2,5,15,120,0.01,no,adamw,50,7671,0.8761,0.4686,26.0
3,1024,0.1,silu,0.005,256,2,5,15,80,0.01,no,adamw,50,7671,0.83195,0.3338,13.7
3,1024,0.1,silu,0.002,512,2,5,15,80,0.01,no,adamw,50,7671,0.91431,0.3102,8.1
4,512,0.1,gelu,0.005,512,2,5,15,120,0.01,no,adamw,50,7671,0.91803,0.5043,11.7
3,512,0.0,silu,0.005,512,2,5,15,120,0.01,no,adamw,50,7671,0.7608,0.5455,12.1
4,1024,0.1,silu,0.002,512,2,5,15,120,0.01,layernorm,adamw,50,7671,0.83212,0.5579,15.6
4,512,0.1,silu,0.005,256,2,5,15,120,0.01,no,adamw,50,7671,0.87651,0.5653,26.3
4,1024,0.1,gelu,0.008,512,2,5,15,120,0.01,no,adamw,50,7671,0.83092,0.4059,11.8
3,1024,0.1,gelu,0.003,256,2,5,15,120,0.01,layernorm,adamw,50,7671,0.78432,0.508,25.3
4,512,0.0,gelu,0.003,512,2,5,15,120,0.01,no,adamw,50,7671,0.87701,0.3642,13.5
4,1024,0.0,silu,0.002,256,2,5,15,80,0.01,no,adamw,50,7671,0.85996,0.505,11.9
4,1024,0.0,gelu,0.002,512,2,5,15,80,0.01,layernorm,adamw,50,7671,0.77795,0.4838,12.4
3,1024,0.1,gelu,0.008,512,2,5,15,80,0.01,layernorm,adamw,50,7671,0.80017,0.4964,8.6
4,1024,0.0,silu,0.002,256,2,5,15,120,0.01,no,adamw,50,7671,0.87241,0.5513,22.0
3,1024,0.0,silu,0.005,512,2,5,15,80,0.01,no,adamw,50,7671,0.82087,0.4353,6.6
3,512,0.0,gelu,0.008,256,2,5,15,80,0.01,layernorm,adamw,50,7671,0.84332,0.437,12.7
3,1024,0.0,silu,0.003,256,2,5,15,120,0.01,no,adamw,50,7671,0.78555,0.5226,18.6
3,1024,0.0,silu,0.003,512,2,5,15,80,0.01,layernorm,adamw,50,7671,0.92965,0.6437,12.2
4,512,0.0,gelu,0.008,512,2,5,15,80,0.01,layernorm,adamw,50,7671,0.8197,0.3678,11.7
4,1024,0.0,silu,0.003,512,2,5,15,120,0.01,no,adamw,50,7671,0.90919,0.6333,13.1
4,1024,0.0,silu,0.005,256,2,5,15,80,0.01,no,adamw,50,7671,0.95589,0.3204,13.2
3,512,0.0,gelu,0.003,256,2,5,15,80,0.01,no,adamw,50,7671,1.06125,0.4326,16.1
4,512,0.0,silu,0.008,512,2,5,15,80,0.01,no,adamw,50,7671,0.86345,0.367,8.2
3,1024,0.0,silu,0.003,256,2,5,15,80,0.01,layernorm,adamw,50,7671,0.84182,0.4732,12.5
4,512,0.0,gelu,0.002,512,2,5,15,80,0.01,layernorm,adamw,50,7671,0.90088,0.5176,7.0
3,512,0.0,silu,0.008,512,2,5,15,120,0.01,layernorm,adamw,50,7671,0.88581,0.4618,9.9
4,512,0.1,silu,0.008,512,2,5,15,80,0.01,no,adamw,50,7671,0.77492,0.2443,7.2
4,512,0.1,gelu,0.003,256,2,5,15,80,0.01,layernorm,adamw,50,7671,0.91079,0.588,19.0
4,1024,0.1,gelu,0.002,256,2,5,15,120,0.01,layernorm,adamw,50,7671,0.72216,0.4957,26.6
3,512,0.0,silu,0.003,256,2,5,15,120,0.01,no,adamw,50,7671,0.76034,0.493,29.6
3,512,0.0,gelu,0.002,256,2,5,15,80,0.01,layernorm,adamw,50,7671,0.86576,0.5128,14.3
3,512,0.1,silu,0.008,256,2,5,15,80,0.01,no,adamw,50,7671,0.9338,0.2676,15.6
4,512,0.0,gelu,0.005,256,2,5,15,120,0.01,no,adamw,50,7671,0.82245,0.2783,29.3
4,512,0.0,gelu,0.002,512,2,5,15,120,0.01,no,adamw,50,7671,0.93896,0.5557,12.0
4,512,0.0,gelu,0.005,512,2,5,15,80,0.01,layernorm,adamw,50,7671,0.8639,0.4451,8.6
3,1024,0.0,silu,0.008,512,2,5,15,120,0.01,layernorm,adamw,50,7671,0.93963,0.5832,19.3
4,512,0.1,silu,0.003,512,2,5,15,80,0.01,layernorm,adamw,50,7671,0.91771,0.4355,10.5
3,512,0.0,gelu,0.003,256,2,5,15,80,0.01,layernorm,adamw,50,7671,0.8766,0.4548,13.0
4,512,0.0,silu,0.008,256,2,5,15,120,0.01,layernorm,adamw,50,7671,0.78135,0.49,22.2
4,512,0.0,silu,0.008,512,2,5,15,120,0.01,layernorm,adamw,50,7671,0.88641,0.6862,10.4
4,1024,0.0,silu,0.005,256,2,5,15,120,0.01,no,adamw,50,7671,0.92965,0.5792,21.2
4,1024,0.0,gelu,0.003,256,2,5,15,80,0.01,layernorm,adamw,50,7671,0.755,0.609,13.8
4,512,0.1,gelu,0.003,256,2,5,15,120,0.01,layernorm,adamw,50,7671,0.76543,0.5495,37.7
4,512,0.1,silu,0.008,256,2,5,15,120,0.01,layernorm,adamw,50,7671,0.77604,0.4958,37.3
3,1024,0.1,gelu,0.002,256,2,5,15,80,0.01,no,adamw,50,7671,0.91345,0.2669,11.5
4,512,0.0,silu,0.002,256,2,5,15,80,0.01,layernorm,adamw,50,7671,0.82276,0.5036,14.6
4,1024,0.0,silu,0.005,512,2,5,15,80,0.01,no,adamw,50,7671,0.91096,0.5505,12.3
3,1024,0.1,gelu,0.005,512,2,5,15,120,0.01,layernorm,adamw,50,7671,0.73248,0.3042,11.3
4,1024,0.0,silu,0.008,256,2,5,15,120,0.01,layernorm,adamw,50,7671,0.86287,0.497,18.0
4,1024,0.0,silu,0.002,512,2,5,15,120,0.01,no,adamw,50,7671,0.86671,0.5732,9.5
4,1024,0.0,silu,0.003,256,2,5,15,120,0.01,no,adamw,50,7671,0.79237,0.1515,22.5
3,512,0.1,gelu,0.008,256,2,5,15,80,0.01,no,adamw,50,7671,0.85769,0.2573,15.6
4,512,0.1,silu,0.005,512,2,5,15,80,0.01,no,adamw,50,7671,0.8048,0.4648,10.7
4,1024,0.1,silu,0.002,256,2,5,15,120,0.01,layernorm,adamw,50,7671,0.79641,0.4461,29.3
3,1024,0.0,silu,0.002,256,2,5,15,80,0.01,no,adamw,50,7671,0.8723,0.5784,12.8
4,512,0.0,gelu,0.008,256,2,5,15,80,0.01,layernorm,adamw,50,7671,0.80146,0.504,17.1
4,512,0.1,gelu,0.005,256,2,5,15,120,0.01,layernorm,adamw,50,7671,0.74673,0.5376,42.5
4,1024,0.1,gelu,0.003,512,2,5,15,80,0.01,layernorm,adamw,50,7671,0.72821,0.2787,10.3
3,512,0.1,gelu,0.003,512,3,2,15,120,0.01,layernorm,adamw,54,7671,0.77923,0.4895,15.1
3,512,0.0,gelu,0.008,256,3,2,15,80,0.01,no,adamw,54,7671,0.92959,0.2295,18.6
4,512,0.1,silu,0.003,256,3,2,15,80,0.01,layernorm,adamw,54,7671,0.77228,0.592,28.6
4,512,0.1,gelu,0.005,512,3,2,15,80,0.01,layernorm,adamw,54,7671,0.7081,0.4343,13.7
4,1024,0.1,gelu,0.008,256,3,2,15,80,0.01,no,adamw,54,7671,0.90157,0.312,15.2
4,512,0.0,gelu,0.002,256,3,2,15,120,0.01,no,adamw,54,7671,0.77693,0.495,27.1
3,1024,0.1,silu,0.002,512,3,2,15,80,0.01,no,adamw,54,7671,0.97948,0.411,9.8
3,1024,0.1,silu,0.002,512,3,2,15,120,0.01,layernorm,adamw,54,7671,0.78035,0.3669,11.8
4,512,0.0,silu,0.008,512,3,2,15,120,0.01,no,adamw,54,7671,0.72383,0.3728,15.6
3,1024,0.1,silu,0.008,512,3,2,15,120,0.01,layernorm,adamw,54,7671,0.75846,0.454,13.9
4,1024,0.1,silu,0.003,512,3,2,15,80,0.01,layernorm,adamw,54,7671,0.75775,0.4778,10.3
3,1024,0.1,silu,0.002,256,3,2,15,120,0.01,layernorm,adamw,54,7671,0.736,0.5276,32.7
4,1024,0.1,gelu,0.003,512,3,2,15,80,0.01,no,adamw,54,7671,0.72944,0.4207,8.4
3,512,0.1,gelu,0.002,256,3,2,15,120,0.01,layernorm,adamw,54,7671,0.71044,0.3125,39.4
3,512,0.1,gelu,0.005,256,3,2,15,120,0.01,no,adamw,54,7671,0.8542,0.2579,23.7
3,1024,0.0,gelu,0.003,256,3,2,15,80,0.01,layernorm,adamw,54,7671,0.7203,0.426,13.5
4,512,0.1,gelu,0.002,512,3,2,15,80,0.01,layernorm,adamw,54,7671,0.72094,0.4365,11.0
3,1024,0.1,silu,0.005,512,3,2,15,120,0.01,no,adamw,54,7671,0.91775,0.5232,14.6
4,512,0.0,gelu,0.003,512,3,2,15,80,0.01,no,adamw,54,7671,0.88514,0.5885,7.5
4,512,0.1,gelu,0.005,512,3,2,15,120,0.01,no,adamw,54,7671,0.85641,0.2853,12.1
4,512,0.0,gelu,0.008,512,3,2,15,120,0.01,layernorm,adamw,54,7671,0.82408,0.5186,13.1
3,1024,0.0,gelu,0.005,256,3,2,15,80,0.01,no,adamw,54,7671,0.88975,0.6117,12.8
3,512,0.1,gelu,0.008,256,3,2,15,80,0.01,layernorm,adamw,54,7671,0.79639,0.4027,22.4
3,512,0.0,gelu,0.005,512,3,2,15,80,0.01,no,adamw,54,7671,1.03674,0.3544,8.7
4,1024,0.0,gelu,0.005,256,3,2,15,120,0.01,layernorm,adamw,54,7671,0.73006,0.5579,19.0
3,512,0.0,silu,0.008,256,3,2,15,120,0.01,no,adamw,54,7671,0.90391,0.491,31.8
4,1024,0.0,silu,0.008,512,3,2,15,80,0.01,layernorm,adamw,54,7671,0.84855,0.4338,14.1
3,1024,0.1,gelu,0.008,512,3,2,15,80,0.01,no,adamw,54,7671,1.24106,0.0323,8.9
3,512,0.0,gelu,0.008,512,3,2,15,80,0.01,layernorm,adamw,54,7671,0.84971,0.1932,9.9
4,1024,0.0,silu,0.005,512,3,2,15,120,0.01,layernorm,adamw,54,7671,0.69506,0.6063,14.5
4,512,0.1,silu,0.003,256,3,2,15,120,0.01,no,adamw,54,7671,0.63545,0.6584,20.7
3,512,0.0,silu,0.003,512,3,2,15,120,0.01,layernorm,adamw,54,7671,0.82009,0.3416,11.3
4,1024,0.0,gelu,0.008,256,3,2,15,120,0.01,no,adamw,54,7671,0.74483,0.3396,21.7
4,512,0.1,silu,0.005,256,3,2,15,120,0.01,no,adamw,54,7671,0.63363,0.6083,18.7
4,1024,0.0,silu,0.002,512,3,2,15,80,0.01,no,adamw,54,7671,0.94953,0.3236,7.8
3,1024,0.0,gelu,0.002,512,3,2,15,80,0.01,no,adamw,54,7671,0.90062,0.3989,8.5
3,512,0.1,silu,0.005,256,3,2,15,80,0.01,layernorm,adamw,54,7671,0.8122,0.5574,24.2
4,512,0.1,silu,0.002,512,3,2,15,80,0.01,layernorm,adamw,54,7671,0.73603,0.5273,12.3
3,1024,0.0,silu,0.002,256,3,2,15,80,0.01,no,adamw,54,7671,0.96009,0.5494,13.0
4,1024,0.1,gelu,0.005,256,3,2,15,80,0.01,no,adamw,54,7671,0.8434,0.4267,14.5
4,1024,0.0,gelu,0.003,512,3,2,15,80,0.01,no,adamw,54,7671,0.85527,0.3109,7.8
4,512,0.1,silu,0.008,512,3,2,15,120,0.01,layernorm,adamw,54,7671,0.62495,0.6547,13.4
4,512,0.0,silu,0.005,256,3,2,15,80,0.01,no,adamw,54,7671,0.71905,0.3893,17.2
3,1024,0.0,silu,0.005,256,3,2,15,80,0.01,no,adamw,54,7671,0.8631,0.4249,13.0
4,1024,0.0,silu,0.003,512,3,2,15,120,0.01,no,adamw,54,7671,0.77132,0.4545,12.5
4,1024,0.0,gelu,0.008,256,3,2,15,80,0.01,no,adamw,54,7671,1.17529,0.0269,13.1
3,1024,0.0,gelu,0.003,256,3,2,15,80,0.01,no,adamw,54,7671,0.91846,0.5179,13.7
3,1024,0.1,gelu,0.008,256,3,2,15,80,0.01,layernorm,adamw,54,7671,0.84836,0.4936,19.7
3,1024,0.0,silu,0.002,512,3,2,15,120,0.01,layernorm,adamw,54,7671,0.935,0.4328,19.0
3,512,0.0,silu,0.002,256,3,2,15,120,0.01,layernorm,adamw,54,7671,0.90619,0.3538,21.7
3,1024,0.1,gelu,0.008,512,3,2,15,120,0.01,layernorm,adamw,54,7671,0.75412,0.2834,11.9
3,512,0.1,gelu,0.003,512,3,2,15,120,0.01,no,adamw,54,7671,0.84016,0.3648,12.2
4,1024,0.1,silu,0.005,256,3,2,15,80,0.01,layernorm,adamw,54,7671,0.71447,0.5344,23.2
3,512,0.0,gelu,0.005,256,3,2,15,80,0.01,no,adamw,54,7671,0.93993,0.4229,18.6
3,1024,0.0,silu,0.008,256,3,2,15,120,0.01,no,adamw,54,7671,0.76204,0.3754,19.8
3,512,0.1,silu,0.005,256,3,2,15,120,0.01,no,adamw,54,7671,0.84488,0.3545,17.8
4,1024,0.0,silu,0.008,256,3,2,15,120,0.01,layernorm,adamw,54,7671,0.80855,0.3947,23.5
4,1024,0.0,silu,0.003,256,3,2,15,120,0.01,layernorm,adamw,54,7671,0.77178,0.5656,22.9
3,512,0.0,silu,0.002,256,3,2,15,80,0.01,no,adamw,54,7671,0.899,0.5382,16.7
4,1024,0.1,gelu,0.002,256,3,2,15,120,0.01,no,adamw,54,7671,0.73227,0.3646,20.9
4,512,0.1,silu,0.003,512,3,2,15,120,0.01,no,adamw,54,7671,0.81456,0.4545,16.0
3,1024,0.1,gelu,0.003,256,3,2,15,120,0.01,layernorm,adamw,54,7671,0.74788,0.495,29.7
3,1024,0.1,silu,0.005,512,3,2,15,80,0.01,no,adamw,54,7671,1.01962,0.2607,9.2
3,512,0.1,gelu,0.005,256,3,2,15,120,0.01,layernorm,adamw,54,7671,0.77203,0.4424,30.1
4,1024,0.1,silu,0.008,512,3,3,15,80,0.01,layernorm,adamw,56,7671,0.77481,0.1897,12.8
3,1024,0.1,silu,0.005,256,3,3,15,80,0.01,no,adamw,56,7671,0.78606,0.381,13.4
4,1024,0.0,silu,0.008,512,3,3,15,80,0.01,layernorm,adamw,56,7671,1.02071,0.2049,11.2
3,1024,0.1,silu,0.008,512,3,3,15,80,0.01,layernorm,adamw,56,7671,0.73063,0.384,9.0
4,512,0.1,silu,0.008,256,3,3,15,80,0.01,layernorm,adamw,56,7671,0.73532,0.2311,26.9
4,1024,0.0,silu,0.002,512,3,3,15,120,0.01,no,adamw,56,7671,0.81812,0.0885,12.3
4,512,0.0,gelu,0.003,256,3,3,15,80,0.01,layernorm,adamw,56,7671,0.84565,0.5783,15.0
4,1024,0.0,gelu,0.005,256,3,3,15,80,0.01,layernorm,adamw,56,7671,0.75719,0.5182,15.8
3,512,0.0,gelu,0.005,256,3,3,15,120,0.01,layernorm,adamw,56,7671,0.8285,0.5067,20.5
3,512,0.0,gelu,0.008,256,3,3,15,120,0.01,layernorm,adamw,56,7671,0.79126,0.3733,21.1
4,1024,0.1,silu,0.008,256,3,3,15,80,0.01,layernorm,adamw,56,7671,0.72456,0.4386,18.5
3,512,0.1,silu,0.003,512,3,3,15,80,0.01,layernorm,adamw,56,7671,0.80841,0.3978,9.7
4,512,0.0,gelu,0.003,512,3,3,15,120,0.01,no,adamw,56,7671,0.67268,0.4917,11.2
3,1024,0.0,silu,0.005,512,3,3,15,80,0.01,no,adamw,56,7671,0.93507,0.4613,8.3
4,512,0.1,gelu,0.008,256,3,3,15,80,0.01,layernorm,adamw,56,7671,0.79169,0.4752,21.2
3,1024,0.0,silu,0.008,256,3,3,15,80,0.01,no,adamw,56,7671,1.18889,0.0183,11.7
3,1024,0.1,gelu,0.002,512,3,3,15,80,0.01,layernorm,adamw,56,7671,0.84877,0.4087,8.9
3,1024,0.1,gelu,0.003,256,3,3,15,80,0.01,no,adamw,56,7671,0.90432,0.2862,13.3
3,512,0.1,silu,0.003,512,3,3,15,120,0.01,layernorm,adamw,56,7671,0.96748,0.3115,14.8
3,512,0.1,gelu,0.002,256,3,3,15,80,0.01,layernorm,adamw,56,7671,0.90707,0.4275,22.0
3,1024,0.1,silu,0.003,512,3,3,15,80,0.01,layernorm,adamw,56,7671,0.91587,0.5045,11.4
4,1024,0.1,silu,0.003,256,3,3,15,80,0.01,layernorm,adamw,56,7671,0.73872,0.3932,24.6
3,512,0.1,gelu,0.008,256,3,3,15,120,0.01,layernorm,adamw,56,7671,0.75972,0.4729,34.4
4,1024,0.1,gelu,0.003,512,3,3,15,120,0.01,layernorm,adamw,56,7671,0.72313,0.4085,14.4
3,512,0.0,silu,0.005,256,3,3,15,80,0.01,layernorm,adamw,56,7671,0.8163,0.2977,16.0
4,512,0.0,silu,0.002,512,3,3,15,80,0.01,layernorm,adamw,56,7671,0.81467,0.3905,9.7
4,512,0.1,silu,0.005,512,3,3,15,120,0.01,layernorm,adamw,56,7671,0.8562,0.4468,16.2
3,512,0.1,gelu,0.003,256,3,3,15,120,0.01,layernorm,adamw,56,7671,0.81366,0.3537,34.1
4,1024,0.1,silu,0.005,256,3,3,15,120,0.01,layernorm,adamw,56,7671,0.65426,0.4444,29.7
3,1024,0.0,silu,0.003,512,3,3,15,80,0.01,no,adamw,56,7671,1.00126,0.4385,7.0
3,512,0.0,gelu,0.005,512,3,3,15,120,0.01,no,adamw,56,7671,0.80357,0.6071,11.6
3,512,0.0,silu,0.003,512,3,3,15,120,0.01,no,adamw,56,7671,0.9927,0.5033,11.4
4,1024,0.1,silu,0.005,512,3,3,15,120,0.01,layernorm,adamw,56,7671,0.82506,0.5186,17.1
3,512,0.1,silu,0.005,256,3,3,15,80,0.01,layernorm,adamw,56,7671,0.7591,0.4481,26.7
3,512,0.0,silu,0.005,256,3,3,15,120,0.01,layernorm,adamw,56,7671,0.90604,0.4592,18.6
4,1024,0.1,gelu,0.002,256,3,3,15,80,0.01,layernorm,adamw,56,7671,0.713,0.5052,17.0
4,512,0.0,silu,0.008,512,3,3,15,80,0.01,layernorm,adamw,56,7671,0.83228,0.3535,11.3
3,1024,0.1,gelu,0.003,512,3,3,15,80,0.01,layernorm,adamw,56,7671,0.8337,0.4378,10.9
4,1024,0.0,silu,0.005,512,3,3,15,80,0.01,no,adamw,56,7671,0.87537,0.3751,7.5
4,1024,0.1,gelu,0.003,256,3,3,15,80,0.01,layernorm,adamw,56,7671,0.71559,0.4725,20.2
3,1024,0.0,gelu,0.005,512,3,3,15,120,0.01,layernorm,adamw,56,7671,0.88908,0.3619,18.6
4,512,0.1,gelu,0.008,512,3,3,15,80,0.01,layernorm,adamw,56,7671,0.69684,0.4659,14.6
4,1024,0.0,gelu,0.008,512,3,3,15,80,0.01,layernorm,adamw,56,7671,1.04731,0.1573,12.8
4,512,0.1,silu,0.002,256,3,3,15,120,0.01,no,adamw,56,7671,0.75023,0.578,24.3
3,1024,0.0,silu,0.008,512,3,3,15,80,0.01,no,adamw,56,7671,0.96729,0.4111,9.3
4,1024,0.0,gelu,0.005,256,3,3,15,120,0.01,no,adamw,56,7671,0.97053,0.5802,25.1
3,512,0.1,silu,0.005,512,3,3,15,120,0.01,no,adamw,56,7671,0.87618,0.302,13.6
4,1024,0.1,gelu,0.008,256,3,3,15,80,0.01,no,adamw,56,7671,0.96257,0.1999,13.2
4,512,0.0,gelu,0.003,512,3,3,15,80,0.01,layernorm,adamw,56,7671,0.70627,0.4525,8.6
3,512,0.0,silu,0.005,512,3,3,15,120,0.01,no,adamw,56,7671,0.88695,0.4438,13.4
3,1024,0.0,gelu,0.003,256,3,3,15,80,0.01,no,adamw,56,7671,0.93996,0.3575,13.5
4,1024,0.0,gelu,0.003,256,3,3,15,120,0.01,no,adamw,56,7671,0.81429,0.2966,20.9
4,1024,0.1,silu,0.002,256,3,3,15,80,0.01,no,adamw,56,7671,0.70707,0.4722,13.2
4,1024,0.0,gelu,0.002,512,3,3,15,80,0.01,no,adamw,56,7671,1.07394,0.2796,8.8
3,512,0.0,silu,0.002,512,3,3,15,120,0.01,no,adamw,56,7671,1.08372,0.0901,11.1
3,1024,0.0,silu,0.005,256,3,3,15,80,0.01,layernorm,adamw,56,7671,0.79237,0.467,10.8
3,512,0.0,gelu,0.003,256,3,3,15,80,0.01,no,adamw,56,7671,0.9563,0.3419,16.6
3,512,0.0,gelu,0.008,256,3,3,15,120,0.01,no,adamw,56,7671,0.99035,0.2267,31.3
3,1024,0.0,gelu,0.002,512,3,3,15,120,0.01,layernorm,adamw,56,7671,0.86637,0.4303,19.5
3,512,0.0,gelu,0.002,512,3,3,15,80,0.01,no,adamw,56,7671,1.1006,0.3459,11.8
4,512,0.0,silu,0.005,256,3,3,15,80,0.01,no,adamw,56,7671,0.97125,0.2482,15.7
3,1024,0.0,gelu,0.003,512,3,3,15,120,0.01,layernorm,adamw,56,7671,0.89389,0.3445,18.0
3,512,0.1,gelu,0.002,256,3,3,15,120,0.01,no,adamw,56,7671,0.94365,0.4339,23.1
4,512,0.0,silu,0.002,256,3,3,15,80,0.01,layernorm,adamw,56,7671,0.75044,0.464,16.9
4,512,0.1,silu,0.003,256,3,5,15,120,0.01,layernorm,adamw,60,7671,0.80552,0.4847,41.7
3,1024,0.0,silu,0.005,256,3,5,15,120,0.01,layernorm,adamw,60,7671,0.73708,0.5321,18.1
4,512,0.0,silu,0.008,256,3,5,15,80,0.01,layernorm,adamw,60,7671,0.7644,0.1405,13.5
4,512,0.1,silu,0.005,512,3,5,15,120,0.01,no,adamw,60,7671,0.69667,0.569,10.9
4,512,0.0,silu,0.005,512,3,5,15,120,0.01,layernorm,adamw,60,7671,0.99775,0.5406,13.6
3,512,0.1,gelu,0.005,256,3,5,15,80,0.01,no,adamw,60,7671,0.94754,0.1399,13.6
3,512,0.1,silu,0.003,256,3,5,15,80,0.01,no,adamw,60,7671,0.78746,0.4045,9.9
4,1024,0.0,gelu,0.008,256,3,5,15,80,0.01,no,adamw,60,7671,0.80835,0.0988,13.5
3,1024,0.1,silu,0.002,512,3,5,15,80,0.01,layernorm,adamw,60,7671,0.84583,0.5896,11.0
4,1024,0.1,gelu,0.005,512,3,5,15,80,0.01,layernorm,adamw,60,7671,0.7939,0.3575,11.8
4,1024,0.0,gelu,0.005,256,3,5,15,80,0.01,layernorm,adamw,60,7671,0.73813,0.6248,17.6
4,512,0.0,gelu,0.008,256,3,5,15,120,0.01,no,adamw,60,7671,0.95006,0.1205,25.7
4,512,0.0,gelu,0.003,256,3,5,15,80,0.01,no,adamw,60,7671,0.81671,0.5209,19.0
3,1024,0.1,gelu,0.003,512,3,5,15,80,0.01,no,adamw,60,7671,0.853,0.2729,8.8
4,512,0.1,silu,0.002,256,3,5,15,80,0.01,layernorm,adamw,60,7671,0.77153,0.4367,23.6
3,1024,0.0,gelu,0.005,512,3,5,15,120,0.01,layernorm,adamw,60,7671,0.87475,0.5727,18.6
3,512,0.1,silu,0.008,512,3,5,15,120,0.01,layernorm,adamw,60,7671,0.78635,0.3261,16.8
4,1024,0.0,gelu,0.008,512,3,5,15,80,0.01,layernorm,adamw,60,7671,0.88145,0.4907,12.7
3,1024,0.1,silu,0.005,256,3,5,15,120,0.01,no,adamw,60,7671,0.73692,0.3625,17.5
4,1024,0.0,gelu,0.008,256,3,5,15,120,0.01,no,adamw,60,7671,0.93007,0.3054,21.8
3,512,0.1,silu,0.002,256,3,5,15,80,0.01,layernorm,adamw,60,7671,0.87326,0.3726,24.7
4,512,0.1,gelu,0.003,256,3,5,15,80,0.01,no,adamw,60,7671,0.94502,0.493,15.7
3,1024,0.1,gelu,0.002,512,3,5,15,80,0.01,no,adamw,60,7671,0.86756,0.4075,8.8
4,1024,0.0,silu,0.008,256,3,5,15,120,0.01,no,adamw,60,7671,1.24684,0.1104,19.5
4,512,0.1,silu,0.003,256,3,5,15,80,0.01,no,adamw,60,7671,0.75898,0.5844,13.5
4,1024,0.1,silu,0.005,512,3,5,15,120,0.01,layernorm,adamw,60,7671,0.76003,0.3942,13.4
4,512,0.0,silu,0.002,512,3,5,15,80,0.01,layernorm,adamw,60,7671,0.78044,0.4548,11.2
4,512,0.1,silu,0.003,512,3,5,15,80,0.01,no,adamw,60,7671,1.03027,0.583,9.4
4,512,0.0,gelu,0.005,256,3,5,15,80,0.01,layernorm,adamw,60,7671,0.83504,0.4749,12.9
3,1024,0.0,gelu,0.005,512,3,5,15,80,0.01,layernorm,adamw,60,7671,0.86882,0.4623,10.7
4,1024,0.1,silu,0.002,256,3,5,15,120,0.01,no,adamw,60,7671,0.79308,0.5085,24.6
3,1024,0.1,gelu,0.002,512,3,5,15,120,0.01,no,adamw,60,7671,0.90174,0.3061,10.9
4,1024,0.0,gelu,0.002,256,3,5,15,120,0.01,layernorm,adamw,60,7671,0.81315,0.47,22.6
3,512,0.0,silu,0.005,256,3,5,15,80,0.01,no,adamw,60,7671,0.70044,0.3606,18.9
3,1024,0.0,gelu,0.008,512,3,5,15,80,0.01,layernorm,adamw,60,7671,0.93013,0.2281,9.4
3,512,0.0,gelu,0.002,256,3,5,15,80,0.01,layernorm,adamw,60,7671,0.88198,0.5879,12.8
4,1024,0.1,silu,0.005,256,3,5,15,120,0.01,no,adamw,60,7671,0.83382,0.5578,19.6
4,512,0.1,silu,0.005,256,3,5,15,80,0.01,no,adamw,60,7671,0.68049,0.3869,12.7
3,1024,0.1,silu,0.005,512,3,5,15,120,0.01,layernorm,adamw,60,7671,0.79551,0.3996,14.1
3,1024,0.0,silu,0.002,512,3,5,15,80,0.01,no,adamw,60,7671,0.93809,0.6146,7.8
3,1024,0.0,silu,0.005,256,3,5,15,80,0.01,layernorm,adamw,60,7671,0.78189,0.4747,13.0
3,1024,0.1,gelu,0.008,256,3,5,15,120,0.01,no,adamw,60,7671,0.84152,0.2118,18.4
4,512,0.1,gelu,0.002,256,3,5,15,80,0.01,layernorm,adamw,60,7671,0.94795,0.5376,19.3
4,512,0.0,silu,0.002,256,3,5,15,120,0.01,layernorm,adamw,60,7671,0.83818,0.5292,11.3
3,1024,0.1,gelu,0.005,256,3,5,15,80,0.01,layernorm,adamw,60,7671,0.79451,0.4032,10.4
3,1024,0.1,gelu,0.003,256,3,5,15,120,0.01,layernorm,adamw,60,7671,0.72298,0.519,14.3
3,512,0.1,gelu,0.002,512,3,5,15,80,0.01,no,adamw,60,7671,0.85685,0.4919,4.4
3,512,0.0,gelu,0.003,512,3,5,15,80,0.01,no,adamw,60,7671,0.99463,0.4953,5.1
4,1024,0.0,gelu,0.008,512,3,5,15,120,0.01,no,adamw,60,7671,1.15372,0.2211,8.0
4,1024,0.0,silu,0.002,512,3,5,15,120,0.01,layernorm,adamw,60,7671,0.83896,0.5904,8.9
4,512,0.1,gelu,0.002,256,3,5,15,120,0.01,layernorm,adamw,60,7671,0.76081,0.3843,14.6
3,1024,0.0,silu,0.002,512,3,5,15,120,0.01,no,adamw,60,7671,0.90526,0.5779,5.2
3,512,0.0,gelu,0.005,512,3,5,15,120,0.01,layernorm,adamw,60,7671,0.95556,0.4427,5.4
4,1024,0.1,gelu,0.005,256,3,5,15,120,0.01,layernorm,adamw,60,7671,0.78775,0.7185,10.5
4,512,0.0,gelu,0.008,512,3,5,15,80,0.01,layernorm,adamw,60,7671,0.77851,0.4345,3.3
4,512,0.0,gelu,0.008,512,3,5,15,80,0.01,no,adamw,60,7671,0.84215,0.4315,4.3
4,1024,0.0,silu,0.003,512,3,5,15,120,0.01,no,adamw,60,7671,0.88976,0.5617,4.9
3,1024,0.1,silu,0.008,256,3,5,15,80,0.01,layernorm,adamw,60,7671,0.77839,0.4539,5.3
4,1024,0.0,gelu,0.002,256,3,5,15,80,0.01,layernorm,adamw,60,7671,0.79273,0.4275,6.9
3,1024,0.1,silu,0.002,512,3,5,15,80,0.01,no,adamw,60,7671,0.78406,0.3922,4.8
3,1024,0.0,silu,0.005,512,3,5,15,80,0.01,no,adamw,60,7671,0.8997,0.48,4.3
4,512,0.0,silu,0.008,256,3,5,15,120,0.01,layernorm,adamw,60,7671,0.87917,0.4151,8.1
4,512,0.0,silu,0.005,512,3,5,15,80,0.01,no,adamw,60,7671,0.84479,0.6189,2.4
4,1024,0.0,gelu,0.002,256,3,5,15,120,0.01,no,adamw,60,7671,0.88446,0.3862,6.2
3,1024,0.0,gelu,0.005,512,1,2,15,80,0.01,layernorm,adamw,34,7671,0.85724,0.3696,18.2
4,512,0.0,gelu,0.005,512,1,2,15,120,0.01,layernorm,adamw,34,7671,0.74724,0.5448,12.1
4,512,0.0,gelu,0.005,512,1,2,15,80,0.01,layernorm,adamw,34,7671,0.85258,0.5912,7.0
3,512,0.1,gelu,0.003,512,1,2,15,80,0.01,no,adamw,34,7671,0.91109,0.3093,9.2
3,1024,0.1,gelu,0.003,256,1,2,15,80,0.01,layernorm,adamw,34,7671,0.82626,0.3928,20.4
3,512,0.1,silu,0.008,512,1,2,15,120,0.01,layernorm,adamw,34,7671,0.82954,0.6304,17.7
3,512,0.1,gelu,0.008,256,1,2,15,80,0.01,layernorm,adamw,34,7671,0.84957,0.4452,23.8
3,1024,0.0,silu,0.002,256,1,2,15,80,0.01,layernorm,adamw,34,7671,0.9504,0.5504,15.7
4,512,0.1,silu,0.002,256,1,2,15,80,0.01,no,adamw,34,7671,0.79783,0.5576,16.1
3,1024,0.1,gelu,0.002,512,1,2,15,80,0.01,no,adamw,34,7671,0.84808,0.4856,8.6
3,512,0.1,silu,0.008,256,1,2,15,120,0.01,layernorm,adamw,34,7671,0.84275,0.1016,31.0
4,512,0.1,gelu,0.002,512,1,2,15,80,0.01,layernorm,adamw,34,7671,0.92114,0.5103,9.3
4,512,0.1,gelu,0.002,512,1,2,15,80,0.01,no,adamw,34,7671,0.77828,0.5369,6.5
3,1024,0.0,gelu,0.002,512,1,2,15,120,0.01,no,adamw,34,7671,1.12656,0.5072,10.2
3,1024,0.1,silu,0.003,512,1,2,15,80,0.01,layernorm,adamw,34,7671,0.94052,0.4777,9.2
4,1024,0.1,gelu,0.003,256,1,2,15,80,0.01,layernorm,adamw,34,7671,0.71833,0.3293,16.1
3,1024,0.0,gelu,0.002,512,1,2,15,80,0.01,layernorm,adamw,34,7671,1.04976,0.0241,8.3
4,1024,0.1,gelu,0.002,512,1,2,15,120,0.01,no,adamw,34,7671,0.81078,0.4865,10.5
3,1024,0.1,silu,0.005,256,1,2,15,80,0.01,no,adamw,34,7671,0.88095,0.4472,15.0
4,512,0.0,silu,0.003,512,1,2,15,80,0.01,no,adamw,34,7671,1.02942,0.7511,9.3
4,512,0.1,silu,0.002,256,1,2,15,120,0.01,no,adamw,34,7671,0.86142,0.4768,23.8
3,1024,0.0,gelu,0.005,512,1,2,15,120,0.01,no,adamw,34,7671,0.99755,0.3945,9.0
4,1024,0.1,silu,0.005,256,1,2,15,80,0.01,no,adamw,34,7671,0.84389,0.3426,10.7
4,512,0.0,silu,0.008,256,1,2,15,80,0.01,layernorm,adamw,34,7671,0.90083,0.1959,14.6
3,1024,0.0,silu,0.008,512,1,2,15,80,0.01,layernorm,adamw,34,7671,0.96393,0.1627,9.9
4,1024,0.0,silu,0.008,256,1,2,15,80,0.01,layernorm,adamw,34,7671,0.88052,0.4688,16.7
4,512,0.0,gelu,0.002,256,1,2,15,80,0.01,layernorm,adamw,34,7671,0.93135,0.5822,16.3
3,1024,0.1,gelu,0.008,256,1,2,15,120,0.01,no,adamw,34,7671,0.97332,0.2261,15.0
3,512,0.1,silu,0.003,512,1,2,15,80,0.01,layernorm,adamw,34,7671,0.80685,0.6382,14.4
4,1024,0.0,silu,0.008,256,1,2,15,120,0.01,layernorm,adamw,34,7671,0.7556,0.6205,22.2
3,512,0.0,silu,0.005,512,1,2,15,80,0.01,layernorm,adamw,34,7671,0.84371,0.3463,7.8
3,512,0.1,silu,0.002,512,1,2,15,80,0.01,no,adamw,34,7671,0.92362,0.5439,8.6
3,1024,0.0,gelu,0.008,256,1,2,15,80,0.01,layernorm,adamw,34,7671,0.9546,0.4367,14.9
4,512,0.1,silu,0.003,256,1,2,15,80,0.01,no,adamw,34,7671,0.78323,0.7242,13.6
4,1024,0.0,gelu,0.002,256,1,2,15,120,0.01,no,adamw,34,7671,0.75623,0.5819,19.3
3,1024,0.0,silu,0.008,256,1,2,15,80,0.01,no,adamw,34,7671,1.08115,0.3421,14.0
3,512,0.0,gelu,0.005,256,1,2,15,120,0.01,layernorm,adamw,34,7671,0.81372,0.3904,22.9
3,1024,0.1,gelu,0.002,512,1,2,15,120,0.01,no,adamw,34,7671,0.86792,0.3518,11.1
3,1024,0.0,gelu,0.002,256,1,2,15,80,0.01,layernorm,adamw,34,7671,0.96598,0.5492,15.6
4,1024,0.0,gelu,0.005,512,1,2,15,120,0.01,no,adamw,34,7671,0.93454,0.451,13.1
3,512,0.0,gelu,0.005,512,1,2,15,80,0.01,no,adamw,34,7671,0.88898,0.4886,9.9
4,1024,0.0,silu,0.003,256,1,2,15,80,0.01,no,adamw,34,7671,0.79302,0.581,17.9
3,512,0.1,gelu,0.005,512,1,2,15,120,0.01,no,adamw,34,7671,1.0563,0.3775,14.4
4,1024,0.1,gelu,0.008,512,1,2,15,80,0.01,layernorm,adamw,34,7671,0.64224,0.5504,8.9
4,512,0.1,silu,0.008,256,1,2,15,120,0.01,layernorm,adamw,34,7671,0.78644,0.6339,33.8
3,512,0.0,gelu,0.003,512,1,2,15,120,0.01,layernorm,adamw,34,7671,0.87471,0.5076,9.3
3,512,0.0,silu,0.002,512,1,2,15,120,0.01,no,adamw,34,7671,1.08446,0.7053,11.5
4,512,0.0,silu,0.003,512,1,2,15,120,0.01,no,adamw,34,7671,0.81042,0.6339,12.8
3,512,0.0,silu,0.008,512,1,2,15,120,0.01,no,adamw,34,7671,1.03423,0.5901,11.1
3,512,0.1,silu,0.008,512,1,2,15,80,0.01,no,adamw,34,7671,0.91926,0.372,8.0
3,1024,0.0,silu,0.008,512,1,2,15,120,0.01,layernorm,adamw,34,7671,0.93606,0.1169,14.0
4,1024,0.0,gelu,0.008,256,1,2,15,80,0.01,layernorm,adamw,34,7671,0.74886,0.4066,15.8
4,512,0.1,gelu,0.003,512,1,2,15,80,0.01,layernorm,adamw,34,7671,0.79139,0.4135,12.6
4,1024,0.1,silu,0.003,256,1,2,15,120,0.01,no,adamw,34,7671,0.60875,0.4438,22.5
4,1024,0.1,gelu,0.008,256,1,2,15,120,0.01,no,adamw,34,7671,0.86534,0.4188,19.4
4,1024,0.1,gelu,0.002,256,1,2,15,80,0.01,no,adamw,34,7671,0.985,0.398,15.8
4,1024,0.0,gelu,0.002,256,1,2,15,80,0.01,layernorm,adamw,34,7671,0.84419,0.5819,15.7
4,1024,0.1,silu,0.008,512,1,2,15,80,0.01,layernorm,adamw,34,7671,0.85353,0.1074,9.9
4,512,0.1,gelu,0.008,256,1,2,15,80,0.01,no,adamw,34,7671,0.86882,0.6922,15.9
3,1024,0.0,silu,0.005,512,1,2,15,120,0.01,no,adamw,34,7671,0.77395,0.5697,10.3
4,1024,0.0,gelu,0.003,512,1,2,15,120,0.01,layernorm,adamw,34,7671,0.75503,0.4866,18.0
4,512,0.0,silu,0.005,256,1,2,15,120,0.01,layernorm,adamw,34,7671,0.69943,0.4685,24.6
4,1024,0.0,silu,0.005,512,1,2,15,80,0.01,layernorm,adamw,34,7671,0.90306,0.1147,10.9
3,1024,0.0,silu,0.003,512,1,2,15,120,0.01,layernorm,adamw,34,7671,0.80521,0.4031,20.3
3,512,0.1,silu,0.002,256,1,3,15,80,0.01,layernorm,adamw,36,7671,0.96346,0.3989,23.1
3,512,0.1,silu,0.008,256,1,3,15,80,0.01,layernorm,adamw,36,7671,0.92534,0.5984,26.3
3,1024,0.0,gelu,0.002,512,1,3,15,120,0.01,layernorm,adamw,36,7671,0.90972,0.4833,13.7
4,512,0.1,gelu,0.008,256,1,3,15,80,0.01,no,adamw,36,7671,1.21366,0.2888,13.6
3,512,0.1,gelu,0.005,512,1,3,15,80,0.01,no,adamw,36,7671,1.06982,0.357,10.2
4,1024,0.1,gelu,0.003,512,1,3,15,120,0.01,no,adamw,36,7671,0.92958,0.4664,12.4
3,512,0.0,gelu,0.008,512,1,3,15,80,0.01,no,adamw,36,7671,0.95291,0.3391,8.5
4,512,0.0,gelu,0.003,512,1,3,15,120,0.01,layernorm,adamw,36,7671,0.77371,0.5418,11.3
3,1024,0.0,silu,0.002,512,1,3,15,80,0.01,no,adamw,36,7671,1.00279,0.0574,8.2
3,1024,0.1,gelu,0.003,512,1,3,15,80,0.01,no,adamw,36,7671,0.96533,0.5805,7.2
4,1024,0.1,gelu,0.002,512,1,3,15,80,0.01,layernorm,adamw,36,7671,0.84878,0.3387,9.4
3,1024,0.0,gelu,0.003,256,1,3,15,120,0.01,layernorm,adamw,36,7671,0.80275,0.3039,23.5
4,512,0.0,gelu,0.005,512,1,3,15,120,0.01,no,adamw,36,7671,0.93836,0.0107,14.5
3,1024,0.1,gelu,0.005,512,1,3,15,80,0.01,no,adamw,36,7671,0.98401,0.5312,9.0
4,512,0.0,gelu,0.008,256,1,3,15,80,0.01,layernorm,adamw,36,7671,0.9522,0.5394,16.3
4,1024,0.0,gelu,0.005,512,1,3,15,120,0.01,no,adamw,36,7671,0.98868,0.4505,12.2
3,512,0.1,silu,0.003,256,1,3,15,120,0.01,layernorm,adamw,36,7671,0.79034,0.5173,37.4
3,512,0.0,gelu,0.005,512,1,3,15,120,0.01,layernorm,adamw,36,7671,0.96858,0.5293,12.8
3,1024,0.1,silu,0.008,256,1,3,15,120,0.01,no,adamw,36,7671,0.75252,0.4751,17.3
3,512,0.0,silu,0.002,256,1,3,15,120,0.01,layernorm,adamw,36,7671,1.0282,0.3784,19.6
3,512,0.0,gelu,0.003,256,1,3,15,80,0.01,no,adamw,36,7671,0.86111,0.593,16.0
3,1024,0.0,silu,0.003,256,1,3,15,80,0.01,no,adamw,36,7671,0.81923,0.3457,11.7
3,512,0.1,silu,0.005,512,1,3,15,80,0.01,layernorm,adamw,36,7671,0.86496,0.6568,10.1
4,1024,0.0,gelu,0.005,256,1,3,15,80,0.01,no,adamw,36,7671,1.00152,0.4592,13.4
4,512,0.0,silu,0.002,512,1,3,15,120,0.01,layernorm,adamw,36,7671,0.84625,0.5954,11.6
4,1024,0.1,gelu,0.005,512,1,3,15,80,0.01,layernorm,adamw,36,7671,0.91665,0.4919,10.1
4,512,0.1,silu,0.003,512,1,3,15,80,0.01,no,adamw,36,7671,1.02622,0.5447,10.4
3,1024,0.0,silu,0.005,256,1,3,15,80,0.01,no,adamw,36,7671,0.93802,0.5782,12.8
3,1024,0.1,gelu,0.002,256,1,3,15,120,0.01,layernorm,adamw,36,7671,0.89967,0.4317,23.6
3,1024,0.1,gelu,0.008,512,1,3,15,120,0.01,layernorm,adamw,36,7671,0.9789,0.5562,15.1
4,1024,0.1,gelu,0.003,512,1,3,15,120,0.01,layernorm,adamw,36,7671,0.73714,0.5159,14.6
3,1024,0.0,gelu,0.005,256,1,3,15,80,0.01,layernorm,adamw,36,7671,0.86717,0.5163,13.7
4,512,0.0,silu,0.002,512,1,3,15,80,0.01,no,adamw,36,7671,1.01388,0.3559,8.9
4,512,0.1,silu,0.005,256,1,3,15,120,0.01,no,adamw,36,7671,1.01965,0.5307,22.1
4,1024,0.1,silu,0.003,512,1,3,15,120,0.01,no,adamw,36,7671,0.86015,0.425,15.0
4,1024,0.1,silu,0.008,256,1,3,15,80,0.01,no,adamw,36,7671,0.934,0.1538,16.0
3,512,0.0,silu,0.003,512,1,3,15,80,0.01,no,adamw,36,7671,1.01636,0.0947,8.8
4,512,0.0,gelu,0.003,256,1,3,15,80,0.01,layernorm,adamw,36,7671,0.95643,0.631,21.9
4,512,0.0,silu,0.008,512,1,3,15,120,0.01,no,adamw,36,7671,0.77078,0.4612,12.9
3,512,0.0,gelu,0.008,256,1,3,15,80,0.01,layernorm,adamw,36,7671,1.03696,0.4948,15.7
3,1024,0.1,gelu,0.005,256,1,3,15,120,0.01,no,adamw,36,7671,0.90294,0.3112,22.5
4,1024,0.1,silu,0.008,256,1,3,15,120,0.01,layernorm,adamw,36,7671,0.75953,0.6818,31.3
4,1024,0.0,silu,0.008,512,1,3,15,80,0.01,layernorm,adamw,36,7671,0.93043,0.0485,12.9
3,1024,0.0,gelu,0.005,256,1,3,15,120,0.01,no,adamw,36,7671,1.10931,0.4013,15.3
4,512,0.0,gelu,0.008,512,1,3,15,120,0.01,no,adamw,36,7671,0.80942,0.5527,12.1
3,512,0.0,gelu,0.005,256,1,3,15,80,0.01,no,adamw,36,7671,0.90645,0.5484,21.4
3,512,0.0,gelu,0.005,512,1,3,15,80,0.01,no,adamw,36,7671,1.14352,0.0898,11.2
4,512,0.0,silu,0.003,512,1,3,15,120,0.01,no,adamw,36,7671,0.91181,0.5722,15.0
4,512,0.1,gelu,0.005,256,1,3,15,120,0.01,no,adamw,36,7671,1.03566,0.5756,23.2
3,512,0.0,silu,0.005,256,1,3,15,120,0.01,layernorm,adamw,36,7671,0.8005,0.529,19.8
3,512,0.1,silu,0.002,512,1,3,15,80,0.01,layernorm,adamw,36,7671,0.91724,0.3369,10.7
3,1024,0.0,silu,0.005,256,1,3,15,120,0.01,no,adamw,36,7671,0.9097,0.4413,16.0
3,1024,0.0,gelu,0.005,256,1,3,15,120,0.01,layernorm,adamw,36,7671,0.8873,0.3926,20.8
4,1024,0.0,gelu,0.003,512,1,3,15,80,0.01,no,adamw,36,7671,0.9367,0.6144,8.6
4,1024,0.1,gelu,0.002,256,1,3,15,120,0.01,no,adamw,36,7671,0.96584,0.6074,23.6
3,512,0.1,gelu,0.002,256,1,3,15,120,0.01,no,adamw,36,7671,0.95632,0.378,21.4
4,1024,0.0,silu,0.005,512,1,3,15,80,0.01,no,adamw,36,7671,1.21552,0.0823,8.3
3,1024,0.0,gelu,0.002,512,1,3,15,80,0.01,layernorm,adamw,36,7671,0.90086,0.5557,12.9
4,512,0.1,silu,0.002,256,1,3,15,120,0.01,layernorm,adamw,36,7671,0.74699,0.6168,39.9
3,512,0.0,gelu,0.003,256,1,3,15,120,0.01,layernorm,adamw,36,7671,0.73357,0.3977,18.5
3,512,0.1,gelu,0.002,256,1,3,15,80,0.01,no,adamw,36,7671,0.96247,0.389,15.1
4,512,0.1,silu,0.008,512,1,3,15,120,0.01,no,adamw,36,7671,0.90823,0.5656,16.1
3,1024,0.1,silu,0.003,512,1,3,15,80,0.01,layernorm,adamw,36,7671,0.89025,0.3944,10.5
3,512,0.0,silu,0.008,256,1,3,15,120,0.01,no,adamw,36,7671,0.93601,0.4648,23.9
4,512,0.1,silu,0.005,512,1,5,15,120,0.01,no,adamw,40,7671,0.81879,0.5364,11.4
3,1024,0.0,gelu,0.005,256,1,5,15,120,0.01,layernorm,adamw,40,7671,0.85255,0.4819,20.9
3,1024,0.1,silu,0.005,512,1,5,15,80,0.01,no,adamw,40,7671,0.76996,0.2516,7.0
3,512,0.0,gelu,0.005,512,1,5,15,80,0.01,no,adamw,40,7671,1.1213,0.1782,8.0
3,512,0.1,gelu,0.002,512,1,5,15,80,0.01,no,adamw,40,7671,0.9299,0.4377,8.2
4,512,0.0,gelu,0.008,512,1,5,15,120,0.01,layernorm,adamw,40,7671,1.05889,0.0695,12.9
3,512,0.0,silu,0.008,256,1,5,15,120,0.01,no,adamw,40,7671,0.72787,0.6953,25.1
3,512,0.1,silu,0.008,256,1,5,15,120,0.01,layernorm,adamw,40,7671,0.76527,0.5324,31.3
3,512,0.0,gelu,0.008,512,1,5,15,120,0.01,layernorm,adamw,40,7671,0.94266,0.0829,9.4
4,512,0.1,silu,0.005,512,1,5,15,120,0.01,layernorm,adamw,40,7671,0.9594,0.0529,17.5
3,512,0.0,gelu,0.003,512,1,5,15,120,0.01,layernorm,adamw,40,7671,0.98351,0.5162,11.0
4,512,0.0,gelu,0.008,256,1,5,15,120,0.01,no,adamw,40,7671,1.01647,0.4708,22.9
4,512,0.1,silu,0.008,256,1,5,15,120,0.01,layernorm,adamw,40,7671,0.83424,0.5499,36.6
3,512,0.0,silu,0.005,512,1,5,15,80,0.01,no,adamw,40,7671,0.86001,0.5312,9.8
3,512,0.1,silu,0.002,256,1,5,15,120,0.01,layernorm,adamw,40,7671,0.92267,0.437,28.7
4,512,0.0,silu,0.008,256,1,5,15,80,0.01,layernorm,adamw,40,7671,1.02711,0.0988,15.3
3,1024,0.1,silu,0.008,512,1,5,15,120,0.01,layernorm,adamw,40,7671,0.97356,0.0687,14.7
4,512,0.0,gelu,0.008,256,1,5,15,120,0.01,layernorm,adamw,40,7671,1.05274,0.5558,23.7
3,1024,0.1,gelu,0.005,512,1,5,15,80,0.01,layernorm,adamw,40,7671,1.0817,0.4687,10.2
3,512,0.1,gelu,0.002,256,1,5,15,80,0.01,layernorm,adamw,40,7671,0.85526,0.3983,27.9
3,512,0.0,silu,0.003,512,1,5,15,120,0.01,layernorm,adamw,40,7671,0.9076,0.1572,9.2
3,1024,0.0,gelu,0.008,256,1,5,15,120,0.01,layernorm,adamw,40,7671,0.95469,0.78,17.6
4,512,0.1,silu,0.005,256,1,5,15,80,0.01,layernorm,adamw,40,7671,0.98787,0.1107,29.4
3,512,0.0,gelu,0.003,256,1,5,15,80,0.01,layernorm,adamw,40,7671,0.85646,0.3606,16.3
3,1024,0.0,silu,0.005,512,1,5,15,80,0.01,no,adamw,40,7671,1.05174,0.3344,9.8
4,512,0.1,gelu,0.005,256,1,5,15,80,0.01,layernorm,adamw,40,7671,0.77372,0.4829,28.6
4,1024,0.1,gelu,0.005,256,1,5,15,80,0.01,layernorm,adamw,40,7671,0.90802,0.1109,24.5
4,512,0.0,silu,0.008,512,1,5,15,80,0.01,layernorm,adamw,40,7671,0.87788,0.2502,10.1
4,1024,0.0,silu,0.002,512,1,5,15,120,0.01,layernorm,adamw,40,7671,0.85294,0.53,17.8
4,512,0.0,silu,0.008,256,1,5,15,80,0.01,no,adamw,40,7671,0.87547,0.1152,18.9
4,512,0.0,silu,0.005,256,1,5,15,80,0.01,layernorm,adamw,40,7671,0.93838,0.1215,18.1
3,1024,0.1,silu,0.003,256,1,5,15,120,0.01,layernorm,adamw,40,7671,0.77693,0.4341,26.5
3,512,0.1,gelu,0.002,512,1,5,15,120,0.01,layernorm,adamw,40,7671,0.87114,0.4853,16.5
4,512,0.0,silu,0.008,512,1,5,15,80,0.01,no,adamw,40,7671,0.84405,0.5444,8.0
3,1024,0.0,silu,0.008,512,1,5,15,80,0.01,layernorm,adamw,40,7671,0.93884,0.4982,9.6
4,1024,0.1,gelu,0.003,256,1,5,15,120,0.01,no,adamw,40,7671,1.11367,0.3766,21.4
4,1024,0.1,silu,0.002,256,1,5,15,120,0.01,no,adamw,40,7671,0.92629,0.7416,19.6
4,512,0.1,gelu,0.005,256,1,5,15,120,0.01,layernorm,adamw,40,7671,0.76389,0.5806,34.2
4,1024,0.0,gelu,0.002,512,1,5,15,120,0.01,no,adamw,40,7671,1.14618,0.016,12.7
4,512,0.0,gelu,0.005,256,1,5,15,120,0.01,layernorm,adamw,40,7671,0.86508,0.373,25.2
4,512,0.1,silu,0.008,512,1,5,15,120,0.01,no,adamw,40,7671,1.13625,0.4277,13.0
4,512,0.0,silu,0.002,256,1,5,15,120,0.01,no,adamw,40,7671,0.83922,0.7225,27.4
4,512,0.1,gelu,0.002,256,1,5,15,120,0.01,no,adamw,40,7671,1.04718,0.5099,19.0
3,1024,0.0,silu,0.002,512,1,5,15,120,0.01,layernorm,adamw,40,7671,0.96072,0.3697,16.6
4,1024,0.1,silu,0.003,256,1,5,15,120,0.01,layernorm,adamw,40,7671,0.87584,0.4455,30.9
4,512,0.0,silu,0.003,256,1,5,15,80,0.01,layernorm,adamw,40,7671,0.94592,0.6465,19.4
4,1024,0.0,silu,0.002,256,1,5,15,80,0.01,no,adamw,40,7671,0.98022,0.5422,14.0
3,512,0.0,silu,0.003,512,1,5,15,80,0.01,no,adamw,40,7671,1.11299,0.6079,9.4
4,512,0.0,gelu,0.005,512,1,5,15,80,0.01,no,adamw,40,7671,0.97968,0.2781,7.7
3,512,0.1,gelu,0.008,512,1,5,15,80,0.01,no,adamw,40,7671,1.00887,0.2933,8.1
3,1024,0.0,silu,0.002,256,1,5,15,120,0.01,no,adamw,40,7671,0.9659,0.6251,18.7
4,1024,0.0,silu,0.008,512,1,5,15,120,0.01,no,adamw,40,7671,1.26811,0.208,14.2
3,1024,0.1,gelu,0.002,256,1,5,15,80,0.01,layernorm,adamw,40,7671,0.93723,0.4997,17.8
3,512,0.0,silu,0.002,256,1,5,15,120,0.01,layernorm,adamw,40,7671,0.88894,0.279,24.3
3,512,0.1,gelu,0.002,256,1,5,15,120,0.01,no,adamw,40,7671,1.0049,0.4201,27.0
4,512,0.1,gelu,0.008,512,1,5,15,80,0.01,no,adamw,40,7671,1.07245,0.3542,10.0
4,512,0.0,silu,0.003,512,1,5,15,80,0.01,no,adamw,40,7671,0.98672,0.5227,9.9
3,512,0.0,gelu,0.008,256,1,5,15,120,0.01,no,adamw,40,7671,0.85407,0.3796,31.4
3,1024,0.0,gelu,0.005,512,1,5,15,120,0.01,no,adamw,40,7671,0.86236,0.455,9.1
4,1024,0.1,silu,0.002,256,1,5,15,80,0.01,no,adamw,40,7671,0.74742,0.6715,12.3
4,1024,0.0,silu,0.003,512,1,5,15,120,0.01,layernorm,adamw,40,7671,0.89842,0.4546,15.8
4,512,0.1,gelu,0.005,256,1,5,15,80,0.01,no,adamw,40,7671,0.86443,0.2368,13.8
4,512,0.0,silu,0.005,256,1,5,15,120,0.01,no,adamw,40,7671,0.82641,0.4371,24.8
3,1024,0.1,gelu,0.008,256,1,5,15,120,0.01,no,adamw,40,7671,0.95896,0.3572,21.9
4,1024,0.0,silu,0.002,256,2,2,15,80,0.01,no,adamw,44,7671,0.82383,0.5042,14.1
4,1024,0.0,gelu,0.005,512,2,2,15,120,0.01,no,adamw,44,7671,1.13762,0.2268,9.5
3,512,0.0,gelu,0.003,256,2,2,15,80,0.01,layernorm,adamw,44,7671,0.85726,0.324,12.5
3,512,0.1,gelu,0.008,512,2,2,15,120,0.01,layernorm,adamw,44,7671,0.70781,0.4403,13.8
3,512,0.1,gelu,0.002,256,2,2,15,120,0.01,layernorm,adamw,44,7671,0.78036,0.2978,34.0
4,512,0.0,gelu,0.005,512,2,2,15,120,0.01,layernorm,adamw,44,7671,0.71328,0.3837,11.1
3,1024,0.0,gelu,0.002,256,2,2,15,120,0.01,no,adamw,44,7671,0.98133,0.4943,19.0
3,512,0.0,silu,0.008,512,2,2,15,80,0.01,layernorm,adamw,44,7671,0.71853,0.4708,7.8
4,1024,0.0,silu,0.005,512,2,2,15,80,0.01,layernorm,adamw,44,7671,0.87975,0.0844,10.6
4,1024,0.1,gelu,0.008,256,2,2,15,80,0.01,no,adamw,44,7671,1.31427,0.0452,14.3
4,512,0.1,silu,0.003,512,2,2,15,120,0.01,no,adamw,44,7671,0.77614,0.468,9.2
3,1024,0.1,gelu,0.008,256,2,2,15,120,0.01,layernorm,adamw,44,7671,0.71012,0.5686,25.9
4,512,0.1,gelu,0.002,512,2,2,15,120,0.01,layernorm,adamw,44,7671,0.78554,0.495,17.2
4,1024,0.1,silu,0.003,256,2,2,15,80,0.01,layernorm,adamw,44,7671,0.66444,0.3049,15.9
3,1024,0.0,silu,0.005,256,2,2,15,120,0.01,layernorm,adamw,44,7671,0.76155,0.4778,19.6
3,512,0.1,gelu,0.005,256,2,2,15,80,0.01,no,adamw,44,7671,0.86248,0.321,15.3
4,1024,0.0,silu,0.003,512,2,2,15,120,0.01,no,adamw,44,7671,0.71713,0.4799,13.0
3,512,0.0,silu,0.003,512,2,2,15,120,0.01,no,adamw,44,7671,1.03305,0.055,14.6
3,1024,0.1,gelu,0.005,512,2,2,15,80,0.01,layernorm,adamw,44,7671,0.94909,0.0911,9.1
4,512,0.1,silu,0.003,256,2,2,15,80,0.01,layernorm,adamw,44,7671,0.68168,0.2348,22.6
3,1024,0.0,gelu,0.003,256,2,2,15,80,0.01,no,adamw,44,7671,0.88635,0.2708,11.4
3,1024,0.1,gelu,0.002,256,2,2,15,80,0.01,no,adamw,44,7671,0.9689,0.3876,11.7
3,512,0.0,gelu,0.002,256,2,2,15,120,0.01,no,adamw,44,7671,0.97539,0.267,26.1
4,512,0.1,gelu,0.008,512,2,2,15,120,0.01,no,adamw,44,7671,0.77426,0.3635,10.9
3,1024,0.1,gelu,0.008,512,2,2,15,120,0.01,layernorm,adamw,44,7671,0.85013,0.6287,15.2
4,512,0.1,gelu,0.002,256,2,2,15,80,0.01,layernorm,adamw,44,7671,0.72103,0.4832,32.3
3,512,0.1,gelu,0.003,512,2,2,15,120,0.01,layernorm,adamw,44,7671,0.79586,0.4172,16.1
3,1024,0.0,silu,0.008,512,2,2,15,120,0.01,no,adamw,44,7671,1.23064,0.1489,9.8
4,512,0.0,gelu,0.003,256,2,2,15,120,0.01,layernorm,adamw,44,7671,0.70056,0.3368,25.3
4,512,0.0,gelu,0.003,512,2,2,15,80,0.01,layernorm,adamw,44,7671,0.94966,0.254,9.9
4,512,0.1,silu,0.008,512,2,2,15,120,0.01,no,adamw,44,7671,0.75261,0.4091,10.8
4,512,0.1,gelu,0.002,512,2,2,15,80,0.01,no,adamw,44,7671,1.01832,0.1515,7.5
4,1024,0.0,gelu,0.008,256,2,2,15,120,0.01,layernorm,adamw,44,7671,0.83902,0.2976,20.7
4,1024,0.1,silu,0.008,512,2,2,15,120,0.01,layernorm,adamw,44,7671,0.84185,0.4948,15.2
3,1024,0.0,silu,0.002,256,2,2,15,120,0.01,no,adamw,44,7671,0.75648,0.4894,18.1
3,512,0.1,gelu,0.002,256,2,2,15,80,0.01,no,adamw,44,7671,0.72662,0.2735,14.3
4,1024,0.1,silu,0.003,512,2,2,15,120,0.01,no,adamw,44,7671,0.65294,0.464,14.2
3,512,0.1,gelu,0.002,256,2,2,15,120,0.01,no,adamw,44,7671,0.72462,0.473,20.1
3,1024,0.0,silu,0.002,512,2,2,15,120,0.01,layernorm,adamw,44,7671,0.90348,0.4742,15.6
4,512,0.1,gelu,0.005,256,2,2,15,80,0.01,layernorm,adamw,44,7671,0.71104,0.522,25.7
3,1024,0.0,silu,0.002,256,2,2,15,80,0.01,layernorm,adamw,44,7671,0.84893,0.4544,14.4
3,512,0.0,gelu,0.005,256,2,2,15,120,0.01,no,adamw,44,7671,0.85059,0.3802,24.4
3,512,0.0,gelu,0.005,256,2,2,15,80,0.01,layernorm,adamw,44,7671,0.71119,0.3667,17.0
4,1024,0.0,silu,0.005,256,2,2,15,120,0.01,no,adamw,44,7671,0.97507,0.4508,19.2
4,1024,0.0,silu,0.008,512,2,2,15,120,0.01,layernorm,adamw,44,7671,0.92242,0.0954,17.7
3,1024,0.1,gelu,0.005,512,2,2,15,80,0.01,no,adamw,44,7671,0.89411,0.3926,8.1
3,1024,0.0,gelu,0.005,512,2,2,15,120,0.01,no,adamw,44,7671,0.98072,0.2991,11.9
3,512,0.0,gelu,0.005,256,2,2,15,80,0.01,no,adamw,44,7671,0.97859,0.43,20.5
4,1024,0.1,gelu,0.003,512,2,2,15,80,0.01,layernorm,adamw,44,7671,0.75177,0.5554,10.3
4,1024,0.1,gelu,0.005,512,2,2,15,120,0.01,no,adamw,44,7671,0.86716,0.4749,9.7
3,1024,0.1,gelu,0.005,256,2,2,15,120,0.01,no,adamw,44,7671,0.95045,0.3044,17.5
4,1024,0.1,silu,0.003,512,2,2,15,80,0.01,no,adamw,44,7671,0.82209,0.5212,8.6
3,1024,0.1,gelu,0.005,256,2,2,15,120,0.01,layernorm,adamw,44,7671,0.75877,0.5836,27.2
4,512,0.0,gelu,0.008,512,2,2,15,80,0.01,no,adamw,44,7671,0.88352,0.431,9.6
3,1024,0.0,silu,0.002,256,2,2,15,120,0.01,layernorm,adamw,44,7671,0.76476,0.3895,20.2
4,1024,0.0,silu,0.002,512,2,2,15,120,0.01,no,adamw,44,7671,0.80272,0.664,11.0
4,1024,0.1,gelu,0.003,256,2,2,15,120,0.01,layernorm,adamw,44,7671,0.64868,0.6129,30.3
3,512,0.0,gelu,0.008,512,2,2,15,80,0.01,layernorm,adamw,44,7671,0.78384,0.3766,7.4
4,512,0.0,gelu,0.005,256,2,2,15,80,0.01,layernorm,adamw,44,7671,0.71092,0.5497,15.1
3,1024,0.1,silu,0.003,512,2,2,15,80,0.01,layernorm,adamw,44,7671,0.90227,0.4081,11.1
4,1024,0.0,silu,0.002,256,2,2,15,80,0.01,layernorm,adamw,44,7671,0.76534,0.4624,18.5
3,512,0.0,silu,0.003,512,2,2,15,80,0.01,no,adamw,44,7671,0.95407,0.5218,11.6
3,1024,0.0,silu,0.005,512,2,2,15,80,0.01,layernorm,adamw,44,7671,0.84002,0.6543,13.4
4,1024,0.1,silu,0.005,512,2,2,15,120,0.01,layernorm,adamw,44,7671,0.72147,0.5015,14.5
4,1024,0.0,silu,0.005,256,2,3,15,80,0.01,layernorm,adamw,46,7671,0.75608,0.4748,14.1
3,512,0.0,silu,0.002,256,2,3,15,80,0.01,layernorm,adamw,46,7671,0.89442,0.4805,12.5
3,512,0.0,gelu,0.003,512,2,3,15,80,0.01,no,adamw,46,7671,0.96829,0.5841,8.5
4,512,0.0,silu,0.005,512,2,3,15,80,0.01,layernorm,adamw,46,7671,0.81189,0.4462,8.8
3,512,0.0,silu,0.005,256,2,3,15,80,0.01,no,adamw,46,7671,0.81502,0.5682,20.5
3,1024,0.1,gelu,0.003,512,2,3,15,120,0.01,no,adamw,46,7671,0.87559,0.2396,10.4
3,1024,0.1,silu,0.003,512,2,3,15,80,0.01,no,adamw,46,7671,0.88868,0.4085,8.5
4,512,0.1,silu,0.008,512,2,3,15,120,0.01,layernorm,adamw,46,7671,0.78658,0.8282,13.0
3,1024,0.0,silu,0.008,512,2,3,15,120,0.01,layernorm,adamw,46,7671,0.93644,0.37,13.8
3,1024,0.1,gelu,0.005,256,2,3,15,80,0.01,no,adamw,46,7671,0.88044,0.2214,11.5
4,512,0.1,silu,0.008,512,2,3,15,80,0.01,no,adamw,46,7671,0.83038,0.2666,8.1
4,1024,0.0,gelu,0.002,256,2,3,15,120,0.01,no,adamw,46,7671,0.88359,0.4445,18.0
3,1024,0.0,silu,0.005,512,2,3,15,80,0.01,layernorm,adamw,46,7671,0.90275,0.4278,11.3
3,512,0.1,gelu,0.005,256,2,3,15,120,0.01,layernorm,adamw,46,7671,0.75766,0.4813,35.1
4,1024,0.1,gelu,0.005,256,2,3,15,120,0.01,layernorm,adamw,46,7671,0.70065,0.4288,28.7
4,512,0.0,silu,0.002,512,2,3,15,80,0.01,layernorm,adamw,46,7671,0.8112,0.3871,7.8
4,1024,0.0,gelu,0.008,512,2,3,15,120,0.01,layernorm,adamw,46,7671,0.8592,0.4424,15.5
3,1024,0.1,gelu,0.002,256,2,3,15,80,0.01,no,adamw,46,7671,0.85095,0.2837,13.3
4,1024,0.1,silu,0.005,256,2,3,15,80,0.01,no,adamw,46,7671,0.80034,0.4084,14.5
4,1024,0.0,silu,0.003,512,2,3,15,120,0.01,no,adamw,46,7671,0.93836,0.3476,13.8
4,1024,0.1,gelu,0.005,256,2,3,15,80,0.01,no,adamw,46,7671,0.8099,0.3411,16.3
3,512,0.0,gelu,0.008,256,2,3,15,120,0.01,layernorm,adamw,46,7671,0.81432,0.5268,25.2
3,512,0.0,silu,0.008,256,2,3,15,120,0.01,no,adamw,46,7671,0.92224,0.5224,25.3
4,512,0.1,silu,0.002,256,2,3,15,120,0.01,no,adamw,46,7671,0.63765,0.4683,22.2
3,512,0.0,silu,0.005,256,2,3,15,80,0.01,layernorm,adamw,46,7671,0.85219,0.2799,13.4
4,1024,0.0,silu,0.003,512,2,3,15,120,0.01,layernorm,adamw,46,7671,0.89197,0.5177,22.1
4,1024,0.1,gelu,0.005,256,2,3,15,80,0.01,layernorm,adamw,46,7671,0.7376,0.5421,20.0
4,1024,0.0,silu,0.008,256,2,3,15,80,0.01,layernorm,adamw,46,7671,0.8247,0.47,17.7
3,1024,0.0,silu,0.002,512,2,3,15,120,0.01,no,adamw,46,7671,0.97304,0.2302,12.0
3,512,0.1,gelu,0.008,256,2,3,15,120,0.01,layernorm,adamw,46,7671,0.65686,0.5848,32.0
3,512,0.1,silu,0.005,512,2,3,15,120,0.01,layernorm,adamw,46,7671,0.83713,0.4051,11.2
3,512,0.0,gelu,0.003,256,2,3,15,80,0.01,layernorm,adamw,46,7671,0.80544,0.3083,14.9
4,512,0.0,silu,0.002,256,2,3,15,120,0.01,layernorm,adamw,46,7671,0.74854,0.6637,20.1
3,512,0.1,silu,0.002,512,2,3,15,80,0.01,layernorm,adamw,46,7671,0.88109,0.4232,9.2
4,1024,0.1,silu,0.002,256,2,3,15,120,0.01,layernorm,adamw,46,7671,0.66314,0.3352,28.9
3,1024,0.0,gelu,0.008,256,2,3,15,80,0.01,no,adamw,46,7671,1.09287,0.2168,13.2
3,512,0.0,gelu,0.008,256,2,3,15,80,0.01,no,adamw,46,7671,0.98821,0.2812,15.8
3,1024,0.1,gelu,0.003,512,2,3,15,80,0.01,layernorm,adamw,46,7671,0.90551,0.397,11.0
4,512,0.1,silu,0.002,512,2,3,15,80,0.01,layernorm,adamw,46,7671,0.74464,0.4745,13.7
4,1024,0.0,silu,0.002,512,2,3,15,80,0.01,layernorm,adamw,46,7671,1.01989,0.1673,17.5
4,512,0.1,silu,0.002,256,2,3,15,120,0.01,layernorm,adamw,46,7671,0.75908,0.4921,36.9
4,1024,0.1,silu,0.008,512,2,3,15,80,0.01,no,adamw,46,7671,1.12404,0.0058,8.3
4,512,0.0,gelu,0.005,512,2,3,15,120,0.01,no,adamw,46,7671,0.76857,0.2404,13.9
3,1024,0.1,gelu,0.002,256,2,3,15,120,0.01,layernorm,adamw,46,7671,0.74436,0.5495,26.8
3,1024,0.1,gelu,0.002,512,2,3,15,80,0.01,no,adamw,46,7671,0.89755,0.3056,7.8
3,512,0.1,gelu,0.003,256,2,3,15,80,0.01,layernorm,adamw,46,7671,0.87477,0.4484,19.4
3,1024,0.0,silu,0.002,256,2,3,15,80,0.01,layernorm,adamw,46,7671,0.78609,0.4708,13.1
4,1024,0.0,gelu,0.002,256,2,3,15,120,0.01,layernorm,adamw,46,7671,0.69137,0.5308,21.3
4,512,0.1,silu,0.005,512,2,3,15,80,0.01,layernorm,adamw,46,7671,0.81342,0.5882,11.8
3,512,0.1,gelu,0.008,512,2,3,15,80,0.01,layernorm,adamw,46,7671,0.79347,0.5474,12.4
3,1024,0.1,gelu,0.002,512,2,3,15,80,0.01,layernorm,adamw,46,7671,0.84458,0.4507,9.2
3,1024,0.1,silu,0.008,512,2,3,15,80,0.01,no,adamw,46,7671,1.03769,0.4259,7.7
4,1024,0.1,gelu,0.003,512,2,3,15,120,0.01,layernorm,adamw,46,7671,0.7229,0.2563,15.9
4,1024,0.0,gelu,0.008,256,2,3,15,80,0.01,layernorm,adamw,46,7671,0.78767,0.5223,15.6
3,512,0.0,silu,0.005,512,2,3,15,80,0.01,no,adamw,46,7671,0.94054,0.6016,7.5
4,512,0.0,silu,0.008,512,2,3,15,120,0.01,layernorm,adamw,46,7671,0.72974,0.4099,12.8
3,1024,0.1,silu,0.008,512,2,3,15,120,0.01,no,adamw,46,7671,0.81285,0.2311,13.1
4,512,0.0,gelu,0.003,512,2,3,15,80,0.01,layernorm,adamw,46,7671,0.79028,0.4333,8.2
4,512,0.0,gelu,0.005,512,2,3,15,80,0.01,layernorm,adamw,46,7671,0.74995,0.3338,8.1
4,1024,0.1,gelu,0.002,512,2,3,15,80,0.01,no,adamw,46,7671,0.91184,0.3813,9.8
4,1024,0.1,gelu,0.002,256,2,3,15,120,0.01,no,adamw,46,7671,0.7895,0.4219,22.4
4,1024,0.1,gelu,0.002,256,2,3,15,120,0.01,layernorm,adamw,46,7671,0.72063,0.5214,28.4
4,1024,0.0,gelu,0.008,256,2,3,15,120,0.01,layernorm,adamw,46,7671,0.72636,0.4835,22.3
4,1024,0.0,silu,0.005,256,2,3,15,120,0.01,layernorm,adamw,46,7671,0.70724,0.5067,25.4
3,1024,0.1,gelu,0.008,512,2,5,15,80,0.01,no,adamw,50,7671,0.81589,0.3064,10.8
3,1024,0.0,silu,0.005,256,2,5,15,80,0.01,no,adamw,50,7671,0.82451,0.4973,16.2
3,512,0.0,gelu,0.002,512,2,5,15,120,0.01,no,adamw,50,7671,0.92233,0.2043,12.9
4,512,0.1,gelu,0.005,512,2,5,15,80,0.01,layernorm,adamw,50,7671,0.80904,0.473,8.4
3,1024,0.1,silu,0.002,256,2,5,15,120,0.01,layernorm,adamw,50,7671,0.78368,0.5255,21.7
3,1024,0.0,gelu,0.008,512,2,5,15,120,0.01,no,adamw,50,7671,0.92702,0.4118,10.1
3,512,0.0,gelu,0.002,256,2,5,15,120,0.01,no,adamw,50,7671,0.95085,0.1959,24.7
4,512,0.1,gelu,0.003,512,2,5,15,120,0.01,no,adamw,50,7671,0.80746,0.4347,12.9
3,512,0.1,gelu,0.008,512,2,5,15,120,0.01,no,adamw,50,7671,1.00388,0.4978,13.0
4,512,0.0,gelu,0.003,256,2,5,15,80,0.01,no,adamw,50,7671,1.03152,0.5443,17.4
4,512,0.1,gelu,0.005,512,2,5,15,120,0.01,layernorm,adamw,50,7671,0.7711,0.5053,15.7
3,512,0.0,silu,0.005,512,2,5,15,80,0.01,no,adamw,50,7671,1.06038,0.3178,11.6
4,1024,0.0,silu,0.005,256,2,5,15,120,0.01,layernorm,adamw,50,7671,0.93929,0.0532,26.9
3,512,0.0,gelu,0.003,256,2,5,15,120,0.01,no,adamw,50,7671,0.86969,0.358,28.9
4,1024,0.1,silu,0.008,512,2,5,15,120,0.01,no,adamw,50,7671,1.20975,0.0932,16.6
4,512,0.1,silu,0.002,512,2,5,15,80,0.01,layernorm,adamw,50,7671,0.81473,0.2263,14.7
3,512,0.1,silu,0.005,512,2,5,15,120,0.01,layernorm,adamw,50,7671,0.75127,0.6273,17.1
4,512,0.0,gelu,0.002,512,2,5,15,80,0.01,no,adamw,50,7671,0.76732,0.3149,10.2
3,512,0.0,silu,0.003,512,2,5,15,120,0.01,no,adamw,50,7671,1.06317,0.5877,12.1
3,512,0.1,gelu,0.002,512,2,5,15,80,0.01,no,adamw,50,7671,0.90724,0.4509,10.0
4,512,0.0,silu,0.005,512,2,5,15,120,0.01,layernorm,adamw,50,7671,0.72186,0.5864,13.9
3,1024,0.1,gelu,0.003,256,2,5,15,120,0.01,no,adamw,50,7671,0.94569,0.3969,16.7
3,1024,0.0,gelu,0.005,256,2,5,15,120,0.01,no,adamw,50,7671,0.91133,0.42,16.4
3,1024,0.0,gelu,0.003,256,2,5,15,80,0.01,layernorm,adamw,50,7671,0.93022,0.4378,14.7
4,1024,0.0,gelu,0.002,256,2,5,15,120,0.01,layernorm,adamw,50,7671,0.79031,0.5038,23.1
3,1024,0.1,gelu,0.003,512,2,5,15,80,0.01,no,adamw,50,7671,0.85283,0.3908,7.4
3,1024,0.0,gelu,0.003,256,2,5,15,120,0.01,no,adamw,50,7671,0.79991,0.3974,18.4
4,512,0.1,gelu,0.005,256,2,5,15,120,0.01,no,adamw,50,7671,0.87395,0.4108,23.6
4,512,0.0,gelu,0.005,256,2,5,15,120,0.01,layernorm,adamw,50,7671,0.80296,0.5104,21.8
3,1024,0.0,gelu,0.003,512,2,5,15,80,0.01,layernorm,adamw,50,7671,0.82682,0.4231,12.3
3,512,0.0,silu,0.008,256,2,5,15,120,0.01,no,adamw,50,7671,0.76112,0.5931,28.6
3,512,0.0,gelu,0.002,512,2,5,15,80,0.01,layernorm,adamw,50,7671,0.93766,0.2622,7.2
4,512,0.0,gelu,0.008,512,2,5,15,120,0.01,layernorm,adamw,50,7671,0.87453,0.4783,10.5
4,512,0.0,silu,0.003,256,2,5,15,120,0.01,layernorm,adamw,50,7671,0.88098,0.4594,24.2
4,1024,0.1,silu,0.008,256,2,5,15,80,0.01,layernorm,adamw,50,7671,0.79884,0.414,24.4
4,512,0.0,silu,0.005,256,2,5,15,80,0.01,layernorm,adamw,50,7671,0.84861,0.6473,16.7
3,1024,0.1,silu,0.008,512,2,5,15,120,0.01,layernorm,adamw,50,7671,0.78123,0.4973,13.3
3,512,0.0,silu,0.003,512,2,5,15,80,0.01,no,adamw,50,7671,0.98232,0.3738,7.4
3,512,0.0,gelu,0.002,256,2,5,15,80,0.01,no,adamw,50,7671,1.1092,0.425,15.4
3,1024,0.0,silu,0.002,256,2,5,15,120,0.01,no,adamw,50,7671,0.86512,0.5093,15.7
3,512,0.1,silu,0.002,512,2,5,15,80,0.01,layernorm,adamw,50,7671,0.80791,0.5458,9.2
4,512,0.0,gelu,0.005,512,2,5,15,80,0.01,no,adamw,50,7671,0.94514,0.4064,7.3
3,1024,0.0,gelu,0.002,256,2,5,15,120,0.01,layernorm,adamw,50,7671,0.77847,0.4477,14.0
3,1024,0.1,gelu,0.002,256,2,5,15,120,0.01,layernorm,adamw,50,7671,0.78281,0.5254,24.2
3,512,0.0,silu,0.005,256,2,5,15,80,0.01,layernorm,adamw,50,7671,0.78373,0.5176,15.9
4,1024,0.0,gelu,0.003,512,2,5,15,80,0.01,layernorm,adamw,50,7671,0.95924,0.6245,13.2
3,1024,0.1,silu,0.005,256,2,5,15,120,0.01,no,adamw,50,7671,0.8175,0.3191,16.1
4,1024,0.1,silu,0.003,256,2,5,15,80,0.01,layernorm,adamw,50,7671,0.8066,0.4779,19.1
3,1024,0.1,gelu,0.008,512,2,5,15,120,0.01,layernorm,adamw,50,7671,0.87769,0.6388,13.9
3,1024,0.1,silu,0.003,256,2,5,15,120,0.01,no,adamw,50,7671,0.79997,0.3416,16.8
4,1024,0.1,gelu,0.005,256,2,5,15,120,0.01,no,adamw,50,7671,0.84431,0.4689,17.7
4,1024,0.1,silu,0.002,256,2,5,15,80,0.01,no,adamw,50,7671,0.83931,0.3071,16.2
3,1024,0.0,gelu,0.005,512,2,5,15,120,0.01,no,adamw,50,7671,0.91741,0.316,9.6
3,1024,0.1,gelu,0.008,512,2,5,15,120,0.01,no,adamw,50,7671,1.06071,0.2839,10.1
3,512,0.0,gelu,0.005,256,2,5,15,120,0.01,no,adamw,50,7671,0.95001,0.329,23.4
4,512,0.1,silu,0.003,256,2,5,15,120,0.01,no,adamw,50,7671,0.82316,0.2989,21.9
3,1024,0.1,gelu,0.003,512,2,5,15,120,0.01,layernorm,adamw,50,7671,0.78677,0.4829,14.9
4,512,0.1,silu,0.008,256,2,5,15,80,0.01,no,adamw,50,7671,1.00879,0.2326,15.7
3,512,0.1,gelu,0.003,256,2,5,15,80,0.01,no,adamw,50,7671,0.8376,0.45,15.4
4,512,0.1,silu,0.003,256,2,5,15,80,0.01,no,adamw,50,7671,0.7597,0.3962,17.7
3,512,0.0,silu,0.002,512,2,5,15,80,0.01,no,adamw,50,7671,1.0117,0.5032,8.9
4,1024,0.0,silu,0.005,512,2,5,15,120,0.01,layernorm,adamw,50,7671,0.89562,0.5704,17.2
3,512,0.1,silu,0.003,256,2,5,15,120,0.01,layernorm,adamw,50,7671,0.83356,0.5136,32.4
4,1024,0.1,silu,0.003,512,2,5,15,80,0.01,no,adamw,50,7671,0.86825,0.5317,7.6
4,1024,0.1,gelu,0.005,512,3,2,15,120,0.01,no,adamw,54,7671,0.70115,0.2979,15.8
4,512,0.0,gelu,0.005,512,3,2,15,120,0.01,no,adamw,54,7671,1.01109,0.5701,10.8
3,512,0.1,silu,0.005,512,3,2,15,120,0.01,layernorm,adamw,54,7671,0.76552,0.4856,15.7
4,512,0.1,silu,0.002,256,3,2,15,120,0.01,layernorm,adamw,54,7671,0.66348,0.6239,37.4
4,1024,0.0,gelu,0.005,256,3,2,15,80,0.01,layernorm,adamw,54,7671,0.81887,0.6169,13.6
3,512,0.1,gelu,0.002,512,3,2,15,80,0.01,layernorm,adamw,54,7671,0.856,0.4314,12.9
4,1024,0.0,gelu,0.005,512,3,2,15,80,0.01,layernorm,adamw,54,7671,0.83691,0.1771,13.4
3,512,0.0,gelu,0.005,512,3,2,15,120,0.01,layernorm,adamw,54,7671,0.8243,0.4426,11.5
4,512,0.0,gelu,0.005,256,3,2,15,80,0.01,no,adamw,54,7671,0.78697,0.2378,20.0
4,1024,0.0,silu,0.003,512,3,2,15,80,0.01,no,adamw,54,7671,0.77934,0.5809,8.5
3,1024,0.0,silu,0.008,512,3,2,15,120,0.01,no,adamw,54,7671,0.83386,0.3527,10.3
3,1024,0.0,silu,0.002,512,3,2,15,120,0.01,no,adamw,54,7671,1.16688,0.0746,10.5
4,1024,0.1,silu,0.003,256,3,2,15,120,0.01,no,adamw,54,7671,0.64983,0.4622,21.0
3,1024,0.0,silu,0.008,512,3,2,15,80,0.01,no,adamw,54,7671,1.02299,0.5734,7.9
4,512,0.1,gelu,0.002,256,3,2,15,80,0.01,no,adamw,54,7671,0.87429,0.3812,15.1
3,1024,0.0,silu,0.003,256,3,2,15,80,0.01,layernorm,adamw,54,7671,0.76093,0.3972,11.6
4,1024,0.0,gelu,0.002,256,3,2,15,80,0.01,layernorm,adamw,54,7671,0.80754,0.5185,15.7
3,1024,0.1,silu,0.003,512,3,2,15,120,0.01,no,adamw,54,7671,0.88107,0.4322,16.1
3,1024,0.1,gelu,0.005,256,3,2,15,80,0.01,layernorm,adamw,54,7671,0.83716,0.5047,21.1
4,1024,0.0,gelu,0.005,256,3,2,15,80,0.01,no,adamw,54,7671,0.90958,0.3838,15.4
4,1024,0.0,gelu,0.008,512,3,2,15,80,0.01,no,adamw,54,7671,1.22469,0.0205,8.0
3,1024,0.1,silu,0.002,512,3,2,15,80,0.01,layernorm,adamw,54,7671,0.91137,0.3088,9.2
3,1024,0.1,gelu,0.005,512,3,2,15,80,0.01,layernorm,adamw,54,7671,0.80646,0.4806,9.9
4,1024,0.1,silu,0.002,256,3,2,15,80,0.01,layernorm,adamw,54,7671,0.65512,0.4553,19.1
3,1024,0.1,gelu,0.005,512,3,2,15,120,0.01,layernorm,adamw,54,7671,0.76586,0.4919,14.2
3,1024,0.1,gelu,0.008,512,3,2,15,120,0.01,no,adamw,54,7671,0.85138,0.2619,12.0
4,512,0.0,gelu,0.002,512,3,2,15,80,0.01,no,adamw,54,7671,1.04065,0.2822,9.3
3,1024,0.0,gelu,0.002,256,3,2,15,80,0.01,layernorm,adamw,54,7671,0.83231,0.3877,15.6
3,1024,0.0,gelu,0.005,512,3,2,15,120,0.01,no,adamw,54,7671,1.03682,0.1252,13.0
4,512,0.0,silu,0.003,256,3,2,15,80,0.01,layernorm,adamw,54,7671,0.78722,0.5074,19.2
3,512,0.0,gelu,0.008,256,3,2,15,80,0.01,layernorm,adamw,54,7671,0.82726,0.4722,14.1
3,512,0.0,silu,0.003,512,3,2,15,120,0.01,no,adamw,54,7671,1.00288,0.4988,13.0
3,1024,0.0,silu,0.003,512,3,2,15,120,0.01,no,adamw,54,7671,1.04691,0.6683,11.9
4,1024,0.1,silu,0.002,512,3,2,15,120,0.01,layernorm,adamw,54,7671,0.71603,0.4614,13.7
3,1024,0.1,silu,0.003,512,3,2,15,120,0.01,layernorm,adamw,54,7671,0.83656,0.3261,13.1
4,512,0.0,gelu,0.008,512,3,2,15,80,0.01,layernorm,adamw,54,7671,0.76013,0.3563,8.9
3,1024,0.1,gelu,0.008,256,3,2,15,120,0.01,no,adamw,54,7671,0.69667,0.1342,16.2
4,1024,0.0,silu,0.008,512,3,2,15,120,0.01,no,adamw,54,7671,1.07026,0.1768,12.5
3,512,0.1,gelu,0.005,512,3,2,15,80,0.01,no,adamw,54,7671,0.85348,0.3605,7.4
4,512,0.0,silu,0.008,512,3,2,15,80,0.01,no,adamw,54,7671,0.7633,0.483,8.7
3,512,0.0,gelu,0.005,256,3,2,15,120,0.01,no,adamw,54,7671,0.92835,0.4793,27.1
3,512,0.1,gelu,0.002,512,3,2,15,80,0.01,no,adamw,54,7671,0.91605,0.3225,8.8
4,512,0.0,gelu,0.003,256,3,2,15,80,0.01,no,adamw,54,7671,0.66094,0.3853,15.8
3,512,0.1,silu,0.008,256,3,2,15,80,0.01,layernorm,adamw,54,7671,0.83168,0.4186,25.2
4,1024,0.1,silu,0.003,256,3,2,15,80,0.01,layernorm,adamw,54,7671,0.70597,0.592,20.3
4,1024,0.0,silu,0.003,256,3,2,15,120,0.01,no,adamw,54,7671,0.67492,0.5348,23.6
3,512,0.1,silu,0.002,512,3,2,15,80,0.01,layernorm,adamw,54,7671,0.84057,0.406,14.1
3,1024,0.1,silu,0.002,256,3,2,15,80,0.01,layernorm,adamw,54,7671,0.78758,0.3914,18.4
3,512,0.0,gelu,0.002,512,3,2,15,120,0.01,layernorm,adamw,54,7671,0.89637,0.3553,9.9
4,512,0.0,gelu,0.005,512,3,2,15,80,0.01,layernorm,adamw,54,7671,0.67471,0.5673,8.0
3,1024,0.1,gelu,0.003,512,3,2,15,120,0.01,no,adamw,54,7671,0.86052,0.29,9.6
4,1024,0.1,gelu,0.003,256,3,2,15,120,0.01,layernorm,adamw,54,7671,0.70695,0.3245,30.3
4,512,0.0,silu,0.002,512,3,2,15,120,0.01,no,adamw,54,7671,1.08687,0.2195,11.6
3,512,0.0,gelu,0.002,256,3,2,15,120,0.01,no,adamw,54,7671,0.81443,0.5786,24.6
3,512,0.0,gelu,0.008,512,3,2,15,120,0.01,no,adamw,54,7671,0.91669,0.3167,13.2
3,512,0.1,silu,0.008,256,3,2,15,120,0.01,no,adamw,54,7671,0.72328,0.2104,20.5
3,1024,0.0,silu,0.008,512,3,2,15,120,0.01,layernorm,adamw,54,7671,0.84715,0.3087,16.5
4,1024,0.1,gelu,0.002,512,3,2,15,120,0.01,no,adamw,54,7671,0.87441,0.4196,12.5
3,512,0.0,silu,0.005,512,3,2,15,80,0.01,no,adamw,54,7671,0.87981,0.4797,8.9
3,1024,0.0,gelu,0.002,512,3,2,15,120,0.01,layernorm,adamw,54,7671,0.85277,0.5061,12.4
4,512,0.0,gelu,0.003,256,3,2,15,120,0.01,layernorm,adamw,54,7671,0.74778,0.4175,22.0
3,1024,0.0,silu,0.003,512,3,2,15,120,0.01,layernorm,adamw,54,7671,0.80314,0.4789,16.5
3,512,0.0,gelu,0.003,512,3,2,15,80,0.01,no,adamw,54,7671,0.92969,0.4196,9.3
4,512,0.1,silu,0.003,256,3,2,15,120,0.01,layernorm,adamw,54,7671,0.64821,0.5227,40.7
4,1024,0.0,gelu,0.003,256,3,3,15,120,0.01,layernorm,adamw,56,7671,0.79217,0.4785,24.4
4,512,0.1,gelu,0.005,256,3,3,15,120,0.01,layernorm,adamw,56,7671,0.66598,0.4795,34.2
4,1024,0.1,silu,0.003,256,3,3,15,80,0.01,no,adamw,56,7671,0.80084,0.6811,14.6
4,1024,0.1,gelu,0.003,512,3,3,15,80,0.01,layernorm,adamw,56,7671,0.73765,0.43,11.9
4,1024,0.1,silu,0.002,256,3,3,15,120,0.01,layernorm,adamw,56,7671,0.74131,0.4613,29.0
3,512,0.1,silu,0.008,256,3,3,15,80,0.01,layernorm,adamw,56,7671,0.77731,0.5663,22.7
4,512,0.0,gelu,0.008,256,3,3,15,80,0.01,layernorm,adamw,56,7671,0.74294,0.5344,13.7
4,1024,0.0,silu,0.005,256,3,3,15,120,0.01,no,adamw,56,7671,0.75571,0.2631,22.4
3,1024,0.1,silu,0.005,256,3,3,15,120,0.01,no,adamw,56,7671,0.76032,0.3091,19.9
4,512,0.0,silu,0.003,256,3,3,15,80,0.01,no,adamw,56,7671,0.97773,0.3472,16.5
4,512,0.1,silu,0.003,256,3,3,15,120,0.01,layernorm,adamw,56,7671,0.6703,0.4888,40.6
4,1024,0.0,silu,0.005,256,3,3,15,80,0.01,layernorm,adamw,56,7671,0.7244,0.494,18.0
3,1024,0.0,gelu,0.002,512,3,3,15,80,0.01,layernorm,adamw,56,7671,0.8624,0.2674,11.8
4,512,0.1,gelu,0.003,512,3,3,15,120,0.01,no,adamw,56,7671,0.80948,0.4255,11.3
3,1024,0.1,gelu,0.002,256,3,3,15,80,0.01,no,adamw,56,7671,0.76264,0.4588,10.5
4,512,0.0,silu,0.008,256,3,3,15,80,0.01,no,adamw,56,7671,0.81329,0.595,17.6
4,512,0.0,silu,0.002,512,3,3,15,120,0.01,layernorm,adamw,56,7671,0.89998,0.4199,16.8
3,512,0.0,gelu,0.002,512,3,3,15,120,0.01,no,adamw,56,7671,0.86018,0.4094,12.6
3,1024,0.1,silu,0.005,256,3,3,15,120,0.01,layernorm,adamw,56,7671,0.77226,0.4735,27.0
3,512,0.0,silu,0.008,512,3,3,15,80,0.01,no,adamw,56,7671,0.78973,0.3835,8.9
4,1024,0.0,silu,0.003,512,3,3,15,80,0.01,layernorm,adamw,56,7671,0.76069,0.5992,12.8
3,1024,0.1,gelu,0.003,256,3,3,15,80,0.01,layernorm,adamw,56,7671,0.80822,0.4746,16.2
4,512,0.0,silu,0.005,512,3,3,15,120,0.01,layernorm,adamw,56,7671,0.87165,0.5159,13.2
3,512,0.1,gelu,0.005,512,3,3,15,80,0.01,layernorm,adamw,56,7671,0.78863,0.5036,12.4
4,512,0.1,gelu,0.003,256,3,3,15,80,0.01,layernorm,adamw,56,7671,0.7035,0.522,22.7
4,512,0.0,silu,0.003,512,3,3,15,80,0.01,no,adamw,56,7671,0.86268,0.3286,9.7
4,1024,0.0,gelu,0.005,512,3,3,15,120,0.01,no,adamw,56,7671,0.86028,0.445,9.9
3,1024,0.0,gelu,0.008,512,3,3,15,120,0.01,layernorm,adamw,56,7671,0.90984,0.4226,15.3
3,512,0.0,gelu,0.003,512,3,3,15,80,0.01,layernorm,adamw,56,7671,0.92335,0.3604,6.9
3,1024,0.0,silu,0.008,256,3,3,15,120,0.01,layernorm,adamw,56,7671,0.75416,0.494,18.2
3,512,0.1,silu,0.005,256,3,3,15,120,0.01,no,adamw,56,7671,0.73058,0.1618,18.7
3,512,0.0,gelu,0.008,256,3,3,15,80,0.01,no,adamw,56,7671,1.05145,0.4181,16.6
3,1024,0.1,gelu,0.005,256,3,3,15,80,0.01,no,adamw,56,7671,0.88976,0.2912,13.2
3,1024,0.1,gelu,0.002,256,3,3,15,120,0.01,layernorm,adamw,56,7671,0.83394,0.4311,23.0
4,512,0.1,silu,0.005,512,3,3,15,80,0.01,no,adamw,56,7671,0.88482,0.505,7.3
4,1024,0.0,gelu,0.008,512,3,3,15,80,0.01,no,adamw,56,7671,1.33582,0.2416,8.4
3,512,0.0,gelu,0.002,256,3,3,15,80,0.01,no,adamw,56,7671,0.92575,0.4519,21.8
4,1024,0.0,gelu,0.008,256,3,3,15,80,0.01,layernorm,adamw,56,7671,0.84908,0.4804,19.3
3,1024,0.0,gelu,0.003,256,3,3,15,120,0.01,no,adamw,56,7671,0.94577,0.429,16.8
4,1024,0.0,silu,0.002,512,3,3,15,120,0.01,layernorm,adamw,56,7671,0.79699,0.6557,15.0
3,1024,0.0,gelu,0.005,256,3,3,15,80,0.01,no,adamw,56,7671,0.83426,0.3272,12.6
4,512,0.1,silu,0.008,512,3,3,15,80,0.01,no,adamw,56,7671,0.71526,0.3177,9.8
3,512,0.0,gelu,0.003,512,3,3,15,120,0.01,no,adamw,56,7671,0.99687,0.5722,13.6
3,512,0.0,gelu,0.008,256,3,3,15,80,0.01,layernorm,adamw,56,7671,0.72663,0.347,15.3
4,512,0.0,gelu,0.008,512,3,3,15,80,0.01,no,adamw,56,7671,1.18493,0.2866,9.4
4,512,0.0,gelu,0.005,256,3,3,15,120,0.01,no,adamw,56,7671,0.9073,0.4557,22.5
3,1024,0.1,silu,0.008,256,3,3,15,80,0.01,layernorm,adamw,56,7671,0.7154,0.5857,19.0
4,1024,0.1,gelu,0.002,512,3,3,15,120,0.01,no,adamw,56,7671,0.71727,0.3557,13.8
4,512,0.1,silu,0.008,256,3,3,15,120,0.01,layernorm,adamw,56,7671,0.86132,0.6458,33.8
4,1024,0.1,gelu,0.005,256,3,3,15,120,0.01,layernorm,adamw,56,7671,0.7,0.5172,33.7
3,1024,0.1,gelu,0.008,256,3,3,15,120,0.01,no,adamw,56,7671,0.90784,0.2959,17.7
3,1024,0.0,gelu,0.002,512,3,3,15,120,0.01,no,adamw,56,7671,0.81216,0.5736,9.2
4,512,0.1,gelu,0.005,256,3,3,15,80,0.01,no,adamw,56,7671,0.95063,0.2783,14.5
3,512,0.1,silu,0.005,512,3,3,15,120,0.01,layernorm,adamw,56,7671,0.82394,0.4509,18.2
4,512,0.0,gelu,0.008,512,3,3,15,120,0.01,no,adamw,56,7671,0.75044,0.4017,15.0
4,512,0.1,gelu,0.005,512,3,3,15,120,0.01,layernorm,adamw,56,7671,0.71711,0.5393,17.3
3,512,0.0,gelu,0.002,256,3,3,15,80,0.01,layernorm,adamw,56,7671,0.74991,0.2988,16.2
4,1024,0.1,gelu,0.005,512,3,3,15,120,0.01,no,adamw,56,7671,0.89977,0.2697,13.3
4,1024,0.1,silu,0.003,512,3,3,15,80,0.01,layernorm,adamw,56,7671,0.75819,0.4707,11.9
3,512,0.1,gelu,0.003,512,3,3,15,80,0.01,no,adamw,56,7671,1.05024,0.3905,10.5
4,512,0.0,silu,0.003,512,3,3,15,120,0.01,layernorm,adamw,56,7671,0.84077,0.5039,12.6
3,512,0.0,gelu,0.003,256,3,3,15,80,0.01,layernorm,adamw,56,7671,0.84429,0.4045,17.0
3,1024,0.1,gelu,0.002,512,3,3,15,80,0.01,no,adamw,56,7671,1.00486,0.4965,9.7
4,512,0.0,silu,0.003,512,3,3,15,80,0.01,layernorm,adamw,56,7671,0.7221,0.4828,12.6
3,1024,0.0,gelu,0.005,256,3,5,15,120,0.01,no,adamw,60,7671,0.92557,0.2422,19.4
4,1024,0.0,silu,0.005,512,3,5,15,80,0.01,layernorm,adamw,60,7671,0.90604,0.5204,11.3
3,1024,0.1,gelu,0.008,512,3,5,15,80,0.01,layernorm,adamw,60,7671,0.86217,0.3727,8.9
3,512,0.0,silu,0.002,512,3,5,15,80,0.01,no,adamw,60,7671,1.08512,0.4056,8.5
3,1024,0.1,silu,0.008,256,3,5,15,120,0.01,no,adamw,60,7671,0.78506,0.4589,20.4
4,512,0.0,silu,0.003,512,3,5,15,80,0.01,no,adamw,60,7671,1.04394,0.0378,9.6
3,1024,0.0,silu,0.008,512,3,5,15,120,0.01,no,adamw,60,7671,1.03077,0.4536,11.9
4,512,0.1,gelu,0.005,256,3,5,15,120,0.01,no,adamw,60,7671,0.81959,0.3005,24.0
4,512,0.0,gelu,0.005,512,3,5,15,80,0.01,layernorm,adamw,60,7671,0.76786,0.555,7.7
3,512,0.0,silu,0.005,512,3,5,15,80,0.01,layernorm,adamw,60,7671,0.81504,0.4673,6.7
3,512,0.0,silu,0.005,256,3,5,15,80,0.01,layernorm,adamw,60,7671,0.72175,0.4045,11.6
4,512,0.1,silu,0.002,512,3,5,15,80,0.01,no,adamw,60,7671,0.92968,0.4012,10.2
3,512,0.1,silu,0.003,512,3,5,15,80,0.01,no,adamw,60,7671,0.86216,0.4096,10.4
4,1024,0.1,gelu,0.005,256,3,5,15,80,0.01,no,adamw,60,7671,0.81269,0.3224,16.7
3,1024,0.0,silu,0.008,256,3,5,15,80,0.01,layernorm,adamw,60,7671,0.85011,0.4312,16.7
3,1024,0.0,gelu,0.008,256,3,5,15,120,0.01,layernorm,adamw,60,7671,0.83402,0.4585,23.4
3,1024,0.1,silu,0.008,512,3,5,15,120,0.01,layernorm,adamw,60,7671,0.82968,0.3749,11.7
4,1024,0.0,silu,0.008,512,3,5,15,120,0.01,layernorm,adamw,60,7671,0.84603,0.5235,17.8
3,512,0.1,silu,0.005,512,3,5,15,80,0.01,no,adamw,60,7671,0.93134,0.3627,10.6
4,512,0.0,gelu,0.003,512,3,5,15,80,0.01,no,adamw,60,7671,0.87215,0.6372,9.5
4,1024,0.1,silu,0.005,512,3,5,15,80,0.01,layernorm,adamw,60,7671,0.74732,0.433,9.5
3,512,0.1,gelu,0.005,256,3,5,15,120,0.01,no,adamw,60,7671,0.95047,0.282,22.4
3,512,0.0,gelu,0.002,512,3,5,15,120,0.01,no,adamw,60,7671,0.86592,0.2709,13.4
3,512,0.1,gelu,0.003,256,3,5,15,80,0.01,no,adamw,60,7671,0.82801,0.3164,17.5
4,512,0.1,silu,0.003,512,3,5,15,120,0.01,layernorm,adamw,60,7671,0.80569,0.4063,16.3
4,1024,0.0,gelu,0.005,256,3,5,15,80,0.01,no,adamw,60,7671,1.03496,0.4073,11.3
4,512,0.1,silu,0.008,256,3,5,15,120,0.01,no,adamw,60,7671,0.88134,0.3114,20.0
4,512,0.1,gelu,0.005,512,3,5,15,120,0.01,no,adamw,60,7671,0.72895,0.5661,14.8
4,512,0.1,gelu,0.008,512,3,5,15,80,0.01,no,adamw,60,7671,0.97533,0.3501,7.0
3,512,0.1,gelu,0.003,512,3,5,15,120,0.01,layernorm,adamw,60,7671,0.78807,0.5306,10.2
3,512,0.0,silu,0.005,512,3,5,15,120,0.01,layernorm,adamw,60,7671,0.79247,0.3769,13.2
4,512,0.1,silu,0.003,512,3,5,15,120,0.01,no,adamw,60,7671,0.78321,0.5248,16.4
4,512,0.0,gelu,0.003,512,3,5,15,80,0.01,layernorm,adamw,60,7671,0.8157,0.4053,10.4
4,512,0.0,gelu,0.002,256,3,5,15,120,0.01,no,adamw,60,7671,0.95114,0.4395,28.5
3,1024,0.0,silu,0.003,256,3,5,15,80,0.01,layernorm,adamw,60,7671,0.82624,0.5717,14.3
4,1024,0.1,silu,0.008,256,3,5,15,120,0.01,layernorm,adamw,60,7671,0.73968,0.6508,30.2
4,512,0.1,silu,0.005,512,3,5,15,80,0.01,layernorm,adamw,60,7671,0.85334,0.4626,10.6
4,1024,0.1,gelu,0.002,256,3,5,15,80,0.01,no,adamw,60,7671,0.817,0.368,15.1
4,1024,0.1,silu,0.002,512,3,5,15,120,0.01,layernorm,adamw,60,7671,0.80007,0.5457,14.4
3,1024,0.1,gelu,0.005,512,3,5,15,120,0.01,no,adamw,60,7671,0.87844,0.1939,10.3
3,512,0.1,silu,0.003,512,3,5,15,120,0.01,no,adamw,60,7671,0.93118,0.3898,14.7
3,512,0.0,silu,0.003,256,3,5,15,80,0.01,no,adamw,60,7671,0.83052,0.3795,17.9
3,512,0.0,gelu,0.005,512,3,5,15,80,0.01,layernorm,adamw,60,7671,0.83951,0.2842,9.1
3,1024,0.1,gelu,0.003,512,3,5,15,80,0.01,layernorm,adamw,60,7671,0.82257,0.3265,12.4
3,1024,0.0,silu,0.003,512,3,5,15,120,0.01,layernorm,adamw,60,7671,0.84444,0.2759,16.8
4,512,0.1,silu,0.002,512,3,5,15,120,0.01,no,adamw,60,7671,0.85661,0.2318,13.2
4,512,0.0,silu,0.003,256,3,5,15,120,0.01,no,adamw,60,7671,0.92476,0.3419,26.5
3,1024,0.0,silu,0.005,512,3,5,15,80,0.01,layernorm,adamw,60,7671,0.95048,0.526,11.6
3,1024,0.1,silu,0.002,256,3,5,15,120,0.01,no,adamw,60,7671,0.74039,0.4351,14.7
4,512,0.1,gelu,0.003,512,3,5,15,80,0.01,no,adamw,60,7671,0.88354,0.4939,9.3
4,512,0.0,gelu,0.005,512,3,5,15,120,0.01,no,adamw,60,7671,0.80101,0.3872,15.1
3,1024,0.0,gelu,0.005,256,3,5,15,120,0.01,layernorm,adamw,60,7671,0.85604,0.3349,16.9
3,512,0.0,gelu,0.005,256,3,5,15,120,0.01,layernorm,adamw,60,7671,0.85569,0.2593,21.7
3,1024,0.0,silu,0.005,256,3,5,15,120,0.01,no,adamw,60,7671,0.85575,0.3797,22.7
3,512,0.0,silu,0.003,512,3,5,15,120,0.01,layernorm,adamw,60,7671,0.84644,0.5611,11.2
3,1024,0.0,gelu,0.002,512,3,5,15,120,0.01,no,adamw,60,7671,0.99622,0.5238,12.9
4,512,0.0,gelu,0.008,512,3,5,15,120,0.01,layernorm,adamw,60,7671,0.87996,0.2697,12.6
4,1024,0.0,gelu,0.003,512,3,5,15,80,0.01,layernorm,adamw,60,7671,0.87104,0.4669,11.0
3,512,0.1,silu,0.005,256,3,5,15,80,0.01,layernorm,adamw,60,7671,0.73803,0.582,19.7
4,512,0.0,gelu,0.002,512,3,5,15,80,0.01,no,adamw,60,7671,0.90323,0.3656,9.9
4,1024,0.1,silu,0.002,256,3,5,15,80,0.01,layernorm,adamw,60,7671,0.7823,0.6289,18.0
3,512,0.0,gelu,0.005,256,3,5,15,120,0.01,no,adamw,60,7671,0.83257,0.4114,25.2
3,512,0.1,gelu,0.008,256,3,5,15,120,0.01,no,adamw,60,7671,1.00248,0.2776,21.0
3,1024,0.1,gelu,0.002,256,3,5,15,120,0.01,no,adamw,60,7671,0.84259,0.3718,20.0
4,1024,0.0,silu,0.003,256,1,2,15,120,0.01,no,adamw,34,7671,0.93485,0.6216,27.3
4,512,0.1,gelu,0.005,256,1,2,15,120,0.01,no,adamw,34,7671,0.85712,0.2162,20.1
4,512,0.1,gelu,0.008,256,1,2,15,120,0.01,layernorm,adamw,34,7671,0.7056,0.4298,41.3
3,512,0.0,silu,0.003,256,1,2,15,120,0.01,no,adamw,34,7671,1.10947,0.4549,25.5
3,1024,0.1,gelu,0.005,256,1,2,15,120,0.01,layernorm,adamw,34,7671,0.83939,0.5906,27.5
4,512,0.1,gelu,0.003,512,1,2,15,80,0.01,no,adamw,34,7671,0.74203,0.5657,9.9
4,1024,0.0,silu,0.008,512,1,2,15,80,0.01,layernorm,adamw,34,7671,0.91749,0.0917,11.1
3,1024,0.1,gelu,0.005,256,1,2,15,80,0.01,no,adamw,34,7671,0.82708,0.2637,10.2
3,1024,0.1,gelu,0.008,512,1,2,15,80,0.01,layernorm,adamw,34,7671,1.00766,0.3919,9.5
4,512,0.1,gelu,0.003,256,1,2,15,80,0.01,no,adamw,34,7671,0.81614,0.373,11.8
3,512,0.0,silu,0.008,256,1,2,15,120,0.01,no,adamw,34,7671,0.76241,0.6477,24.4
3,512,0.1,silu,0.005,256,1,2,15,80,0.01,no,adamw,34,7671,0.76359,0.3287,13.0
3,512,0.1,gelu,0.002,512,1,2,15,120,0.01,layernorm,adamw,34,7671,0.84737,0.1515,13.8
4,1024,0.1,gelu,0.005,256,1,2,15,80,0.01,layernorm,adamw,34,7671,0.79666,0.5225,21.9
4,1024,0.1,gelu,0.008,256,1,2,15,80,0.01,no,adamw,34,7671,0.74783,0.4221,14.7
4,512,0.0,gelu,0.008,256,1,2,15,80,0.01,layernorm,adamw,34,7671,0.73946,0.5602,15.8
3,512,0.0,gelu,0.008,512,1,2,15,80,0.01,layernorm,adamw,34,7671,0.98103,0.4746,7.6
3,512,0.0,silu,0.008,256,1,2,15,120,0.01,layernorm,adamw,34,7671,0.8138,0.5858,16.8
4,1024,0.1,silu,0.003,512,1,2,15,80,0.01,layernorm,adamw,34,7671,0.80865,0.4958,9.8
3,1024,0.1,gelu,0.008,256,1,2,15,120,0.01,layernorm,adamw,34,7671,0.82903,0.7161,28.6
3,1024,0.1,silu,0.005,256,1,2,15,80,0.01,layernorm,adamw,34,7671,0.81492,0.5683,17.7
3,512,0.1,gelu,0.002,256,1,2,15,120,0.01,layernorm,adamw,34,7671,0.88017,0.4779,38.6
3,512,0.0,gelu,0.005,512,1,2,15,120,0.01,layernorm,adamw,34,7671,0.9613,0.4081,11.7
3,1024,0.0,gelu,0.002,512,1,2,15,80,0.01,no,adamw,34,7671,1.13961,0.6417,6.9
4,512,0.0,gelu,0.003,512,1,2,15,80,0.01,no,adamw,34,7671,1.11075,0.6721,8.7
4,512,0.1,silu,0.005,512,1,2,15,80,0.01,no,adamw,34,7671,0.85437,0.4342,11.0
3,512,0.1,gelu,0.008,512,1,2,15,80,0.01,no,adamw,34,7671,0.95625,0.4009,8.7
3,512,0.1,silu,0.003,256,1,2,15,120,0.01,layernorm,adamw,34,7671,0.88222,0.4752,36.4
4,1024,0.1,gelu,0.003,256,1,2,15,120,0.01,layernorm,adamw,34,7671,0.67008,0.5248,29.1
3,512,0.1,silu,0.005,256,1,2,15,80,0.01,layernorm,adamw,34,7671,0.76463,0.1719,29.8
3,1024,0.0,gelu,0.003,512,1,2,15,120,0.01,layernorm,adamw,34,7671,0.95776,0.112,18.3
4,512,0.1,gelu,0.002,256,1,2,15,80,0.01,no,adamw,34,7671,0.88838,0.5105,22.3
4,1024,0.1,gelu,0.002,512,1,2,15,120,0.01,layernorm,adamw,34,7671,0.82642,0.3937,13.7
3,512,0.1,silu,0.008,512,1,2,15,80,0.01,layernorm,adamw,34,7671,0.91791,0.0293,10.1
3,1024,0.0,gelu,0.005,256,1,2,15,120,0.01,layernorm,adamw,34,7671,0.83435,0.5855,17.8
3,512,0.1,gelu,0.002,256,1,2,15,80,0.01,layernorm,adamw,34,7671,0.84817,0.2382,22.6
4,1024,0.1,silu,0.002,512,1,2,15,80,0.01,no,adamw,34,7671,0.87134,0.4778,8.0
3,1024,0.1,silu,0.003,512,1,2,15,80,0.01,no,adamw,34,7671,0.84585,0.2388,8.6
4,512,0.1,silu,0.005,512,1,2,15,80,0.01,layernorm,adamw,34,7671,0.79005,0.4817,11.1
3,1024,0.0,silu,0.005,256,1,2,15,120,0.01,layernorm,adamw,34,7671,0.82389,0.4402,16.6
3,1024,0.0,gelu,0.005,256,1,2,15,80,0.01,layernorm,adamw,34,7671,0.94886,0.5175,13.3
3,1024,0.0,silu,0.005,256,1,2,15,120,0.01,no,adamw,34,7671,0.72836,0.673,19.3
4,512,0.0,gelu,0.002,512,1,2,15,80,0.01,layernorm,adamw,34,7671,0.81949,0.5092,9.8
4,1024,0.0,gelu,0.002,512,1,2,15,80,0.01,layernorm,adamw,34,7671,0.79167,0.6872,13.6
4,1024,0.0,silu,0.003,512,1,2,15,120,0.01,layernorm,adamw,34,7671,1.09461,0.4771,16.9
3,512,0.1,gelu,0.002,512,1,2,15,120,0.01,no,adamw,34,7671,0.83514,0.3201,15.3
3,512,0.1,silu,0.008,256,1,2,15,80,0.01,no,adamw,34,7671,0.82328,0.2567,17.7
3,1024,0.0,gelu,0.008,512,1,2,15,80,0.01,layernorm,adamw,34,7671,0.88736,0.3318,11.9
4,512,0.1,gelu,0.008,512,1,2,15,80,0.01,layernorm,adamw,34,7671,0.68808,0.5694,11.1
4,1024,0.1,gelu,0.005,512,1,2,15,120,0.01,layernorm,adamw,34,7671,0.79623,0.6456,13.8
4,512,0.1,gelu,0.008,512,1,2,15,120,0.01,layernorm,adamw,34,7671,0.76524,0.5788,18.6
3,512,0.0,gelu,0.005,512,1,2,15,80,0.01,layernorm,adamw,34,7671,1.05089,0.1279,10.3
3,512,0.1,gelu,0.002,256,1,2,15,80,0.01,no,adamw,34,7671,0.93587,0.6042,16.6
4,512,0.0,silu,0.005,256,1,2,15,80,0.01,layernorm,adamw,34,7671,0.76954,0.5073,16.3
4,1024,0.0,silu,0.008,256,1,2,15,80,0.01,no,adamw,34,7671,1.02383,0.3471,17.4
3,1024,0.0,gelu,0.003,512,1,2,15,80,0.01,no,adamw,34,7671,0.90701,0.5504,7.9
3,512,0.0,silu,0.002,512,1,2,15,120,0.01,layernorm,adamw,34,7671,0.8435,0.3827,9.8
3,512,0.0,gelu,0.002,256,1,2,15,80,0.01,layernorm,adamw,34,7671,0.92844,0.6054,15.5
3,1024,0.0,silu,0.005,512,1,2,15,80,0.01,layernorm,adamw,34,7671,1.08381,0.5454,11.8
4,1024,0.0,gelu,0.002,512,1,2,15,120,0.01,no,adamw,34,7671,0.76609,0.7513,10.9
3,1024,0.1,silu,0.003,512,1,2,15,120,0.01,layernorm,adamw,34,7671,0.75107,0.5632,11.4
3,1024,0.1,silu,0.002,512,1,2,15,120,0.01,layernorm,adamw,34,7671,0.79575,0.3978,11.2
3,1024,0.0,silu,0.003,256,1,2,15,120,0.01,layernorm,adamw,34,7671,0.92519,0.4126,22.3
4,512,0.0,gelu,0.003,256,1,2,15,120,0.01,no,adamw,34,7671,0.85858,0.6418,26.3
4,512,0.0,silu,0.008,256,1,3,15,120,0.01,no,adamw,36,7671,0.9218,0.5291,25.9
4,1024,0.0,silu,0.003,256,1,3,15,80,0.01,layernorm,adamw,36,7671,0.94692,0.4731,18.8
3,1024,0.1,silu,0.002,512,1,3,15,80,0.01,no,adamw,36,7671,0.87113,0.4908,9.5
3,512,0.0,gelu,0.003,256,1,3,15,80,0.01,layernorm,adamw,36,7671,0.88995,0.4141,17.6
4,512,0.0,silu,0.002,256,1,3,15,80,0.01,no,adamw,36,7671,0.82616,0.7116,17.9
3,512,0.0,silu,0.008,256,1,3,15,80,0.01,no,adamw,36,7671,0.74976,0.5136,19.4
4,512,0.0,silu,0.005,256,1,3,15,120,0.01,layernorm,adamw,36,7671,0.83779,0.4038,25.4
3,512,0.1,gelu,0.005,256,1,3,15,120,0.01,layernorm,adamw,36,7671,0.83809,0.4955,34.4
3,1024,0.0,silu,0.008,256,1,3,15,80,0.01,layernorm,adamw,36,7671,0.966,0.4074,11.9
3,1024,0.1,gelu,0.002,256,1,3,15,80,0.01,layernorm,adamw,36,7671,0.86615,0.3965,15.6
4,512,0.0,gelu,0.003,512,1,3,15,120,0.01,no,adamw,36,7671,0.81221,0.444,12.5
4,512,0.1,gelu,0.005,512,1,3,15,120,0.01,layernorm,adamw,36,7671,0.73744,0.5768,15.4
3,1024,0.1,silu,0.002,256,1,3,15,120,0.01,layernorm,adamw,36,7671,0.85792,0.5107,25.7
3,1024,0.0,silu,0.003,256,1,3,15,120,0.01,no,adamw,36,7671,0.8333,0.302,19.6
4,1024,0.1,silu,0.002,256,1,3,15,80,0.01,layernorm,adamw,36,7671,0.73003,0.6249,17.6
3,1024,0.0,gelu,0.003,256,1,3,15,120,0.01,no,adamw,36,7671,0.86589,0.3508,17.7
3,1024,0.1,silu,0.008,512,1,3,15,120,0.01,no,adamw,36,7671,0.90428,0.3766,15.1
4,1024,0.0,silu,0.002,512,1,3,15,80,0.01,layernorm,adamw,36,7671,0.94626,0.4951,12.2
4,1024,0.1,silu,0.002,256,1,3,15,120,0.01,no,adamw,36,7671,0.84811,0.5969,18.9
3,512,0.1,silu,0.002,512,1,3,15,80,0.01,no,adamw,36,7671,0.86693,0.537,9.1
4,1024,0.1,gelu,0.008,512,1,3,15,120,0.01,no,adamw,36,7671,1.26029,0.0237,11.0
4,1024,0.1,gelu,0.002,512,1,3,15,120,0.01,layernorm,adamw,36,7671,0.7875,0.5133,16.6
4,512,0.0,gelu,0.003,256,1,3,15,80,0.01,no,adamw,36,7671,0.88518,0.7299,20.2
4,1024,0.1,gelu,0.008,512,1,3,15,120,0.01,layernorm,adamw,36,7671,0.77426,0.5185,16.9
3,1024,0.0,silu,0.008,256,1,3,15,120,0.01,no,adamw,36,7671,0.86511,0.3226,19.7
3,1024,0.0,gelu,0.002,256,1,3,15,80,0.01,no,adamw,36,7671,1.03198,0.2618,12.4
4,1024,0.0,gelu,0.005,256,1,3,15,120,0.01,layernorm,adamw,36,7671,0.91254,0.5689,24.5
4,512,0.0,gelu,0.002,256,1,3,15,80,0.01,layernorm,adamw,36,7671,0.87359,0.4137,18.6
3,1024,0.0,silu,0.005,256,1,3,15,120,0.01,layernorm,adamw,36,7671,0.71201,0.4587,24.7
4,512,0.0,gelu,0.005,512,1,3,15,80,0.01,layernorm,adamw,36,7671,0.71889,0.3998,9.0
4,512,0.0,gelu,0.003,512,1,3,15,80,0.01,no,adamw,36,7671,0.78647,0.5669,8.6
4,512,0.1,silu,0.008,256,1,3,15,120,0.01,no,adamw,36,7671,0.82162,0.5349,22.9
4,512,0.1,gelu,0.005,512,1,3,15,80,0.01,no,adamw,36,7671,1.00322,0.3846,11.0
4,1024,0.1,silu,0.008,256,1,3,15,80,0.01,layernorm,adamw,36,7671,0.89949,0.03,24.0
4,512,0.1,gelu,0.008,256,1,3,15,120,0.01,no,adamw,36,7671,1.20027,0.0845,24.3
4,512,0.1,gelu,0.008,512,1,3,15,80,0.01,no,adamw,36,7671,0.97439,0.3446,8.5
4,512,0.1,gelu,0.005,256,1,3,15,80,0.01,no,adamw,36,7671,1.07199,0.4678,15.1
4,1024,0.1,silu,0.005,256,1,3,15,120,0.01,layernorm,adamw,36,7671,0.78982,0.4866,25.1
3,512,0.0,gelu,0.005,256,1,3,15,120,0.01,no,adamw,36,7671,0.95059,0.2394,27.1
4,1024,0.1,gelu,0.003,256,1,3,15,120,0.01,layernorm,adamw,36,7671,0.70787,0.4711,33.3
3,512,0.1,silu,0.003,512,1,3,15,80,0.01,layernorm,adamw,36,7671,0.96359,0.2327,11.2
4,512,0.1,gelu,0.008,512,1,3,15,120,0.01,layernorm,adamw,36,7671,0.86016,0.3851,16.3
4,1024,0.0,silu,0.003,512,1,3,15,120,0.01,no,adamw,36,7671,0.70132,0.4644,13.8
3,1024,0.1,silu,0.005,512,1,3,15,120,0.01,layernorm,adamw,36,7671,0.76365,0.6724,14.0
3,1024,0.0,gelu,0.008,512,1,3,15,120,0.01,layernorm,adamw,36,7671,0.88445,0.5642,14.4
4,512,0.0,gelu,0.008,512,1,3,15,120,0.01,layernorm,adamw,36,7671,0.88949,0.4127,11.3
3,512,0.1,gelu,0.002,512,1,3,15,120,0.01,layernorm,adamw,36,7671,0.94013,0.3484,13.8
3,1024,0.1,silu,0.008,512,1,3,15,120,0.01,layernorm,adamw,36,7671,0.98194,0.1479,12.0
3,512,0.1,silu,0.002,512,1,3,15,120,0.01,layernorm,adamw,36,7671,0.92186,0.3584,20.9
3,1024,0.1,gelu,0.003,256,1,3,15,80,0.01,no,adamw,36,7671,0.99966,0.3654,12.7
3,1024,0.0,silu,0.005,512,1,3,15,80,0.01,no,adamw,36,7671,0.7998,0.5629,6.8
4,1024,0.1,gelu,0.005,256,1,3,15,120,0.01,layernorm,adamw,36,7671,0.71617,0.5904,25.1
4,1024,0.0,silu,0.008,256,1,3,15,120,0.01,no,adamw,36,7671,1.33608,0.004,19.6
4,512,0.0,gelu,0.003,256,1,3,15,120,0.01,no,adamw,36,7671,0.80031,0.4507,20.5
4,1024,0.0,silu,0.005,512,1,3,15,120,0.01,no,adamw,36,7671,0.84494,0.4129,10.2
3,1024,0.0,gelu,0.002,512,1,3,15,80,0.01,no,adamw,36,7671,0.94504,0.4601,8.3
3,1024,0.0,gelu,0.008,512,1,3,15,120,0.01,no,adamw,36,7671,1.27745,0.3565,9.7
3,1024,0.1,gelu,0.002,512,1,3,15,80,0.01,layernorm,adamw,36,7671,1.07365,0.1284,9.6
3,512,0.1,silu,0.008,256,1,3,15,120,0.01,layernorm,adamw,36,7671,0.88209,0.0873,34.4
3,1024,0.1,gelu,0.002,512,1,3,15,80,0.01,no,adamw,36,7671,0.9303,0.4582,5.5
3,512,0.1,silu,0.003,256,1,3,15,80,0.01,layernorm,adamw,36,7671,0.90463,0.6804,24.7
3,512,0.0,gelu,0.008,512,1,3,15,120,0.01,no,adamw,36,7671,1.06925,0.4237,11.7
3,512,0.0,gelu,0.005,512,1,3,15,120,0.01,no,adamw,36,7671,1.0101,0.095,11.4
4,512,0.0,silu,0.003,512,1,3,15,80,0.01,no,adamw,36,7671,1.10811,0.0307,9.4
4,1024,0.1,silu,0.008,256,1,5,15,80,0.01,no,adamw,40,7671,1.04933,0.1016,15.6
3,512,0.1,gelu,0.008,512,1,5,15,80,0.01,layernorm,adamw,40,7671,0.96696,0.3676,10.1
3,1024,0.1,silu,0.005,512,1,5,15,120,0.01,no,adamw,40,7671,0.81186,0.3511,12.5
3,512,0.0,silu,0.003,256,1,5,15,80,0.01,layernorm,adamw,40,7671,0.93552,0.4876,16.0
3,512,0.1,gelu,0.002,256,1,5,15,120,0.01,layernorm,adamw,40,7671,0.87878,0.5008,28.7
4,512,0.1,silu,0.005,512,1,5,15,80,0.01,no,adamw,40,7671,0.87673,0.2872,9.9
4,1024,0.1,silu,0.003,256,1,5,15,120,0.01,no,adamw,40,7671,0.90265,0.5139,21.7
4,1024,0.0,silu,0.003,512,1,5,15,120,0.01,no,adamw,40,7671,0.9301,0.2241,11.0
4,512,0.0,gelu,0.005,256,1,5,15,80,0.01,layernorm,adamw,40,7671,0.85266,0.454,17.2
4,1024,0.1,gelu,0.003,512,1,5,15,120,0.01,layernorm,adamw,40,7671,0.81551,0.7085,16.3
3,1024,0.0,gelu,0.003,512,1,5,15,120,0.01,layernorm,adamw,40,7671,0.91182,0.5161,12.9
3,512,0.1,gelu,0.008,256,1,5,15,80,0.01,no,adamw,40,7671,0.91655,0.4141,12.7
3,1024,0.0,gelu,0.008,256,1,5,15,120,0.01,no,adamw,40,7671,1.05888,0.2592,18.0
3,512,0.1,silu,0.002,512,1,5,15,120,0.01,no,adamw,40,7671,0.8315,0.4896,14.6
3,1024,0.0,silu,0.008,256,1,5,15,120,0.01,layernorm,adamw,40,7671,0.82683,0.1534,20.4
3,1024,0.1,gelu,0.005,512,1,5,15,120,0.01,no,adamw,40,7671,1.14915,0.3609,13.0
3,1024,0.0,silu,0.002,512,1,5,15,80,0.01,no,adamw,40,7671,0.99513,0.3398,7.0
4,1024,0.1,gelu,0.005,512,1,5,15,80,0.01,layernorm,adamw,40,7671,0.84159,0.1406,11.2
3,1024,0.1,silu,0.003,256,1,5,15,80,0.01,no,adamw,40,7671,0.855,0.4531,14.9
4,1024,0.0,gelu,0.003,256,1,5,15,80,0.01,layernorm,adamw,40,7671,0.95806,0.1173,19.4
3,512,0.1,gelu,0.002,512,1,5,15,80,0.01,layernorm,adamw,40,7671,0.94553,0.4438,13.8
4,1024,0.0,silu,0.003,256,1,5,15,80,0.01,layernorm,adamw,40,7671,0.87068,0.5359,15.7
3,1024,0.0,gelu,0.002,256,1,5,15,120,0.01,layernorm,adamw,40,7671,0.87006,0.4494,20.8
3,512,0.0,gelu,0.003,256,1,5,15,120,0.01,no,adamw,40,7671,0.93241,0.3542,28.9
3,1024,0.1,gelu,0.002,256,1,5,15,120,0.01,layernorm,adamw,40,7671,0.85064,0.4921,26.4
3,512,0.0,silu,0.002,256,1,5,15,80,0.01,layernorm,adamw,40,7671,0.95122,0.2462,13.0
4,512,0.0,silu,0.003,256,1,5,15,120,0.01,no,adamw,40,7671,0.9041,0.3527,27.7
4,1024,0.1,gelu,0.002,512,1,5,15,120,0.01,layernorm,adamw,40,7671,0.81265,0.5751,14.5
3,1024,0.0,gelu,0.003,256,1,5,15,120,0.01,layernorm,adamw,40,7671,0.87813,0.5222,18.4
4,512,0.1,silu,0.002,512,1,5,15,80,0.01,no,adamw,40,7671,0.78187,0.3587,9.6
3,512,0.1,silu,0.008,512,1,5,15,120,0.01,layernorm,adamw,40,7671,0.8755,0.4405,18.2
3,1024,0.0,silu,0.003,512,1,5,15,80,0.01,layernorm,adamw,40,7671,1.09676,0.0999,11.9
4,1024,0.0,silu,0.002,256,1,5,15,120,0.01,no,adamw,40,7671,0.92325,0.5359,19.8
3,512,0.1,silu,0.005,256,1,5,15,80,0.01,layernorm,adamw,40,7671,0.94053,0.0106,26.6
3,512,0.0,silu,0.002,512,1,5,15,120,0.01,no,adamw,40,7671,1.10976,0.0892,13.1
4,512,0.1,silu,0.008,256,1,5,15,80,0.01,layernorm,adamw,40,7671,0.88335,0.5552,21.8
4,512,0.1,silu,0.003,512,1,5,15,80,0.01,layernorm,adamw,40,7671,0.82685,0.5337,12.8
3,512,0.0,silu,0.008,512,1,5,15,80,0.01,layernorm,adamw,40,7671,0.85943,0.5922,8.6
4,1024,0.1,silu,0.003,512,1,5,15,120,0.01,layernorm,adamw,40,7671,0.86304,0.5275,15.8
3,512,0.0,gelu,0.002,256,1,5,15,120,0.01,no,adamw,40,7671,0.89481,0.4395,32.1
3,512,0.0,silu,0.008,512,1,5,15,80,0.01,no,adamw,40,7671,0.96107,0.6976,9.1
3,1024,0.0,silu,0.005,512,1,5,15,80,0.01,layernorm,adamw,40,7671,0.92619,0.157,11.0
3,512,0.1,silu,0.008,256,1,5,15,80,0.01,no,adamw,40,7671,0.77122,0.5818,12.8
4,1024,0.0,gelu,0.008,256,1,5,15,120,0.01,no,adamw,40,7671,0.86489,0.4939,19.6
4,1024,0.0,silu,0.008,256,1,5,15,120,0.01,layernorm,adamw,40,7671,0.97562,0.4551,25.3
3,512,0.0,silu,0.005,256,1,5,15,120,0.01,no,adamw,40,7671,0.89196,0.5036,27.1
4,1024,0.1,silu,0.002,256,1,5,15,80,0.01,layernorm,adamw,40,7671,1.09119,0.4422,21.3
4,1024,0.0,silu,0.002,256,1,5,15,80,0.01,layernorm,adamw,40,7671,0.88015,0.3177,16.8
3,512,0.0,gelu,0.008,512,1,5,15,80,0.01,no,adamw,40,7671,1.20712,0.3394,9.7
3,1024,0.0,silu,0.005,256,1,5,15,120,0.01,layernorm,adamw,40,7671,0.88656,0.498,23.6
3,1024,0.1,gelu,0.005,512,1,5,15,80,0.01,no,adamw,40,7671,0.98209,0.3181,8.5
4,1024,0.0,silu,0.005,256,1,5,15,120,0.01,layernorm,adamw,40,7671,0.97129,0.318,19.0
4,512,0.0,gelu,0.005,512,1,5,15,120,0.01,layernorm,adamw,40,7671,0.97824,0.3922,11.3
3,512,0.0,gelu,0.005,512,1,5,15,80,0.01,layernorm,adamw,40,7671,1.06005,0.3058,9.0
4,1024,0.1,silu,0.005,512,1,5,15,80,0.01,no,adamw,40,7671,1.02466,0.0364,7.4
4,512,0.1,gelu,0.002,256,1,5,15,80,0.01,layernorm,adamw,40,7671,0.8019,0.4814,22.3
3,512,0.0,silu,0.002,512,1,5,15,80,0.01,no,adamw,40,7671,0.89031,0.5685,9.3
4,1024,0.0,gelu,0.002,256,1,5,15,80,0.01,layernorm,adamw,40,7671,0.86022,0.5468,18.1
3,512,0.1,gelu,0.005,512,1,5,15,120,0.01,layernorm,adamw,40,7671,0.81817,0.3483,18.9
3,512,0.0,gelu,0.003,512,1,5,15,80,0.01,layernorm,adamw,40,7671,0.86447,0.5156,7.7
3,1024,0.0,silu,0.008,256,1,5,15,120,0.01,no,adamw,40,7671,0.9743,0.3478,14.7
3,512,0.1,silu,0.003,512,1,5,15,80,0.01,no,adamw,40,7671,0.88524,0.4974,8.0
3,512,0.1,silu,0.003,256,1,5,15,80,0.01,no,adamw,40,7671,0.86998,0.4134,13.3
3,512,0.0,silu,0.008,256,1,5,15,120,0.01,layernorm,adamw,40,7671,0.84311,0.618,20.3
3,512,0.1,silu,0.008,512,2,2,15,120,0.01,no,adamw,44,7671,0.84692,0.3942,12.6
3,1024,0.0,gelu,0.002,256,2,2,15,80,0.01,no,adamw,44,7671,0.86874,0.4297,13.0
3,1024,0.1,silu,0.005,256,2,2,15,120,0.01,layernorm,adamw,44,7671,0.7532,0.4264,24.4
4,1024,0.0,silu,0.002,512,2,2,15,80,0.01,layernorm,adamw,44,7671,0.74615,0.411,11.0
3,512,0.0,gelu,0.008,256,2,2,15,120,0.01,layernorm,adamw,44,7671,0.766,0.4334,18.0
4,1024,0.1,gelu,0.002,256,2,2,15,120,0.01,no,adamw,44,7671,0.85952,0.288,20.1
3,512,0.1,silu,0.002,256,2,2,15,120,0.01,no,adamw,44,7671,0.75754,0.4613,22.3
3,512,0.0,gelu,0.003,512,2,2,15,120,0.01,no,adamw,44,7671,0.90425,0.5389,11.2
4,1024,0.0,silu,0.008,256,2,2,15,120,0.01,no,adamw,44,7671,0.71973,0.471,17.4
4,512,0.0,gelu,0.008,256,2,2,15,80,0.01,no,adamw,44,7671,0.86548,0.1749,17.8
3,512,0.1,silu,0.002,512,2,2,15,120,0.01,no,adamw,44,7671,0.91672,0.431,15.7
4,1024,0.1,silu,0.005,256,2,2,15,80,0.01,layernorm,adamw,44,7671,0.60676,0.518,20.4
4,512,0.0,silu,0.005,256,2,2,15,80,0.01,layernorm,adamw,44,7671,0.80214,0.5032,14.8
4,1024,0.1,gelu,0.005,512,2,2,15,120,0.01,layernorm,adamw,44,7671,0.72493,0.5523,13.3
4,512,0.0,silu,0.003,256,2,2,15,120,0.01,layernorm,adamw,44,7671,0.78103,0.51,21.1
3,1024,0.0,silu,0.005,256,2,2,15,80,0.01,no,adamw,44,7671,0.84438,0.4852,14.2
4,512,0.1,gelu,0.003,256,2,2,15,80,0.01,no,adamw,44,7671,0.69716,0.3946,14.1
4,512,0.1,silu,0.005,512,2,2,15,80,0.01,no,adamw,44,7671,0.64387,0.2193,7.9
4,1024,0.1,silu,0.003,256,2,2,15,120,0.01,layernorm,adamw,44,7671,0.66003,0.4625,34.2
4,1024,0.1,gelu,0.002,512,2,2,15,80,0.01,layernorm,adamw,44,7671,0.77616,0.4782,12.5
3,1024,0.1,gelu,0.003,512,2,2,15,120,0.01,layernorm,adamw,44,7671,0.86415,0.5542,12.9
4,512,0.0,gelu,0.008,512,2,2,15,120,0.01,no,adamw,44,7671,0.94421,0.5539,12.6
4,1024,0.1,silu,0.008,256,2,2,15,120,0.01,no,adamw,44,7671,0.68427,0.0765,20.0
4,512,0.0,gelu,0.002,512,2,2,15,80,0.01,no,adamw,44,7671,0.80972,0.419,10.6
3,1024,0.1,silu,0.002,512,2,2,15,120,0.01,no,adamw,44,7671,0.83149,0.4198,12.8
3,512,0.1,silu,0.003,512,2,2,15,80,0.01,layernorm,adamw,44,7671,0.81565,0.4845,8.4
4,1024,0.1,gelu,0.003,256,2,2,15,80,0.01,layernorm,adamw,44,7671,0.81709,0.5307,17.4
4,1024,0.1,silu,0.003,512,2,2,15,120,0.01,layernorm,adamw,44,7671,0.68891,0.6419,15.3
4,1024,0.1,gelu,0.008,256,2,2,15,120,0.01,no,adamw,44,7671,0.8437,0.4375,20.1
3,1024,0.1,silu,0.008,256,2,2,15,120,0.01,no,adamw,44,7671,0.8038,0.3349,15.8
3,1024,0.1,gelu,0.002,512,2,2,15,120,0.01,no,adamw,44,7671,0.886,0.2339,13.2
4,1024,0.1,gelu,0.008,512,2,2,15,120,0.01,no,adamw,44,7671,1.38461,0.033,12.6
4,512,0.0,silu,0.008,256,2,2,15,120,0.01,no,adamw,44,7671,0.7482,0.5487,20.7
4,1024,0.0,gelu,0.002,256,2,2,15,120,0.01,layernorm,adamw,44,7671,0.72045,0.4062,22.5
3,1024,0.0,silu,0.003,512,2,2,15,80,0.01,layernorm,adamw,44,7671,0.79627,0.3012,9.4
3,1024,0.0,gelu,0.003,256,2,2,15,120,0.01,no,adamw,44,7671,0.8426,0.5462,17.5
4,1024,0.0,gelu,0.002,512,2,2,15,120,0.01,layernorm,adamw,44,7671,0.77347,0.4146,15.3
4,1024,0.1,gelu,0.003,512,2,2,15,120,0.01,no,adamw,44,7671,0.80225,0.4885,11.5
3,512,0.1,gelu,0.002,512,2,2,15,120,0.01,layernorm,adamw,44,7671,0.77569,0.2499,17.8
3,512,0.1,silu,0.003,512,2,2,15,80,0.01,no,adamw,44,7671,0.88007,0.3544,10.0
3,1024,0.0,gelu,0.003,512,2,2,15,120,0.01,no,adamw,44,7671,0.90836,0.4674,12.3
3,512,0.0,silu,0.002,512,2,2,15,120,0.01,layernorm,adamw,44,7671,0.89199,0.4449,13.0
4,1024,0.1,silu,0.005,256,2,2,15,120,0.01,no,adamw,44,7671,0.78783,0.346,20.2
4,512,0.1,gelu,0.005,512,2,2,15,80,0.01,no,adamw,44,7671,0.97711,0.2541,10.7
4,512,0.1,silu,0.003,256,2,2,15,120,0.01,no,adamw,44,7671,0.67916,0.4633,25.1
4,1024,0.1,silu,0.005,512,2,2,15,120,0.01,no,adamw,44,7671,0.68838,0.403,10.2
4,1024,0.1,gelu,0.005,512,2,2,15,80,0.01,no,adamw,44,7671,0.99515,0.5203,8.4
4,512,0.1,silu,0.002,512,2,2,15,80,0.01,no,adamw,44,7671,0.90823,0.5487,9.8
4,1024,0.0,gelu,0.003,256,2,2,15,120,0.01,layernorm,adamw,44,7671,0.73309,0.4156,23.3
4,512,0.0,gelu,0.005,512,2,2,15,120,0.01,no,adamw,44,7671,0.77997,0.6016,13.5
3,512,0.0,gelu,0.005,512,2,2,15,120,0.01,no,adamw,44,7671,1.06115,0.3986,14.0
3,1024,0.0,gelu,0.008,256,2,2,15,80,0.01,layernorm,adamw,44,7671,0.87661,0.3559,12.9
3,1024,0.1,gelu,0.002,512,2,2,15,80,0.01,layernorm,adamw,44,7671,0.91802,0.4287,10.1
3,512,0.1,silu,0.005,256,2,2,15,80,0.01,no,adamw,44,7671,0.72222,0.4553,16.9
4,512,0.1,gelu,0.008,512,2,2,15,80,0.01,no,adamw,44,7671,0.77588,0.4255,9.2
3,1024,0.0,silu,0.008,512,2,2,15,120,0.01,layernorm,adamw,44,7671,0.88041,0.4741,14.6
4,1024,0.1,gelu,0.005,256,2,2,15,80,0.01,layernorm,adamw,44,7671,0.70946,0.3965,22.5
4,1024,0.0,silu,0.002,256,2,2,15,120,0.01,layernorm,adamw,44,7671,0.70766,0.5136,28.8
4,512,0.0,silu,0.002,256,2,2,15,120,0.01,layernorm,adamw,44,7671,0.79354,0.5425,25.3
3,1024,0.1,gelu,0.002,512,2,2,15,120,0.01,layernorm,adamw,44,7671,0.89355,0.4401,12.8
3,1024,0.1,silu,0.008,512,2,2,15,80,0.01,no,adamw,44,7671,0.83476,0.1049,6.4
4,1024,0.0,gelu,0.005,512,2,2,15,80,0.01,no,adamw,44,7671,0.72917,0.3883,7.4
3,512,0.1,gelu,0.002,256,2,2,15,80,0.01,layernorm,adamw,44,7671,0.85316,0.4975,23.5
4,1024,0.0,silu,0.008,512,2,2,15,80,0.01,no,adamw,44,7671,1.10636,0.3303,9.3
4,512,0.1,gelu,0.008,256,2,3,15,120,0.01,layernorm,adamw,46,7671,0.72371,0.5092,32.7
4,512,0.0,silu,0.008,512,2,3,15,80,0.01,no,adamw,46,7671,0.81382,0.4604,8.1
4,1024,0.1,silu,0.002,512,2,3,15,120,0.01,no,adamw,46,7671,0.86537,0.5179,11.2
4,512,0.0,gelu,0.002,256,2,3,15,80,0.01,layernorm,adamw,46,7671,0.78483,0.5953,14.0
4,512,0.0,gelu,0.002,512,2,3,15,80,0.01,layernorm,adamw,46,7671,0.81599,0.4742,7.3
3,1024,0.1,silu,0.005,256,2,3,15,80,0.01,layernorm,adamw,46,7671,0.78384,0.484,19.1
4,512,0.0,gelu,0.002,256,2,3,15,120,0.01,no,adamw,46,7671,0.80791,0.629,24.1
3,512,0.0,gelu,0.002,512,2,3,15,80,0.01,no,adamw,46,7671,1.20427,0.0214,8.1
4,1024,0.1,gelu,0.008,512,2,3,15,120,0.01,no,adamw,46,7671,0.81803,0.071,12.2
3,512,0.0,gelu,0.002,256,2,3,15,80,0.01,layernorm,adamw,46,7671,0.95336,0.2729,15.4
3,1024,0.1,silu,0.005,512,2,3,15,80,0.01,layernorm,adamw,46,7671,0.82843,0.4201,9.8
3,512,0.1,gelu,0.005,256,2,3,15,80,0.01,layernorm,adamw,46,7671,0.7567,0.4361,24.9
4,512,0.1,gelu,0.008,512,2,3,15,120,0.01,layernorm,adamw,46,7671,0.86537,0.4282,18.1
3,1024,0.1,silu,0.008,512,2,3,15,120,0.01,layernorm,adamw,46,7671,0.76769,0.564,16.2
4,512,0.0,silu,0.008,256,2,3,15,120,0.01,no,adamw,46,7671,0.77274,0.4413,31.3
4,1024,0.1,silu,0.002,512,2,3,15,120,0.01,layernorm,adamw,46,7671,0.74108,0.4487,14.4
4,512,0.0,silu,0.002,512,2,3,15,120,0.01,layernorm,adamw,46,7671,0.82012,0.4098,11.3
3,512,0.0,silu,0.008,256,2,3,15,80,0.01,no,adamw,46,7671,0.89795,0.2597,17.5
4,1024,0.1,gelu,0.005,256,2,3,15,120,0.01,no,adamw,46,7671,0.9911,0.4001,18.7
3,512,0.0,silu,0.002,512,2,3,15,120,0.01,layernorm,adamw,46,7671,0.80649,0.1915,10.4
3,1024,0.1,gelu,0.002,512,2,3,15,120,0.01,layernorm,adamw,46,7671,0.98192,0.4086,16.4
3,512,0.0,silu,0.003,512,2,3,15,80,0.01,layernorm,adamw,46,7671,0.9964,0.2897,10.5
3,512,0.1,silu,0.002,256,2,3,15,80,0.01,no,adamw,46,7671,0.84705,0.4185,16.5
4,1024,0.0,silu,0.002,512,2,3,15,120,0.01,layernorm,adamw,46,7671,0.79738,0.5444,19.1
4,512,0.0,gelu,0.008,256,2,3,15,120,0.01,no,adamw,46,7671,0.91091,0.3488,25.7
4,1024,0.1,silu,0.005,512,2,3,15,120,0.01,layernorm,adamw,46,7671,0.78528,0.5061,13.2
4,512,0.1,gelu,0.003,256,2,3,15,80,0.01,no,adamw,46,7671,0.84978,0.3062,11.5
4,512,0.0,silu,0.003,512,2,3,15,120,0.01,no,adamw,46,7671,0.99335,0.608,10.2
4,1024,0.1,silu,0.003,512,2,3,15,120,0.01,no,adamw,46,7671,0.83394,0.6059,11.6
3,512,0.1,gelu,0.008,512,2,3,15,80,0.01,no,adamw,46,7671,0.97486,0.1861,8.9
3,512,0.0,gelu,0.005,512,2,3,15,120,0.01,no,adamw,46,7671,0.96964,0.4741,10.8
3,1024,0.0,silu,0.003,256,2,3,15,120,0.01,no,adamw,46,7671,0.78101,0.4572,16.3
4,1024,0.1,silu,0.002,256,2,3,15,120,0.01,no,adamw,46,7671,0.74756,0.3416,19.9
3,1024,0.1,silu,0.002,512,2,3,15,120,0.01,no,adamw,46,7671,0.82605,0.4784,13.7
4,1024,0.0,gelu,0.002,512,2,3,15,120,0.01,layernorm,adamw,46,7671,0.74608,0.4952,13.9
4,1024,0.1,gelu,0.003,256,2,3,15,80,0.01,layernorm,adamw,46,7671,0.72144,0.3856,22.0
4,1024,0.1,gelu,0.003,512,2,3,15,120,0.01,no,adamw,46,7671,0.8671,0.4276,15.2
4,1024,0.0,silu,0.003,512,2,3,15,80,0.01,layernorm,adamw,46,7671,0.86697,0.5224,15.9
3,512,0.0,gelu,0.003,512,2,3,15,120,0.01,layernorm,adamw,46,7671,0.87537,0.2321,10.8
4,1024,0.0,gelu,0.003,256,2,3,15,120,0.01,layernorm,adamw,46,7671,0.83161,0.3851,20.7
4,1024,0.1,silu,0.008,256,2,3,15,120,0.01,no,adamw,46,7671,1.16283,0.0561,19.8
3,1024,0.0,silu,0.008,256,2,3,15,80,0.01,no,adamw,46,7671,0.79041,0.5414,13.1
4,512,0.1,silu,0.005,512,2,3,15,120,0.01,layernorm,adamw,46,7671,0.74751,0.5965,17.0
4,1024,0.0,gelu,0.003,512,2,3,15,80,0.01,no,adamw,46,7671,0.85796,0.4099,7.4
3,512,0.0,silu,0.005,256,2,3,15,120,0.01,no,adamw,46,7671,0.85566,0.4686,21.8
4,512,0.0,silu,0.005,512,2,3,15,120,0.01,no,adamw,46,7671,0.70922,0.4591,13.9
3,1024,0.1,silu,0.002,256,2,3,15,80,0.01,layernorm,adamw,46,7671,0.84563,0.4674,18.3
3,512,0.0,silu,0.008,512,2,3,15,80,0.01,no,adamw,46,7671,0.8346,0.3674,9.2
4,1024,0.0,gelu,0.002,512,2,3,15,80,0.01,layernorm,adamw,46,7671,0.8342,0.5552,11.9
3,512,0.1,gelu,0.003,512,2,3,15,80,0.01,layernorm,adamw,46,7671,0.82163,0.4022,12.0
3,512,0.1,gelu,0.005,256,2,3,15,120,0.01,no,adamw,46,7671,0.77064,0.2238,25.3
4,1024,0.1,gelu,0.005,512,2,3,15,120,0.01,no,adamw,46,7671,0.78776,0.4769,11.8
3,512,0.1,silu,0.003,256,2,3,15,120,0.01,no,adamw,46,7671,0.81046,0.4022,21.2
3,1024,0.0,silu,0.005,256,2,3,15,80,0.01,layernorm,adamw,46,7671,0.83111,0.7311,15.8
4,512,0.0,silu,0.005,256,2,3,15,120,0.01,no,adamw,46,7671,0.76812,0.5998,26.0
4,1024,0.1,gelu,0.002,512,2,3,15,80,0.01,layernorm,adamw,46,7671,0.72924,0.5134,12.5
3,1024,0.0,gelu,0.005,256,2,3,15,80,0.01,layernorm,adamw,46,7671,0.76938,0.4642,15.6
4,512,0.1,gelu,0.002,256,2,3,15,80,0.01,layernorm,adamw,46,7671,0.72324,0.4518,25.0
4,512,0.1,gelu,0.005,256,2,3,15,120,0.01,layernorm,adamw,46,7671,0.77482,0.727,45.4
4,1024,0.1,silu,0.002,256,2,3,15,80,0.01,no,adamw,46,7671,0.67038,0.479,17.9
4,512,0.1,gelu,0.003,512,2,3,15,80,0.01,layernorm,adamw,46,7671,0.785,0.2232,13.4
3,512,0.0,silu,0.008,256,2,3,15,120,0.01,layernorm,adamw,46,7671,0.75649,0.3184,16.7
3,512,0.0,gelu,0.008,512,2,3,15,120,0.01,no,adamw,46,7671,1.06204,0.5127,11.0
3,1024,0.0,silu,0.008,256,2,3,15,120,0.01,layernorm,adamw,46,7671,0.83591,0.4934,19.1
3,512,0.0,gelu,0.003,512,2,5,15,120,0.01,layernorm,adamw,50,7671,0.89765,0.3849,11.4
3,512,0.0,silu,0.005,256,2,5,15,80,0.01,no,adamw,50,7671,0.87429,0.3725,17.5
3,512,0.0,silu,0.002,512,2,5,15,80,0.01,layernorm,adamw,50,7671,1.05711,0.2262,7.7
4,512,0.0,silu,0.002,512,2,5,15,120,0.01,no,adamw,50,7671,0.96672,0.426,13.3
4,1024,0.1,silu,0.005,256,2,5,15,80,0.01,layernorm,adamw,50,7671,0.76181,0.542,18.3
3,512,0.0,gelu,0.003,512,2,5,15,80,0.01,layernorm,adamw,50,7671,0.94554,0.1861,7.8
4,1024,0.1,gelu,0.003,256,2,5,15,80,0.01,no,adamw,50,7671,0.85182,0.3133,15.6
4,512,0.0,silu,0.003,256,2,5,15,80,0.01,layernorm,adamw,50,7671,0.71122,0.3664,21.3
4,1024,0.0,gelu,0.005,512,2,5,15,120,0.01,no,adamw,50,7671,0.98299,0.3964,14.5
3,1024,0.1,silu,0.008,512,2,5,15,120,0.01,no,adamw,50,7671,0.79626,0.4325,12.9
4,1024,0.0,silu,0.003,512,2,5,15,120,0.01,layernorm,adamw,50,7671,0.77536,0.531,17.3
3,1024,0.1,silu,0.003,512,2,5,15,80,0.01,no,adamw,50,7671,0.79928,0.5463,11.3
3,1024,0.1,silu,0.002,256,2,5,15,80,0.01,no,adamw,50,7671,0.85415,0.4968,14.3
3,512,0.0,silu,0.002,256,2,5,15,80,0.01,no,adamw,50,7671,0.83045,0.5995,18.7
3,512,0.1,silu,0.003,512,2,5,15,80,0.01,no,adamw,50,7671,0.92008,0.6398,10.5
3,1024,0.0,silu,0.003,512,2,5,15,80,0.01,no,adamw,50,7671,0.92057,0.2977,7.0
4,1024,0.0,silu,0.003,512,2,5,15,80,0.01,no,adamw,50,7671,0.92961,0.6101,8.5
4,1024,0.1,gelu,0.008,256,2,5,15,80,0.01,no,adamw,50,7671,0.81996,0.1949,14.7
4,512,0.0,silu,0.003,256,2,5,15,80,0.01,no,adamw,50,7671,0.79437,0.4063,17.3
4,1024,0.1,gelu,0.008,256,2,5,15,80,0.01,layernorm,adamw,50,7671,0.71972,0.6556,17.3
3,1024,0.1,silu,0.005,512,2,5,15,80,0.01,layernorm,adamw,50,7671,0.88502,0.4019,10.8
4,512,0.0,silu,0.002,256,2,5,15,120,0.01,layernorm,adamw,50,7671,0.83072,0.6701,26.9
3,1024,0.0,silu,0.008,256,2,5,15,120,0.01,no,adamw,50,7671,0.86185,0.3705,18.2
4,1024,0.1,silu,0.008,512,2,5,15,80,0.01,layernorm,adamw,50,7671,0.97531,0.4108,9.4
3,512,0.1,silu,0.002,256,2,5,15,80,0.01,no,adamw,50,7671,0.78638,0.3845,15.4
4,512,0.1,gelu,0.003,256,2,5,15,120,0.01,no,adamw,50,7671,0.85129,0.2497,22.6
4,1024,0.0,silu,0.003,256,2,5,15,80,0.01,layernorm,adamw,50,7671,0.77397,0.5894,15.7
3,1024,0.0,gelu,0.005,512,2,5,15,120,0.01,layernorm,adamw,50,7671,0.99118,0.3914,16.1
4,512,0.1,silu,0.003,512,2,5,15,80,0.01,no,adamw,50,7671,0.8289,0.4017,11.3
3,512,0.1,silu,0.002,512,2,5,15,120,0.01,layernorm,adamw,50,7671,0.85778,0.4174,14.8
3,512,0.1,silu,0.002,256,2,5,15,80,0.01,layernorm,adamw,50,7671,0.84455,0.4089,23.9
3,1024,0.1,silu,0.003,256,2,5,15,120,0.01,layernorm,adamw,50,7671,0.7945,0.4115,32.6
4,512,0.1,gelu,0.002,256,2,5,15,80,0.01,no,adamw,50,7671,0.86686,0.319,17.1
4,1024,0.0,gelu,0.003,512,2,5,15,120,0.01,layernorm,adamw,50,7671,0.88852,0.6341,14.5
3,512,0.1,silu,0.008,256,2,5,15,120,0.01,layernorm,adamw,50,7671,0.8138,0.4531,32.1
4,1024,0.0,gelu,0.008,512,2,5,15,80,0.01,layernorm,adamw,50,7671,0.86286,0.1588,9.2
3,512,0.1,gelu,0.008,256,2,5,15,80,0.01,layernorm,adamw,50,7671,0.77191,0.5017,17.0
3,1024,0.1,gelu,0.008,256,2,5,15,80,0.01,layernorm,adamw,50,7671,0.79899,0.5182,14.1
3,1024,0.0,silu,0.008,256,2,5,15,120,0.01,layernorm,adamw,50,7671,0.7341,0.4593,19.0
3,512,0.1,silu,0.008,256,2,5,15,120,0.01,no,adamw,50,7671,0.8026,0.3192,25.7
4,512,0.1,gelu,0.005,256,2,5,15,80,0.01,no,adamw,50,7671,0.88178,0.2461,15.1
3,512,0.1,gelu,0.003,512,2,5,15,80,0.01,no,adamw,50,7671,0.92511,0.297,9.7
4,512,0.1,silu,0.008,512,2,5,15,120,0.01,layernorm,adamw,50,7671,0.86835,0.4867,17.2
4,512,0.0,gelu,0.003,256,2,5,15,120,0.01,no,adamw,50,7671,0.87986,0.3771,28.2
4,512,0.1,gelu,0.002,512,2,5,15,120,0.01,no,adamw,50,7671,0.88282,0.5432,13.4
4,1024,0.0,silu,0.008,512,2,5,15,120,0.01,layernorm,adamw,50,7671,0.75255,0.464,19.3
3,512,0.1,silu,0.003,512,2,5,15,80,0.01,layernorm,adamw,50,7671,0.81835,0.5915,10.5
3,1024,0.1,gelu,0.005,256,2,5,15,120,0.01,layernorm,adamw,50,7671,0.81949,0.6025,23.5
3,512,0.1,silu,0.003,256,2,5,15,80,0.01,layernorm,adamw,50,7671,0.80674,0.481,22.9
4,1024,0.0,gelu,0.008,256,2,5,15,80,0.01,no,adamw,50,7671,1.10087,0.3133,14.6
4,1024,0.1,silu,0.003,256,2,5,15,80,0.01,no,adamw,50,7671,0.89062,0.2049,13.8
3,512,0.1,silu,0.003,256,2,5,15,120,0.01,no,adamw,50,7671,0.78662,0.4413,22.4
3,1024,0.0,gelu,0.005,512,2,5,15,80,0.01,no,adamw,50,7671,1.21363,0.0241,8.7
4,1024,0.1,gelu,0.002,256,2,5,15,80,0.01,layernorm,adamw,50,7671,0.81,0.5733,18.9
3,1024,0.1,silu,0.002,256,2,5,15,120,0.01,no,adamw,50,7671,0.89479,0.3409,19.0
3,1024,0.1,gelu,0.005,512,2,5,15,80,0.01,no,adamw,50,7671,0.84619,0.3595,7.8
4,512,0.0,silu,0.005,256,2,5,15,120,0.01,layernorm,adamw,50,7671,0.74899,0.6372,20.2
4,512,0.1,silu,0.008,512,2,5,15,80,0.01,layernorm,adamw,50,7671,0.80793,0.1455,11.2
3,512,0.0,silu,0.005,256,2,5,15,120,0.01,no,adamw,50,7671,0.9043,0.55,27.3
4,512,0.1,gelu,0.002,512,2,5,15,80,0.01,no,adamw,50,7671,0.92063,0.3246,9.8
4,512,0.0,gelu,0.008,512,2,5,15,120,0.01,no,adamw,50,7671,1.05234,0.1531,10.7
3,1024,0.1,gelu,0.008,256,2,5,15,120,0.01,layernorm,adamw,50,7671,0.80103,0.4739,29.3
3,1024,0.1,silu,0.008,256,2,5,15,120,0.01,no,adamw,50,7671,0.77893,0.4424,17.7
4,1024,0.1,gelu,0.008,256,2,5,15,120,0.01,no,adamw,50,7671,0.82937,0.1435,22.2
4,512,0.0,gelu,0.008,512,3,2,15,80,0.01,no,adamw,54,7671,0.96674,0.2642,8.9
4,1024,0.0,silu,0.002,512,3,2,15,80,0.01,layernorm,adamw,54,7671,0.80411,0.372,11.5
4,512,0.0,silu,0.005,256,3,2,15,120,0.01,no,adamw,54,7671,0.68475,0.5387,27.2
4,512,0.1,gelu,0.003,256,3,2,15,80,0.01,layernorm,adamw,54,7671,0.75027,0.3421,27.9
4,512,0.0,gelu,0.003,512,3,2,15,80,0.01,layernorm,adamw,54,7671,0.69727,0.4116,9.1
3,512,0.1,gelu,0.008,512,3,2,15,80,0.01,layernorm,adamw,54,7671,0.77522,0.3933,13.5
4,512,0.1,silu,0.008,256,3,2,15,120,0.01,layernorm,adamw,54,7671,0.71519,0.3612,33.4
3,512,0.0,silu,0.003,256,3,2,15,80,0.01,no,adamw,54,7671,0.8417,0.4441,21.8
3,1024,0.0,silu,0.005,256,3,2,15,120,0.01,layernorm,adamw,54,7671,0.83394,0.4269,23.5
3,1024,0.0,gelu,0.005,512,3,2,15,80,0.01,no,adamw,54,7671,1.01553,0.4348,8.8
3,1024,0.1,gelu,0.002,512,3,2,15,120,0.01,layernorm,adamw,54,7671,0.84988,0.4964,12.9
4,1024,0.0,silu,0.002,512,3,2,15,120,0.01,no,adamw,54,7671,0.96513,0.0803,12.1
3,1024,0.1,gelu,0.005,512,3,2,15,120,0.01,no,adamw,54,7671,1.04417,0.2475,11.5
4,512,0.0,silu,0.008,512,3,2,15,120,0.01,layernorm,adamw,54,7671,0.84469,0.5658,10.7
3,1024,0.1,gelu,0.003,512,3,2,15,80,0.01,layernorm,adamw,54,7671,0.92218,0.4048,10.0
3,1024,0.0,gelu,0.005,256,3,2,15,80,0.01,layernorm,adamw,54,7671,0.78341,0.4662,16.2
4,512,0.0,silu,0.005,512,3,2,15,120,0.01,layernorm,adamw,54,7671,0.79053,0.5168,12.4
3,1024,0.0,gelu,0.002,256,3,2,15,120,0.01,no,adamw,54,7671,0.96474,0.3784,22.0
4,1024,0.0,silu,0.003,512,3,2,15,120,0.01,layernorm,adamw,54,7671,0.79946,0.5013,19.7
4,512,0.1,silu,0.002,256,3,2,15,80,0.01,layernorm,adamw,54,7671,0.7975,0.5222,25.6
4,512,0.1,silu,0.008,256,3,2,15,120,0.01,no,adamw,54,7671,0.90285,0.1078,27.3
3,1024,0.0,silu,0.003,256,3,2,15,120,0.01,no,adamw,54,7671,0.82129,0.4334,17.7
3,512,0.0,gelu,0.003,256,3,2,15,80,0.01,no,adamw,54,7671,0.81246,0.4122,17.9
3,512,0.1,gelu,0.002,256,3,2,15,120,0.01,no,adamw,54,7671,0.7596,0.3083,21.7
4,1024,0.0,gelu,0.005,512,3,2,15,120,0.01,layernorm,adamw,54,7671,0.70628,0.4956,13.3
3,512,0.0,silu,0.003,256,3,2,15,120,0.01,no,adamw,54,7671,0.88264,0.508,26.9
3,512,0.0,silu,0.008,256,3,2,15,80,0.01,no,adamw,54,7671,0.91522,0.3095,15.9
4,1024,0.1,silu,0.008,512,3,2,15,80,0.01,no,adamw,54,7671,1.09128,0.1668,7.2
4,1024,0.0,silu,0.005,256,3,2,15,120,0.01,layernorm,adamw,54,7671,0.72718,0.455,20.8
4,512,0.0,gelu,0.008,256,3,2,15,120,0.01,no,adamw,54,7671,0.84226,0.216,27.4
4,1024,0.1,silu,0.008,256,3,2,15,80,0.01,no,adamw,54,7671,1.25299,0.0008,16.7
4,512,0.1,gelu,0.003,512,3,2,15,120,0.01,layernorm,adamw,54,7671,0.78032,0.4337,19.9
4,1024,0.1,gelu,0.002,512,3,2,15,80,0.01,no,adamw,54,7671,0.74237,0.3022,9.0
3,1024,0.1,silu,0.008,256,3,2,15,120,0.01,layernorm,adamw,54,7671,0.75985,0.4821,22.9
3,1024,0.1,gelu,0.005,256,3,2,15,120,0.01,no,adamw,54,7671,0.79112,0.3324,16.3
4,512,0.1,gelu,0.002,256,3,2,15,80,0.01,layernorm,adamw,54,7671,0.68281,0.4609,29.1
3,512,0.0,silu,0.005,256,3,2,15,120,0.01,no,adamw,54,7671,0.75114,0.4376,20.8
3,1024,0.1,silu,0.003,256,3,2,15,120,0.01,layernorm,adamw,54,7671,0.80855,0.4657,27.5
4,512,0.0,gelu,0.005,256,3,2,15,120,0.01,no,adamw,54,7671,0.69799,0.5378,25.3
3,512,0.1,silu,0.005,512,3,2,15,80,0.01,no,adamw,54,7671,0.9631,0.355,9.7
3,512,0.0,gelu,0.003,256,3,2,15,120,0.01,layernorm,adamw,54,7671,0.76639,0.3935,23.0
3,512,0.0,gelu,0.002,256,3,2,15,80,0.01,no,adamw,54,7671,1.02271,0.2936,14.4
4,1024,0.0,silu,0.002,256,3,2,15,120,0.01,layernorm,adamw,54,7671,0.79687,0.546,20.8
4,512,0.1,gelu,0.005,512,3,2,15,80,0.01,no,adamw,54,7671,1.00428,0.2641,10.0
4,1024,0.1,silu,0.005,256,3,2,15,120,0.01,no,adamw,54,7671,0.67886,0.2985,20.1
3,1024,0.1,silu,0.005,256,3,2,15,120,0.01,no,adamw,54,7671,0.75109,0.1841,19.1
3,512,0.1,gelu,0.008,512,3,2,15,120,0.01,no,adamw,54,7671,0.75794,0.342,14.9
4,1024,0.0,silu,0.005,256,3,2,15,120,0.01,no,adamw,54,7671,0.86303,0.314,22.1
4,512,0.0,silu,0.005,256,3,2,15,120,0.01,layernorm,adamw,54,7671,0.76958,0.4006,23.1
4,512,0.1,gelu,0.003,512,3,2,15,80,0.01,layernorm,adamw,54,7671,0.79097,0.5117,10.2
4,512,0.0,silu,0.003,512,3,2,15,120,0.01,no,adamw,54,7671,1.12596,0.0053,12.1
4,1024,0.0,silu,0.008,256,3,2,15,80,0.01,layernorm,adamw,54,7671,0.80034,0.6331,18.7
3,1024,0.0,silu,0.003,512,3,2,15,80,0.01,layernorm,adamw,54,7671,0.87939,0.3162,12.1
4,512,0.0,gelu,0.008,256,3,2,15,80,0.01,no,adamw,54,7671,0.85876,0.2303,18.6
4,1024,0.0,silu,0.002,256,3,2,15,80,0.01,no,adamw,54,7671,0.87877,0.3816,13.2
3,512,0.0,silu,0.005,512,3,2,15,120,0.01,no,adamw,54,7671,0.98447,0.4228,10.2
3,512,0.1,gelu,0.002,256,3,2,15,80,0.01,layernorm,adamw,54,7671,0.76102,0.3099,25.3
4,1024,0.1,silu,0.002,512,3,2,15,80,0.01,layernorm,adamw,54,7671,0.75322,0.4937,11.1
4,512,0.0,silu,0.002,512,3,2,15,80,0.01,layernorm,adamw,54,7671,0.7506,0.469,9.5
4,1024,0.0,gelu,0.008,256,3,2,15,120,0.01,layernorm,adamw,54,7671,0.73832,0.518,21.4
3,1024,0.1,silu,0.005,512,3,2,15,120,0.01,layernorm,adamw,54,7671,0.75448,0.4821,12.7
4,512,0.1,gelu,0.002,512,3,2,15,120,0.01,no,adamw,54,7671,0.79451,0.5686,15.4
4,1024,0.0,silu,0.008,256,3,2,15,80,0.01,no,adamw,54,7671,1.3678,0.0104,14.9
4,1024,0.0,gelu,0.005,256,3,2,15,120,0.01,no,adamw,54,7671,0.76336,0.3957,23.1
4,1024,0.0,gelu,0.008,256,3,3,15,80,0.01,no,adamw,56,7671,0.97029,0.1831,12.8
4,512,0.1,silu,0.003,512,3,3,15,120,0.01,no,adamw,56,7671,0.89665,0.3959,10.1
3,1024,0.0,silu,0.005,512,3,3,15,80,0.01,layernorm,adamw,56,7671,0.92633,0.2859,9.8
4,1024,0.1,gelu,0.008,512,3,3,15,120,0.01,no,adamw,56,7671,0.88993,0.1335,11.5
4,512,0.0,gelu,0.008,256,3,3,15,120,0.01,no,adamw,56,7671,0.80926,0.4116,29.2
3,1024,0.0,silu,0.005,512,3,3,15,120,0.01,layernorm,adamw,56,7671,0.82635,0.4829,15.4
3,512,0.1,silu,0.002,256,3,3,15,120,0.01,no,adamw,56,7671,0.7812,0.5611,23.4
4,512,0.0,silu,0.002,256,3,3,15,120,0.01,layernorm,adamw,56,7671,0.80605,0.4332,23.7
3,1024,0.0,silu,0.003,512,3,3,15,120,0.01,no,adamw,56,7671,0.90569,0.4599,10.8
4,512,0.1,silu,0.002,512,3,3,15,120,0.01,layernorm,adamw,56,7671,0.79174,0.4884,18.0
4,512,0.1,silu,0.008,512,3,3,15,120,0.01,layernorm,adamw,56,7671,0.73826,0.5349,14.8
3,1024,0.0,gelu,0.002,256,3,3,15,120,0.01,layernorm,adamw,56,7671,0.78687,0.2781,19.4
3,512,0.0,gelu,0.005,512,3,3,15,80,0.01,no,adamw,56,7671,0.98276,0.4821,8.2
4,512,0.1,silu,0.008,512,3,3,15,120,0.01,no,adamw,56,7671,0.66381,0.2077,13.5
3,512,0.0,silu,0.008,512,3,3,15,120,0.01,no,adamw,56,7671,0.76239,0.5292,10.6
3,512,0.1,gelu,0.002,256,3,3,15,120,0.01,layernorm,adamw,56,7671,0.77673,0.3423,29.9
4,1024,0.0,silu,0.003,256,3,3,15,120,0.01,no,adamw,56,7671,0.74442,0.5031,17.9
3,512,0.1,silu,0.008,256,3,3,15,80,0.01,no,adamw,56,7671,0.89557,0.2561,15.3
4,512,0.1,gelu,0.005,256,3,3,15,80,0.01,layernorm,adamw,56,7671,0.84404,0.4487,22.6
3,1024,0.1,silu,0.008,512,3,3,15,80,0.01,no,adamw,56,7671,0.95859,0.3546,6.2
4,512,0.1,silu,0.003,512,3,3,15,120,0.01,layernorm,adamw,56,7671,0.74544,0.5232,16.5
4,1024,0.0,silu,0.005,512,3,3,15,120,0.01,no,adamw,56,7671,0.77247,0.3796,13.6
3,1024,0.1,silu,0.002,512,3,3,15,80,0.01,layernorm,adamw,56,7671,0.93797,0.2966,10.7
4,1024,0.0,gelu,0.005,512,3,3,15,120,0.01,layernorm,adamw,56,7671,0.79937,0.5543,20.1
3,512,0.1,gelu,0.002,512,3,3,15,80,0.01,layernorm,adamw,56,7671,0.96792,0.2759,11.0
3,512,0.1,gelu,0.003,256,3,3,15,80,0.01,layernorm,adamw,56,7671,0.80246,0.4392,24.2
4,512,0.1,silu,0.002,256,3,3,15,120,0.01,layernorm,adamw,56,7671,0.71566,0.5849,38.5
4,512,0.0,gelu,0.008,256,3,3,15,80,0.01,no,adamw,56,7671,0.90994,0.3512,16.4
4,1024,0.0,gelu,0.003,512,3,3,15,120,0.01,layernorm,adamw,56,7671,0.80034,0.3711,13.5
4,1024,0.1,gelu,0.005,512,3,3,15,80,0.01,layernorm,adamw,56,7671,0.79151,0.4358,9.6
3,1024,0.1,silu,0.003,256,3,3,15,80,0.01,no,adamw,56,7671,0.79508,0.3725,13.6
4,512,0.0,silu,0.005,512,3,3,15,120,0.01,no,adamw,56,7671,0.8692,0.0785,15.2
3,512,0.1,gelu,0.005,512,3,3,15,120,0.01,layernorm,adamw,56,7671,0.74116,0.3657,14.6
3,1024,0.1,silu,0.008,256,3,3,15,120,0.01,no,adamw,56,7671,0.82219,0.3272,16.3
3,512,0.1,silu,0.002,512,3,3,15,120,0.01,layernorm,adamw,56,7671,0.96805,0.5759,20.5
3,1024,0.0,silu,0.002,512,3,3,15,80,0.01,layernorm,adamw,56,7671,0.87854,0.276,13.3
3,1024,0.1,gelu,0.008,256,3,3,15,120,0.01,layernorm,adamw,56,7671,0.7373,0.3809,24.7
3,512,0.0,silu,0.002,512,3,3,15,120,0.01,layernorm,adamw,56,7671,0.9661,0.3927,9.8
4,512,0.0,silu,0.008,512,3,3,15,120,0.01,no,adamw,56,7671,0.84045,0.6779,12.1
4,1024,0.0,gelu,0.003,512,3,3,15,80,0.01,no,adamw,56,7671,0.93675,0.4527,9.1
4,1024,0.1,gelu,0.005,256,3,3,15,120,0.01,no,adamw,56,7671,0.95378,0.3736,21.3
4,1024,0.1,silu,0.002,512,3,3,15,120,0.01,layernorm,adamw,56,7671,0.80142,0.3843,14.5
3,1024,0.1,silu,0.008,256,3,3,15,120,0.01,layernorm,adamw,56,7671,0.74049,0.3994,29.2
3,1024,0.0,gelu,0.003,256,3,3,15,80,0.01,layernorm,adamw,56,7671,0.8698,0.407,16.6
4,1024,0.1,gelu,0.008,256,3,3,15,120,0.01,no,adamw,56,7671,0.74743,0.5129,19.8
3,1024,0.1,silu,0.005,512,3,3,15,80,0.01,layernorm,adamw,56,7671,0.7938,0.4518,10.1
3,1024,0.0,gelu,0.002,256,3,3,15,80,0.01,no,adamw,56,7671,0.88118,0.4142,15.2
4,1024,0.1,gelu,0.002,256,3,3,15,120,0.01,no,adamw,56,7671,0.76722,0.5607,24.4
4,512,0.1,silu,0.005,256,3,3,15,120,0.01,layernorm,adamw,56,7671,0.67947,0.4289,36.4
3,512,0.0,gelu,0.002,512,3,3,15,120,0.01,layernorm,adamw,56,7671,0.80901,0.4101,13.6
4,1024,0.0,gelu,0.002,512,3,3,15,120,0.01,no,adamw,56,7671,0.73381,0.4365,12.1
3,512,0.0,gelu,0.003,512,3,3,15,80,0.01,no,adamw,56,7671,1.03897,0.2775,10.4
3,512,0.1,silu,0.002,256,3,3,15,80,0.01,no,adamw,56,7671,0.85778,0.4278,16.3
4,512,0.1,gelu,0.002,256,3,3,15,80,0.01,no,adamw,56,7671,0.78133,0.2397,16.8
3,512,0.1,gelu,0.003,512,3,3,15,120,0.01,layernorm,adamw,56,7671,0.82363,0.4407,13.8
3,1024,0.1,silu,0.002,512,3,3,15,120,0.01,no,adamw,56,7671,0.87623,0.2349,9.7
4,512,0.0,gelu,0.003,512,3,3,15,120,0.01,layernorm,adamw,56,7671,0.85083,0.4236,12.7
3,512,0.1,silu,0.002,512,3,3,15,80,0.01,layernorm,adamw,56,7671,0.92767,0.3149,13.9
4,1024,0.1,gelu,0.005,512,3,3,15,80,0.01,no,adamw,56,7671,0.8777,0.0538,10.7
4,1024,0.0,silu,0.003,512,3,3,15,120,0.01,layernorm,adamw,56,7671,0.76083,0.4568,19.2
3,1024,0.0,silu,0.008,256,3,3,15,80,0.01,layernorm,adamw,56,7671,0.87273,0.5044,18.4
4,512,0.0,gelu,0.008,256,3,3,15,120,0.01,layernorm,adamw,56,7671,0.83431,0.5546,21.9
3,1024,0.0,gelu,0.008,256,3,3,15,80,0.01,no,adamw,56,7671,0.9154,0.3741,13.9
4,1024,0.1,silu,0.005,256,3,3,15,120,0.01,no,adamw,56,7671,0.82402,0.5608,18.8
4,1024,0.1,gelu,0.008,256,3,5,15,80,0.01,no,adamw,60,7671,0.90591,0.0949,13.4
4,1024,0.0,gelu,0.008,512,3,5,15,80,0.01,no,adamw,60,7671,1.04136,0.064,9.0
4,512,0.0,gelu,0.002,256,3,5,15,120,0.01,layernorm,adamw,60,7671,0.93246,0.3674,23.1
4,1024,0.1,silu,0.008,256,3,5,15,80,0.01,no,adamw,60,7671,0.82541,0.0976,15.2
4,512,0.1,silu,0.002,512,3,5,15,120,0.01,layernorm,adamw,60,7671,0.8806,0.5239,16.4
3,512,0.1,gelu,0.002,256,3,5,15,120,0.01,layernorm,adamw,60,7671,0.74878,0.4329,30.0
4,1024,0.1,silu,0.008,256,3,5,15,80,0.01,layernorm,adamw,60,7671,0.75394,0.4624,19.8
4,512,0.1,silu,0.005,256,3,5,15,80,0.01,layernorm,adamw,60,7671,0.77995,0.5422,16.1
3,512,0.1,silu,0.002,512,3,5,15,80,0.01,layernorm,adamw,60,7671,0.88487,0.424,12.9
4,1024,0.0,silu,0.008,256,3,5,15,80,0.01,no,adamw,60,7671,1.30098,0.0053,17.5
3,1024,0.1,silu,0.008,512,3,5,15,120,0.01,no,adamw,60,7671,0.80972,0.464,12.2
4,1024,0.0,gelu,0.002,256,3,5,15,80,0.01,no,adamw,60,7671,0.92429,0.6368,14.6
4,1024,0.1,silu,0.003,512,3,5,15,120,0.01,layernorm,adamw,60,7671,0.76727,0.384,14.3
4,1024,0.1,gelu,0.005,256,3,5,15,80,0.01,layernorm,adamw,60,7671,0.79175,0.5085,19.8
3,512,0.1,gelu,0.008,512,3,5,15,120,0.01,layernorm,adamw,60,7671,0.8189,0.3024,19.6
3,512,0.0,silu,0.008,512,3,5,15,80,0.01,no,adamw,60,7671,0.82921,0.248,8.4
3,1024,0.1,silu,0.008,512,3,5,15,80,0.01,layernorm,adamw,60,7671,0.89384,0.0382,9.5
4,1024,0.0,silu,0.002,256,3,5,15,80,0.01,layernorm,adamw,60,7671,0.81181,0.462,17.1
3,512,0.0,gelu,0.008,256,3,5,15,80,0.01,layernorm,adamw,60,7671,0.89345,0.4314,15.2
3,512,0.1,gelu,0.003,512,3,5,15,80,0.01,no,adamw,60,7671,0.99346,0.5299,10.0
3,512,0.0,silu,0.003,256,3,5,15,80,0.01,layernorm,adamw,60,7671,0.83922,0.326,15.5
4,512,0.0,gelu,0.002,256,3,5,15,80,0.01,layernorm,adamw,60,7671,0.77653,0.5031,16.4
4,1024,0.0,silu,0.003,512,3,5,15,80,0.01,no,adamw,60,7671,0.78998,0.6021,11.2
3,1024,0.1,gelu,0.008,512,3,5,15,80,0.01,no,adamw,60,7671,0.81966,0.3164,9.4
4,512,0.1,gelu,0.002,512,3,5,15,120,0.01,no,adamw,60,7671,0.84124,0.4842,12.5
4,1024,0.1,gelu,0.008,256,3,5,15,80,0.01,layernorm,adamw,60,7671,0.77715,0.458,18.4
3,1024,0.1,silu,0.005,256,3,5,15,80,0.01,no,adamw,60,7671,0.7838,0.5006,13.9
4,1024,0.1,silu,0.002,256,3,5,15,80,0.01,no,adamw,60,7671,0.87004,0.1526,14.2
3,1024,0.0,gelu,0.002,512,3,5,15,120,0.01,layernorm,adamw,60,7671,0.8637,0.3769,12.8
4,512,0.0,gelu,0.008,256,3,5,15,80,0.01,no,adamw,60,7671,0.76098,0.2831,17.1
3,512,0.1,silu,0.008,512,3,5,15,120,0.01,no,adamw,60,7671,0.70568,0.533,15.4
3,512,0.0,gelu,0.003,512,3,5,15,80,0.01,layernorm,adamw,60,7671,0.89108,0.3671,7.7
3,512,0.1,silu,0.002,256,3,5,15,120,0.01,layernorm,adamw,60,7671,0.83823,0.4692,38.0
3,1024,0.1,gelu,0.002,512,3,5,15,80,0.01,layernorm,adamw,60,7671,0.80636,0.5557,10.5
3,512,0.1,silu,0.005,256,3,5,15,120,0.01,no,adamw,60,7671,0.91249,0.4435,23.6
3,512,0.1,silu,0.005,512,3,5,15,120,0.01,layernorm,adamw,60,7671,0.83625,0.4998,18.2
3,1024,0.0,silu,0.002,256,3,5,15,80,0.01,no,adamw,60,7671,0.90129,0.6189,12.3
4,512,0.1,gelu,0.008,256,3,5,15,80,0.01,layernorm,adamw,60,7671,0.83293,0.3513,22.3
4,512,0.1,gelu,0.003,512,3,5,15,80,0.01,layernorm,adamw,60,7671,0.8442,0.2136,12.6
4,512,0.0,silu,0.005,256,3,5,15,80,0.01,layernorm,adamw,60,7671,0.86984,0.5752,12.7
4,512,0.0,silu,0.005,512,3,5,15,80,0.01,layernorm,adamw,60,7671,1.13329,0.2097,9.6
4,1024,0.0,gelu,0.002,512,3,5,15,80,0.01,layernorm,adamw,60,7671,0.81287,0.3875,12.2
3,512,0.1,gelu,0.005,512,3,5,15,120,0.01,layernorm,adamw,60,7671,0.82672,0.3978,15.8
4,1024,0.0,silu,0.008,512,3,5,15,120,0.01,no,adamw,60,7671,0.98721,0.3545,12.0
4,1024,0.1,gelu,0.008,512,3,5,15,120,0.01,no,adamw,60,7671,0.89801,0.0459,11.4
3,512,0.1,silu,0.002,512,3,5,15,120,0.01,layernorm,adamw,60,7671,0.93847,0.5854,12.7
3,512,0.0,gelu,0.008,512,3,5,15,120,0.01,layernorm,adamw,60,7671,0.86502,0.3817,6.0
4,512,0.0,gelu,0.002,256,3,5,15,80,0.01,no,adamw,60,7671,1.07638,0.3373,7.2
4,1024,0.1,silu,0.005,256,3,5,15,80,0.01,no,adamw,60,7671,0.91819,0.4712,8.6
3,1024,0.1,silu,0.003,512,3,5,15,80,0.01,no,adamw,60,7671,0.83636,0.3863,5.1
4,1024,0.0,silu,0.005,256,3,5,15,80,0.01,no,adamw,60,7671,1.03148,0.1117,8.5
3,1024,0.1,silu,0.005,256,3,5,15,120,0.01,layernorm,adamw,60,7671,0.74964,0.4193,13.7
3,1024,0.1,gelu,0.002,256,3,5,15,120,0.01,layernorm,adamw,60,7671,0.77694,0.2692,13.7
3,1024,0.1,silu,0.003,512,3,5,15,80,0.01,layernorm,adamw,60,7671,0.89444,0.2268,4.9
3,512,0.1,gelu,0.008,512,3,5,15,80,0.01,layernorm,adamw,60,7671,0.81944,0.3269,4.3
4,512,0.1,gelu,0.005,512,3,5,15,80,0.01,no,adamw,60,7671,0.95197,0.2623,4.2
3,1024,0.0,gelu,0.002,512,3,5,15,80,0.01,no,adamw,60,7671,1.10485,0.1302,4.4
4,1024,0.0,silu,0.005,512,3,5,15,120,0.01,no,adamw,60,7671,0.99388,0.0737,5.2
3,512,0.1,gelu,0.008,512,3,5,15,120,0.01,no,adamw,60,7671,0.79451,0.3747,4.6
3,1024,0.0,silu,0.008,256,3,5,15,80,0.01,no,adamw,60,7671,0.88038,0.5443,5.9
4,512,0.0,gelu,0.002,512,3,5,15,120,0.01,no,adamw,60,7671,0.95012,0.423,4.1
3,512,0.1,gelu,0.003,256,3,5,15,120,0.01,layernorm,adamw,60,7671,0.82935,0.4906,11.9
3,512,0.0,silu,0.002,256,3,5,15,120,0.01,no,adamw,60,7671,0.92412,0.5637,9.0
4,1024,0.1,silu,0.003,256,3,5,15,120,0.01,no,adamw,60,7671,0.88536,0.2698,11.1
4,1024,0.1,silu,0.005,512,1,2,15,120,0.01,no,adamw,34,7671,0.84161,0.5131,18.0
4,1024,0.0,gelu,0.008,512,1,2,15,80,0.01,no,adamw,34,7671,1.28568,0.2427,8.8
4,512,0.1,gelu,0.002,256,1,2,15,120,0.01,layernorm,adamw,34,7671,0.66284,0.5955,32.4
4,512,0.0,gelu,0.003,512,1,2,15,80,0.01,layernorm,adamw,34,7671,0.88705,0.6664,10.1
3,512,0.1,gelu,0.002,256,1,2,15,120,0.01,no,adamw,34,7671,0.83779,0.5871,22.1
4,512,0.0,silu,0.008,512,1,2,15,80,0.01,no,adamw,34,7671,0.76239,0.2255,9.3
4,512,0.0,gelu,0.005,256,1,2,15,120,0.01,no,adamw,34,7671,0.84954,0.5917,28.8
3,1024,0.0,silu,0.005,512,1,2,15,120,0.01,layernorm,adamw,34,7671,0.90254,0.4017,15.3
3,512,0.1,silu,0.002,256,1,2,15,120,0.01,no,adamw,34,7671,1.00142,0.6026,21.7
3,1024,0.1,gelu,0.005,512,1,2,15,120,0.01,no,adamw,34,7671,0.97532,0.3654,9.3
3,1024,0.1,silu,0.005,512,1,2,15,120,0.01,no,adamw,34,7671,0.81155,0.4921,12.0
3,512,0.1,gelu,0.005,512,1,2,15,80,0.01,layernorm,adamw,34,7671,0.94344,0.5583,7.7
3,1024,0.1,gelu,0.008,512,1,2,15,120,0.01,no,adamw,34,7671,0.84678,0.3009,10.3
4,512,0.1,silu,0.005,256,1,2,15,80,0.01,no,adamw,34,7671,1.00697,0.57,15.6
4,512,0.0,gelu,0.002,256,1,2,15,120,0.01,no,adamw,34,7671,0.71016,0.8455,20.5
4,512,0.0,silu,0.002,512,1,2,15,80,0.01,no,adamw,34,7671,1.12408,0.6723,9.2
4,1024,0.1,silu,0.002,256,1,2,15,120,0.01,layernorm,adamw,34,7671,0.66612,0.5807,32.0
3,512,0.0,silu,0.002,256,1,2,15,80,0.01,layernorm,adamw,34,7671,0.97813,0.384,14.5
4,512,0.0,gelu,0.008,512,1,2,15,80,0.01,layernorm,adamw,34,7671,0.73541,0.4379,7.7
3,512,0.0,silu,0.005,256,1,2,15,120,0.01,layernorm,adamw,34,7671,0.80947,0.4465,16.9
4,1024,0.0,gelu,0.003,256,1,2,15,120,0.01,no,adamw,34,7671,0.81097,0.4164,19.2
4,1024,0.0,silu,0.003,256,1,2,15,80,0.01,layernorm,adamw,34,7671,0.71825,0.5002,16.6
4,512,0.0,silu,0.003,256,1,2,15,120,0.01,layernorm,adamw,34,7671,0.70412,0.4972,22.4
3,1024,0.1,gelu,0.003,256,1,2,15,80,0.01,no,adamw,34,7671,0.92179,0.4014,10.3
3,1024,0.0,silu,0.005,256,1,2,15,80,0.01,no,adamw,34,7671,0.87047,0.5342,15.0
4,512,0.0,silu,0.005,512,1,2,15,80,0.01,layernorm,adamw,34,7671,0.80801,0.5075,10.0
3,512,0.0,gelu,0.003,512,1,2,15,120,0.01,no,adamw,34,7671,1.05788,0.432,12.8
3,512,0.0,silu,0.003,512,1,2,15,80,0.01,layernorm,adamw,34,7671,0.91475,0.6651,7.9
4,1024,0.0,gelu,0.005,512,1,2,15,80,0.01,layernorm,adamw,34,7671,0.87667,0.4747,11.4
3,1024,0.0,gelu,0.003,512,1,2,15,120,0.01,no,adamw,34,7671,0.97618,0.5067,10.9
3,512,0.0,silu,0.003,512,1,2,15,80,0.01,no,adamw,34,7671,0.99073,0.5481,8.7
4,512,0.1,silu,0.003,256,1,2,15,80,0.01,layernorm,adamw,34,7671,0.72742,0.4893,24.3
3,1024,0.0,gelu,0.008,512,1,2,15,80,0.01,no,adamw,34,7671,1.33629,0.3676,9.0
4,512,0.0,gelu,0.008,256,1,2,15,80,0.01,no,adamw,34,7671,0.94969,0.4457,19.8
3,512,0.1,silu,0.002,512,1,2,15,120,0.01,layernorm,adamw,34,7671,0.90187,0.5167,19.1
3,1024,0.0,gelu,0.008,256,1,2,15,120,0.01,no,adamw,34,7671,0.79389,0.4048,20.3
4,1024,0.1,silu,0.008,256,1,2,15,80,0.01,layernorm,adamw,34,7671,0.6746,0.5026,23.8
3,512,0.0,gelu,0.003,512,1,2,15,80,0.01,layernorm,adamw,34,7671,0.82338,0.323,12.0
4,512,0.0,gelu,0.008,512,1,2,15,120,0.01,no,adamw,34,7671,0.8668,0.5243,14.1
3,512,0.1,silu,0.008,256,1,2,15,80,0.01,layernorm,adamw,34,7671,0.86569,0.6376,20.7
4,512,0.1,gelu,0.008,512,1,2,15,120,0.01,no,adamw,34,7671,0.89846,0.4165,14.0
4,512,0.0,silu,0.002,512,1,2,15,80,0.01,layernorm,adamw,34,7671,0.9609,0.4985,8.1
3,512,0.1,gelu,0.003,256,1,2,15,80,0.01,layernorm,adamw,34,7671,0.90826,0.4208,22.7
4,512,0.1,gelu,0.003,256,1,2,15,120,0.01,layernorm,adamw,34,7671,0.62346,0.4696,33.9
4,512,0.0,silu,0.008,256,1,2,15,120,0.01,no,adamw,34,7671,0.69743,0.4816,27.7
3,1024,0.1,gelu,0.005,256,1,2,15,80,0.01,layernorm,adamw,34,7671,0.86139,0.6862,20.5
3,512,0.0,gelu,0.002,512,1,2,15,120,0.01,layernorm,adamw,34,7671,0.87203,0.4001,14.6
4,512,0.1,gelu,0.005,512,1,2,15,80,0.01,no,adamw,34,7671,0.99088,0.2782,10.3
3,1024,0.1,silu,0.003,256,1,2,15,120,0.01,no,adamw,34,7671,0.81008,0.2731,20.7
3,1024,0.1,silu,0.005,512,1,2,15,80,0.01,no,adamw,34,7671,0.94674,0.382,9.9
4,512,0.1,silu,0.008,256,1,2,15,80,0.01,no,adamw,34,7671,0.89968,0.4575,17.1
3,512,0.1,silu,0.005,512,1,2,15,120,0.01,no,adamw,34,7671,0.99046,0.3987,13.0
3,1024,0.0,silu,0.002,512,1,2,15,120,0.01,layernorm,adamw,34,7671,0.87368,0.0835,14.0
3,512,0.0,silu,0.008,256,1,2,15,80,0.01,layernorm,adamw,34,7671,0.73362,0.5631,18.2
3,512,0.1,gelu,0.005,512,1,2,15,120,0.01,layernorm,adamw,34,7671,0.87065,0.5243,19.0
4,512,0.0,gelu,0.003,256,1,2,15,120,0.01,layernorm,adamw,34,7671,0.77169,0.5589,24.4
3,1024,0.0,silu,0.003,512,1,2,15,80,0.01,layernorm,adamw,34,7671,1.00267,0.4223,13.4
4,512,0.1,silu,0.008,512,1,2,15,120,0.01,no,adamw,34,7671,0.8229,0.5378,12.1
4,1024,0.1,silu,0.002,512,1,2,15,80,0.01,layernorm,adamw,34,7671,0.71327,0.4881,8.3
4,1024,0.0,silu,0.005,512,1,2,15,80,0.01,no,adamw,34,7671,0.78416,0.451,8.2
4,1024,0.0,gelu,0.008,512,1,2,15,120,0.01,no,adamw,34,7671,1.41557,0.2431,12.8
3,512,0.0,gelu,0.003,512,1,2,15,80,0.01,no,adamw,34,7671,0.97073,0.5899,8.7
4,512,0.1,silu,0.002,512,1,2,15,80,0.01,no,adamw,34,7671,0.75608,0.42,8.7
3,1024,0.1,gelu,0.008,512,1,2,15,120,0.01,layernorm,adamw,34,7671,0.74239,0.4164,11.2
4,1024,0.0,gelu,0.008,256,1,3,15,120,0.01,layernorm,adamw,36,7671,0.8347,0.5497,22.1
4,512,0.1,silu,0.008,256,1,3,15,80,0.01,layernorm,adamw,36,7671,0.69916,0.6876,24.3
4,1024,0.1,gelu,0.008,256,1,3,15,120,0.01,no,adamw,36,7671,1.17893,0.4104,18.9
4,512,0.1,silu,0.003,512,1,3,15,80,0.01,layernorm,adamw,36,7671,0.80241,0.3543,12.0
4,512,0.0,silu,0.003,256,1,3,15,80,0.01,no,adamw,36,7671,0.76241,0.5192,22.0
4,512,0.1,gelu,0.005,256,1,3,15,80,0.01,layernorm,adamw,36,7671,0.78955,0.6509,30.2
4,512,0.0,gelu,0.005,256,1,3,15,120,0.01,no,adamw,36,7671,0.97493,0.4246,27.2
4,512,0.1,gelu,0.003,512,1,3,15,120,0.01,layernorm,adamw,36,7671,0.81734,0.5426,16.9
3,1024,0.1,silu,0.003,256,1,3,15,80,0.01,layernorm,adamw,36,7671,0.9357,0.3348,19.2
3,512,0.0,silu,0.008,512,1,3,15,80,0.01,no,adamw,36,7671,0.92549,0.6379,10.1
4,512,0.1,gelu,0.008,256,1,3,15,120,0.01,layernorm,adamw,36,7671,0.69222,0.6335,34.9
3,1024,0.1,gelu,0.002,512,1,3,15,120,0.01,no,adamw,36,7671,0.88088,0.2741,9.4
3,512,0.0,gelu,0.008,256,1,3,15,120,0.01,layernorm,adamw,36,7671,0.80815,0.4876,20.2
3,512,0.1,gelu,0.008,256,1,3,15,120,0.01,layernorm,adamw,36,7671,0.83414,0.2547,37.5
4,1024,0.1,silu,0.005,256,1,3,15,120,0.01,no,adamw,36,7671,0.9208,0.4553,20.6
3,512,0.1,silu,0.005,512,1,3,15,120,0.01,layernorm,adamw,36,7671,0.85389,0.1597,15.8
3,512,0.0,silu,0.005,512,1,3,15,80,0.01,layernorm,adamw,36,7671,1.06813,0.2382,8.1
3,1024,0.1,gelu,0.008,256,1,3,15,80,0.01,layernorm,adamw,36,7671,0.91593,0.6033,19.7
3,512,0.1,silu,0.005,512,1,3,15,80,0.01,no,adamw,36,7671,1.03898,0.2862,9.9
3,1024,0.0,gelu,0.008,256,1,3,15,80,0.01,layernorm,adamw,36,7671,0.82784,0.3715,14.3
3,1024,0.1,gelu,0.003,512,1,3,15,120,0.01,no,adamw,36,7671,0.98014,0.3255,10.6
4,1024,0.0,gelu,0.005,256,1,3,15,80,0.01,layernorm,adamw,36,7671,0.79699,0.2649,12.4
4,512,0.1,silu,0.008,512,1,3,15,120,0.01,layernorm,adamw,36,7671,0.77327,0.4313,17.7
4,1024,0.1,silu,0.005,512,1,3,15,120,0.01,layernorm,adamw,36,7671,0.85211,0.5474,18.5
4,512,0.0,gelu,0.008,256,1,3,15,80,0.01,no,adamw,36,7671,0.82446,0.2788,18.2
4,1024,0.0,silu,0.002,512,1,3,15,120,0.01,no,adamw,36,7671,0.76953,0.5261,15.4
4,1024,0.1,silu,0.005,512,1,3,15,80,0.01,layernorm,adamw,36,7671,0.95992,0.6078,10.3
3,512,0.1,gelu,0.005,512,1,3,15,120,0.01,layernorm,adamw,36,7671,0.86692,0.3946,16.6
4,512,0.0,gelu,0.002,512,1,3,15,80,0.01,layernorm,adamw,36,7671,0.65795,0.417,9.0
4,1024,0.1,silu,0.005,512,1,3,15,120,0.01,no,adamw,36,7671,1.26869,0.5532,14.3
3,512,0.1,silu,0.003,512,1,3,15,120,0.01,layernorm,adamw,36,7671,0.97372,0.0864,19.5
4,1024,0.0,silu,0.002,512,1,3,15,120,0.01,layernorm,adamw,36,7671,0.90629,0.4574,19.1
4,1024,0.0,gelu,0.002,512,1,3,15,80,0.01,no,adamw,36,7671,0.78993,0.4417,9.9
3,512,0.0,gelu,0.002,256,1,3,15,120,0.01,no,adamw,36,7671,1.14268,0.3628,23.1
4,512,0.1,gelu,0.002,512,1,3,15,80,0.01,layernorm,adamw,36,7671,0.79408,0.3944,11.8
4,512,0.0,silu,0.005,256,1,3,15,80,0.01,layernorm,adamw,36,7671,0.88902,0.5536,19.8
4,1024,0.1,gelu,0.005,512,1,3,15,120,0.01,layernorm,adamw,36,7671,0.91307,0.5942,16.6
3,1024,0.0,silu,0.003,512,1,3,15,120,0.01,layernorm,adamw,36,7671,0.79383,0.3486,16.9
3,512,0.0,silu,0.003,512,1,3,15,120,0.01,layernorm,adamw,36,7671,0.95822,0.3865,10.8
3,1024,0.0,silu,0.002,512,1,3,15,120,0.01,no,adamw,36,7671,1.10424,0.0132,8.9
3,512,0.0,silu,0.002,256,1,3,15,80,0.01,layernorm,adamw,36,7671,0.8539,0.5066,14.0
4,512,0.0,gelu,0.002,256,1,3,15,120,0.01,layernorm,adamw,36,7671,0.80599,0.5463,22.1
4,512,0.1,gelu,0.003,512,1,3,15,80,0.01,layernorm,adamw,36,7671,0.84221,0.3458,10.8
4,1024,0.1,gelu,0.008,512,1,3,15,80,0.01,no,adamw,36,7671,0.93298,0.3695,9.5
4,1024,0.1,gelu,0.005,256,1,3,15,80,0.01,layernorm,adamw,36,7671,0.6996,0.4526,22.0
4,1024,0.0,gelu,0.003,256,1,3,15,120,0.01,no,adamw,36,7671,0.75313,0.3774,21.0
3,1024,0.0,gelu,0.008,512,1,3,15,80,0.01,layernorm,adamw,36,7671,1.00625,0.5214,9.5
3,1024,0.0,gelu,0.003,512,1,3,15,80,0.01,no,adamw,36,7671,1.01385,0.4571,6.9
4,512,0.0,silu,0.003,512,1,3,15,80,0.01,layernorm,adamw,36,7671,1.00444,0.1585,9.3
3,1024,0.1,silu,0.002,256,1,3,15,80,0.01,layernorm,adamw,36,7671,0.79828,0.3515,21.4
4,1024,0.1,gelu,0.003,512,1,3,15,80,0.01,layernorm,adamw,36,7671,0.75125,0.533,9.6
3,512,0.1,gelu,0.003,512,1,3,15,80,0.01,layernorm,adamw,36,7671,0.87618,0.1986,11.3
4,512,0.0,silu,0.002,256,1,3,15,120,0.01,layernorm,adamw,36,7671,0.81945,0.5611,21.2
3,512,0.1,silu,0.005,512,1,3,15,120,0.01,no,adamw,36,7671,0.93461,0.3336,12.0
3,512,0.1,silu,0.005,256,1,3,15,120,0.01,layernorm,adamw,36,7671,0.92451,0.5293,40.4
4,1024,0.0,gelu,0.008,256,1,3,15,80,0.01,no,adamw,36,7671,0.95861,0.5648,13.3
3,512,0.1,gelu,0.002,256,1,3,15,80,0.01,layernorm,adamw,36,7671,0.90959,0.5253,22.5
3,1024,0.1,silu,0.003,256,1,3,15,80,0.01,no,adamw,36,7671,0.89005,0.4511,13.0
4,1024,0.0,silu,0.003,512,1,3,15,80,0.01,layernorm,adamw,36,7671,0.92614,0.3045,9.8
3,1024,0.0,silu,0.008,512,1,3,15,80,0.01,layernorm,adamw,36,7671,1.04776,0.4307,8.5
4,512,0.1,gelu,0.003,256,1,3,15,80,0.01,no,adamw,36,7671,0.95145,0.1864,16.6
4,512,0.1,gelu,0.008,256,1,3,15,80,0.01,layernorm,adamw,36,7671,0.85999,0.3032,25.6
3,512,0.1,silu,0.005,256,1,3,15,120,0.01,no,adamw,36,7671,0.88265,0.4025,21.3
4,1024,0.1,silu,0.002,512,1,3,15,120,0.01,no,adamw,36,7671,0.74257,0.4526,10.0
4,512,0.1,gelu,0.003,256,1,5,15,80,0.01,layernorm,adamw,40,7671,0.79966,0.426,24.8
4,512,0.1,silu,0.002,256,1,5,15,120,0.01,layernorm,adamw,40,7671,0.83041,0.2621,31.3
4,512,0.0,silu,0.005,512,1,5,15,120,0.01,no,adamw,40,7671,1.00063,0.0338,15.2
4,512,0.1,gelu,0.005,512,1,5,15,120,0.01,no,adamw,40,7671,0.92137,0.1773,12.4
3,512,0.0,silu,0.005,512,1,5,15,120,0.01,layernorm,adamw,40,7671,0.93365,0.561,10.4
3,1024,0.1,gelu,0.005,256,1,5,15,120,0.01,layernorm,adamw,40,7671,0.77594,0.6317,24.8
4,1024,0.1,silu,0.008,512,1,5,15,80,0.01,layernorm,adamw,40,7671,0.8939,0.2178,8.5
4,512,0.1,gelu,0.008,256,1,5,15,120,0.01,layernorm,adamw,40,7671,0.86826,0.6599,35.4
3,512,0.1,gelu,0.005,256,1,5,15,80,0.01,layernorm,adamw,40,7671,0.91329,0.5173,24.5
4,1024,0.0,silu,0.008,256,1,5,15,80,0.01,layernorm,adamw,40,7671,0.9159,0.6237,14.9
4,1024,0.0,gelu,0.005,256,1,5,15,80,0.01,no,adamw,40,7671,1.06088,0.5685,15.5
4,512,0.0,silu,0.003,256,1,5,15,80,0.01,no,adamw,40,7671,0.95703,0.5141,16.8
4,512,0.0,gelu,0.005,256,1,5,15,80,0.01,no,adamw,40,7671,0.90402,0.5019,15.2
4,512,0.1,gelu,0.002,512,1,5,15,120,0.01,no,adamw,40,7671,0.95054,0.6014,13.9
4,512,0.1,silu,0.003,512,1,5,15,120,0.01,no,adamw,40,7671,0.7852,0.2903,14.6
4,512,0.0,silu,0.005,512,1,5,15,120,0.01,layernorm,adamw,40,7671,0.9449,0.0844,12.8
4,512,0.0,gelu,0.005,256,1,5,15,120,0.01,no,adamw,40,7671,0.98332,0.566,27.8
4,1024,0.1,gelu,0.003,256,1,5,15,80,0.01,no,adamw,40,7671,1.00086,0.1202,15.2
4,1024,0.1,gelu,0.002,512,1,5,15,80,0.01,no,adamw,40,7671,0.97434,0.612,9.5
4,1024,0.0,gelu,0.005,512,1,5,15,120,0.01,no,adamw,40,7671,1.17967,0.4528,14.8
4,1024,0.0,gelu,0.003,256,1,5,15,80,0.01,no,adamw,40,7671,1.14177,0.1124,15.3
4,1024,0.1,silu,0.008,512,1,5,15,120,0.01,no,adamw,40,7671,0.95275,0.0144,17.6
3,1024,0.1,gelu,0.008,256,1,5,15,80,0.01,layernorm,adamw,40,7671,0.86245,0.519,17.9
3,1024,0.1,gelu,0.002,512,1,5,15,120,0.01,no,adamw,40,7671,0.82537,0.3503,10.8
3,1024,0.1,silu,0.002,512,1,5,15,120,0.01,layernorm,adamw,40,7671,0.8221,0.4772,13.8
3,1024,0.0,silu,0.003,256,1,5,15,80,0.01,layernorm,adamw,40,7671,0.91128,0.0728,14.4
4,1024,0.0,gelu,0.003,256,1,5,15,120,0.01,no,adamw,40,7671,0.95958,0.1566,20.0
4,512,0.1,silu,0.003,256,1,5,15,120,0.01,no,adamw,40,7671,0.82102,0.438,20.2
4,512,0.1,gelu,0.008,256,1,5,15,120,0.01,no,adamw,40,7671,0.88731,0.5052,26.3
3,512,0.0,gelu,0.002,512,1,5,15,120,0.01,layernorm,adamw,40,7671,0.96499,0.4745,13.4
4,512,0.0,silu,0.008,256,1,5,15,120,0.01,layernorm,adamw,40,7671,1.06268,0.5864,21.3
4,1024,0.1,gelu,0.003,512,1,5,15,120,0.01,no,adamw,40,7671,1.20189,0.3829,11.8
4,1024,0.1,silu,0.002,256,1,5,15,120,0.01,layernorm,adamw,40,7671,0.88955,0.6299,29.9
3,1024,0.1,silu,0.008,256,1,5,15,120,0.01,layernorm,adamw,40,7671,0.88866,0.5194,25.9
3,512,0.0,silu,0.005,512,1,5,15,80,0.01,layernorm,adamw,40,7671,0.90316,0.4282,10.0
4,1024,0.0,gelu,0.003,512,1,5,15,80,0.01,layernorm,adamw,40,7671,0.88029,0.4745,12.8
4,512,0.0,gelu,0.002,256,1,5,15,120,0.01,no,adamw,40,7671,0.93565,0.0266,20.4
3,1024,0.0,silu,0.003,512,1,5,15,80,0.01,no,adamw,40,7671,0.87697,0.411,7.3
4,1024,0.1,gelu,0.003,512,1,5,15,80,0.01,no,adamw,40,7671,1.10475,0.464,8.9
3,1024,0.1,silu,0.008,512,1,5,15,80,0.01,layernorm,adamw,40,7671,0.91665,0.486,9.4
4,512,0.0,silu,0.005,256,1,5,15,120,0.01,layernorm,adamw,40,7671,0.95617,0.5183,27.5
3,512,0.0,gelu,0.002,512,1,5,15,80,0.01,no,adamw,40,7671,1.0639,0.4304,10.9
4,1024,0.0,gelu,0.003,512,1,5,15,120,0.01,no,adamw,40,7671,0.90647,0.4544,13.6
3,1024,0.0,gelu,0.002,512,1,5,15,120,0.01,layernorm,adamw,40,7671,0.93934,0.3848,15.0
3,1024,0.0,gelu,0.008,512,1,5,15,80,0.01,no,adamw,40,7671,1.11616,0.1446,6.1
4,1024,0.0,silu,0.008,512,1,5,15,80,0.01,layernorm,adamw,40,7671,0.8748,0.0545,8.9
4,512,0.0,gelu,0.002,256,1,5,15,80,0.01,no,adamw,40,7671,0.93217,0.4545,19.4
3,512,0.0,silu,0.002,256,1,5,15,80,0.01,no,adamw,40,7671,0.90834,0.5464,22.5
3,512,0.1,silu,0.008,256,1,5,15,80,0.01,layernorm,adamw,40,7671,0.821,0.1412,24.5
3,1024,0.0,silu,0.005,256,1,5,15,80,0.01,no,adamw,40,7671,0.9408,0.4513,14.0
4,512,0.0,gelu,0.003,512,1,5,15,80,0.01,no,adamw,40,7671,0.98686,0.4785,10.5
3,1024,0.1,silu,0.005,256,1,5,15,120,0.01,layernorm,adamw,40,7671,0.92702,0.3915,28.2
3,1024,0.0,gelu,0.003,256,1,5,15,80,0.01,layernorm,adamw,40,7671,0.82199,0.5075,16.0
3,512,0.0,silu,0.008,256,1,5,15,80,0.01,no,adamw,40,7671,0.74219,0.3071,19.8
3,512,0.1,gelu,0.005,256,1,5,15,80,0.01,no,adamw,40,7671,1.03368,0.3073,14.6
4,512,0.0,gelu,0.002,512,1,5,15,120,0.01,layernorm,adamw,40,7671,0.98911,0.5085,11.1
4,1024,0.1,gelu,0.005,512,1,5,15,80,0.01,no,adamw,40,7671,1.05273,0.4187,8.5
3,512,0.1,gelu,0.008,256,1,5,15,120,0.01,layernorm,adamw,40,7671,0.82567,0.5237,30.6
3,1024,0.0,silu,0.008,512,1,5,15,120,0.01,no,adamw,40,7671,1.08695,0.4003,10.7
4,1024,0.1,silu,0.008,512,1,5,15,80,0.01,no,adamw,40,7671,0.91316,0.3746,9.3
4,1024,0.0,silu,0.003,256,1,5,15,120,0.01,no,adamw,40,7671,0.99566,0.5257,22.3
3,512,0.1,silu,0.005,256,1,5,15,120,0.01,layernorm,adamw,40,7671,0.80804,0.504,28.9
4,512,0.1,gelu,0.002,512,1,5,15,120,0.01,layernorm,adamw,40,7671,0.74364,0.4192,13.4
4,1024,0.1,gelu,0.002,256,1,5,15,120,0.01,layernorm,adamw,40,7671,0.82638,0.6676,25.1
3,512,0.1,gelu,0.003,512,2,2,15,80,0.01,layernorm,adamw,44,7671,0.83802,0.6,10.9
4,1024,0.1,silu,0.005,256,2,2,15,120,0.01,layernorm,adamw,44,7671,0.67156,0.5834,27.8
4,512,0.0,gelu,0.005,256,2,2,15,120,0.01,layernorm,adamw,44,7671,0.78686,0.4376,21.6
4,1024,0.0,gelu,0.003,512,2,2,15,120,0.01,no,adamw,44,7671,0.74151,0.3611,11.3
3,512,0.0,gelu,0.002,512,2,2,15,80,0.01,no,adamw,44,7671,1.13077,0.0446,6.5
3,512,0.0,silu,0.002,512,2,2,15,80,0.01,no,adamw,44,7671,1.06547,0.0394,9.6
3,1024,0.0,silu,0.003,256,2,2,15,80,0.01,no,adamw,44,7671,0.85191,0.4757,13.0
3,512,0.1,gelu,0.008,512,2,2,15,120,0.01,no,adamw,44,7671,0.75607,0.3164,15.0
3,512,0.1,gelu,0.008,256,2,2,15,120,0.01,no,adamw,44,7671,0.80609,0.3318,18.7
4,512,0.1,silu,0.005,256,2,2,15,80,0.01,no,adamw,44,7671,0.75179,0.601,15.0
4,1024,0.0,gelu,0.003,256,2,2,15,80,0.01,layernorm,adamw,44,7671,0.79991,0.5452,14.3
3,1024,0.1,gelu,0.005,512,2,2,15,120,0.01,no,adamw,44,7671,1.02159,0.2671,11.2
4,1024,0.0,gelu,0.003,256,2,2,15,120,0.01,no,adamw,44,7671,0.81828,0.5335,22.2
3,512,0.0,silu,0.008,256,2,2,15,80,0.01,no,adamw,44,7671,0.75559,0.4764,16.4
3,1024,0.0,silu,0.005,512,2,2,15,80,0.01,no,adamw,44,7671,0.85924,0.4429,7.0
3,512,0.1,gelu,0.008,512,2,2,15,80,0.01,no,adamw,44,7671,0.81381,0.2493,9.6
4,1024,0.0,silu,0.008,512,2,2,15,120,0.01,no,adamw,44,7671,0.95944,0.3611,10.5
3,512,0.0,silu,0.005,256,2,2,15,120,0.01,layernorm,adamw,44,7671,0.76733,0.5899,21.6
3,1024,0.0,silu,0.008,512,2,2,15,80,0.01,layernorm,adamw,44,7671,0.88311,0.2873,11.1
4,512,0.0,gelu,0.002,512,2,2,15,120,0.01,layernorm,adamw,44,7671,0.90293,0.5018,10.4
3,1024,0.1,gelu,0.005,256,2,2,15,80,0.01,layernorm,adamw,44,7671,0.73081,0.4973,16.3
4,1024,0.0,silu,0.005,512,2,2,15,80,0.01,no,adamw,44,7671,1.03777,0.4987,10.3
3,1024,0.1,gelu,0.003,512,2,2,15,120,0.01,no,adamw,44,7671,0.85193,0.2323,13.2
3,512,0.1,gelu,0.003,256,2,2,15,120,0.01,no,adamw,44,7671,0.91903,0.3319,25.8
3,512,0.0,gelu,0.008,256,2,2,15,80,0.01,no,adamw,44,7671,0.95492,0.4098,17.9
3,1024,0.1,silu,0.005,256,2,2,15,80,0.01,layernorm,adamw,44,7671,0.755,0.3684,18.7
3,512,0.1,silu,0.005,512,2,2,15,120,0.01,layernorm,adamw,44,7671,0.79492,0.4267,18.2
3,512,0.1,gelu,0.005,256,2,2,15,80,0.01,layernorm,adamw,44,7671,0.7386,0.5957,18.3
3,512,0.0,gelu,0.008,256,2,2,15,80,0.01,layernorm,adamw,44,7671,0.77812,0.4724,15.9
4,512,0.0,silu,0.003,512,2,2,15,80,0.01,layernorm,adamw,44,7671,0.7424,0.5036,10.0
4,512,0.1,silu,0.002,512,2,2,15,120,0.01,layernorm,adamw,44,7671,0.74592,0.4615,18.1
3,1024,0.1,silu,0.008,512,2,2,15,120,0.01,no,adamw,44,7671,0.84323,0.4137,10.1
4,512,0.1,silu,0.008,512,2,2,15,80,0.01,no,adamw,44,7671,0.77397,0.5402,9.0
3,1024,0.1,gelu,0.008,512,2,2,15,80,0.01,layernorm,adamw,44,7671,0.90982,0.4551,11.8
3,512,0.0,silu,0.003,256,2,2,15,120,0.01,layernorm,adamw,44,7671,0.87522,0.3501,21.2
4,512,0.0,silu,0.003,512,2,2,15,80,0.01,no,adamw,44,7671,1.14727,0.0016,8.2
3,512,0.0,gelu,0.003,512,2,2,15,80,0.01,layernorm,adamw,44,7671,0.86084,0.4593,9.3
3,512,0.1,silu,0.008,512,2,2,15,120,0.01,layernorm,adamw,44,7671,0.8028,0.4846,17.1
4,512,0.1,gelu,0.008,256,2,2,15,80,0.01,no,adamw,44,7671,0.98938,0.3199,15.4
3,1024,0.0,gelu,0.005,512,2,2,15,80,0.01,no,adamw,44,7671,0.91332,0.4114,7.6
4,512,0.0,silu,0.002,512,2,2,15,120,0.01,layernorm,adamw,44,7671,0.76591,0.5542,13.0
4,512,0.0,silu,0.008,512,2,2,15,80,0.01,no,adamw,44,7671,0.74829,0.2835,8.6
3,512,0.0,gelu,0.003,512,2,2,15,120,0.01,layernorm,adamw,44,7671,0.81564,0.3862,13.7
3,1024,0.1,silu,0.002,512,2,2,15,80,0.01,no,adamw,44,7671,0.91941,0.3304,8.5
3,512,0.1,gelu,0.002,512,2,2,15,120,0.01,no,adamw,44,7671,0.85798,0.5873,14.2
3,1024,0.1,silu,0.005,256,2,2,15,80,0.01,no,adamw,44,7671,0.73343,0.3379,14.3
4,512,0.1,silu,0.005,512,2,2,15,120,0.01,no,adamw,44,7671,0.72601,0.5079,14.4
3,512,0.0,gelu,0.002,512,2,2,15,120,0.01,layernorm,adamw,44,7671,0.93637,0.4272,14.3
4,512,0.0,silu,0.002,512,2,2,15,120,0.01,no,adamw,44,7671,0.92766,0.3609,14.3
3,1024,0.1,silu,0.008,512,2,2,15,80,0.01,layernorm,adamw,44,7671,0.81345,0.5185,11.2
4,512,0.1,gelu,0.003,256,2,2,15,120,0.01,layernorm,adamw,44,7671,0.78911,0.5286,36.1
3,1024,0.0,gelu,0.002,256,2,2,15,80,0.01,layernorm,adamw,44,7671,0.91388,0.3749,12.9
4,1024,0.0,gelu,0.003,512,2,2,15,80,0.01,no,adamw,44,7671,0.96232,0.3298,10.0
4,1024,0.1,gelu,0.002,512,2,2,15,80,0.01,no,adamw,44,7671,0.77506,0.4419,8.0
4,1024,0.1,silu,0.002,256,2,2,15,80,0.01,layernorm,adamw,44,7671,0.73321,0.5709,22.1
3,512,0.0,gelu,0.003,256,2,2,15,80,0.01,no,adamw,44,7671,0.90044,0.3766,16.9
3,1024,0.0,gelu,0.002,512,2,2,15,80,0.01,layernorm,adamw,44,7671,0.87975,0.3906,12.6
3,1024,0.1,gelu,0.008,256,2,2,15,80,0.01,layernorm,adamw,44,7671,0.76752,0.1731,19.0
4,512,0.0,silu,0.005,512,2,2,15,120,0.01,layernorm,adamw,44,7671,0.82498,0.5114,10.4
3,1024,0.0,gelu,0.003,512,2,2,15,120,0.01,layernorm,adamw,44,7671,0.84866,0.4876,16.9
3,512,0.1,silu,0.008,256,2,2,15,80,0.01,no,adamw,44,7671,0.77379,0.4731,19.1
3,1024,0.0,gelu,0.005,256,2,2,15,120,0.01,layernorm,adamw,44,7671,0.86072,0.2792,26.4
3,512,0.1,silu,0.003,256,2,2,15,120,0.01,no,adamw,44,7671,0.7608,0.3787,22.9
3,1024,0.0,gelu,0.002,256,2,2,15,120,0.01,layernorm,adamw,44,7671,0.79699,0.3104,17.8
3,1024,0.1,silu,0.008,256,2,3,15,120,0.01,layernorm,adamw,46,7671,0.73726,0.5644,24.9
3,1024,0.1,gelu,0.008,512,2,3,15,80,0.01,no,adamw,46,7671,0.91134,0.35,8.4
3,512,0.1,silu,0.005,256,2,3,15,80,0.01,no,adamw,46,7671,0.84533,0.3271,17.0
3,512,0.0,gelu,0.003,512,2,3,15,120,0.01,no,adamw,46,7671,0.89382,0.227,11.5
3,512,0.1,gelu,0.002,256,2,3,15,120,0.01,no,adamw,46,7671,0.8051,0.4978,18.7
3,512,0.1,gelu,0.003,512,2,3,15,120,0.01,no,adamw,46,7671,0.85902,0.4027,13.6
4,512,0.1,silu,0.005,256,2,3,15,120,0.01,no,adamw,46,7671,0.63803,0.558,20.0
3,512,0.1,gelu,0.005,512,2,3,15,80,0.01,layernorm,adamw,46,7671,0.76537,0.4415,12.4
3,1024,0.1,silu,0.002,512,2,3,15,80,0.01,no,adamw,46,7671,0.89483,0.3641,8.8
3,1024,0.0,gelu,0.003,256,2,3,15,80,0.01,layernorm,adamw,46,7671,0.801,0.4924,12.9
3,1024,0.0,silu,0.005,512,2,3,15,120,0.01,no,adamw,46,7671,0.76478,0.4865,8.8
4,512,0.0,gelu,0.008,512,2,3,15,80,0.01,layernorm,adamw,46,7671,0.77386,0.4509,7.3
3,1024,0.0,gelu,0.002,256,2,3,15,120,0.01,no,adamw,46,7671,0.88006,0.5872,18.2
3,1024,0.0,gelu,0.002,512,2,3,15,120,0.01,no,adamw,46,7671,0.9186,0.2379,11.6
4,512,0.1,gelu,0.003,256,2,3,15,80,0.01,layernorm,adamw,46,7671,0.80858,0.4376,23.6
3,512,0.0,gelu,0.005,512,2,3,15,80,0.01,layernorm,adamw,46,7671,0.93429,0.382,8.3
3,1024,0.1,silu,0.005,256,2,3,15,120,0.01,layernorm,adamw,46,7671,0.73641,0.4675,29.4
4,1024,0.0,silu,0.008,256,2,3,15,120,0.01,layernorm,adamw,46,7671,0.86757,0.3065,25.8
4,1024,0.0,gelu,0.002,512,2,3,15,120,0.01,no,adamw,46,7671,0.8262,0.4872,13.7
3,512,0.1,silu,0.008,256,2,3,15,80,0.01,no,adamw,46,7671,0.73601,0.2176,15.0
3,1024,0.0,silu,0.002,512,2,3,15,120,0.01,layernorm,adamw,46,7671,0.88551,0.4045,16.2
3,512,0.0,silu,0.008,512,2,3,15,120,0.01,layernorm,adamw,46,7671,0.89164,0.5487,10.2
3,1024,0.0,gelu,0.003,512,2,3,15,80,0.01,no,adamw,46,7671,0.9865,0.3963,7.6
4,1024,0.0,silu,0.008,512,2,3,15,80,0.01,no,adamw,46,7671,2.12805,0.0365,8.7
3,1024,0.1,gelu,0.005,256,2,3,15,80,0.01,layernorm,adamw,46,7671,0.75865,0.4437,15.3
4,1024,0.0,gelu,0.005,512,2,3,15,120,0.01,no,adamw,46,7671,0.93848,0.4029,15.4
3,1024,0.1,silu,0.003,512,2,3,15,80,0.01,layernorm,adamw,46,7671,0.84059,0.2457,10.7
4,512,0.1,silu,0.005,512,2,3,15,120,0.01,no,adamw,46,7671,0.73851,0.5647,14.5
3,512,0.1,gelu,0.008,256,2,3,15,120,0.01,no,adamw,46,7671,0.88615,0.3629,27.7
4,512,0.0,silu,0.002,256,2,3,15,80,0.01,no,adamw,46,7671,0.84806,0.553,16.3
4,1024,0.1,silu,0.003,512,2,3,15,80,0.01,layernorm,adamw,46,7671,0.81718,0.2776,10.1
3,512,0.0,silu,0.005,512,2,3,15,120,0.01,layernorm,adamw,46,7671,0.91312,0.5465,8.9
4,512,0.0,gelu,0.002,256,2,3,15,80,0.01,no,adamw,46,7671,0.89481,0.4517,12.2
3,1024,0.1,gelu,0.005,512,2,3,15,80,0.01,no,adamw,46,7671,0.92552,0.1159,6.2
4,1024,0.1,silu,0.008,256,2,3,15,80,0.01,no,adamw,46,7671,1.30168,0.0008,13.7
3,1024,0.0,silu,0.003,256,2,3,15,120,0.01,layernorm,adamw,46,7671,0.85002,0.5299,15.9
3,512,0.0,silu,0.003,256,2,3,15,80,0.01,layernorm,adamw,46,7671,0.8468,0.3415,13.9
4,512,0.1,silu,0.003,256,2,3,15,80,0.01,no,adamw,46,7671,0.71625,0.3477,17.6
3,512,0.0,silu,0.005,256,2,3,15,120,0.01,layernorm,adamw,46,7671,0.72724,0.4439,21.5
3,512,0.0,gelu,0.005,512,2,3,15,120,0.01,layernorm,adamw,46,7671,0.84205,0.531,11.0
4,1024,0.0,silu,0.005,512,2,3,15,120,0.01,no,adamw,46,7671,0.73503,0.1668,13.0
4,1024,0.0,gelu,0.008,512,2,3,15,80,0.01,layernorm,adamw,46,7671,1.06517,0.2372,11.1
4,1024,0.0,gelu,0.008,512,2,3,15,80,0.01,no,adamw,46,7671,1.47891,0.286,11.7
4,1024,0.0,silu,0.008,512,2,3,15,120,0.01,no,adamw,46,7671,1.05322,0.3242,15.4
4,1024,0.1,silu,0.005,512,2,3,15,120,0.01,no,adamw,46,7671,0.86792,0.1138,10.8
3,1024,0.0,gelu,0.005,512,2,3,15,80,0.01,layernorm,adamw,46,7671,0.95897,0.43,10.6
4,512,0.0,gelu,0.005,256,2,3,15,80,0.01,layernorm,adamw,46,7671,0.7598,0.494,16.1
4,512,0.0,silu,0.003,512,2,3,15,120,0.01,layernorm,adamw,46,7671,0.89889,0.4184,13.2
3,512,0.1,silu,0.005,512,2,3,15,80,0.01,layernorm,adamw,46,7671,0.86276,0.4887,12.7
4,512,0.0,gelu,0.008,512,2,3,15,120,0.01,no,adamw,46,7671,1.21823,0.442,13.1
3,512,0.0,gelu,0.005,256,2,3,15,80,0.01,layernorm,adamw,46,7671,0.79156,0.4648,15.3
4,512,0.1,silu,0.002,512,2,3,15,120,0.01,no,adamw,46,7671,0.83354,0.7487,11.0
3,512,0.0,gelu,0.008,256,2,3,15,80,0.01,layernorm,adamw,46,7671,0.75843,0.4801,14.3
3,512,0.1,silu,0.002,256,2,3,15,120,0.01,layernorm,adamw,46,7671,0.74511,0.4184,35.8
4,1024,0.0,gelu,0.005,256,2,3,15,120,0.01,layernorm,adamw,46,7671,0.78321,0.5376,20.9
3,1024,0.0,gelu,0.002,512,2,3,15,120,0.01,layernorm,adamw,46,7671,0.94066,0.4328,15.6
4,1024,0.0,silu,0.005,512,2,3,15,80,0.01,no,adamw,46,7671,0.65765,0.5016,9.9
3,512,0.1,silu,0.003,256,2,3,15,80,0.01,layernorm,adamw,46,7671,0.74422,0.5221,22.8
3,1024,0.0,gelu,0.003,256,2,3,15,80,0.01,no,adamw,46,7671,0.87782,0.3335,13.2
4,1024,0.1,silu,0.005,256,2,3,15,80,0.01,layernorm,adamw,46,7671,0.69107,0.4991,20.2
4,1024,0.1,gelu,0.008,256,2,3,15,120,0.01,no,adamw,46,7671,0.88668,0.4049,20.5
4,512,0.1,silu,0.003,512,2,3,15,120,0.01,layernorm,adamw,46,7671,0.69893,0.5994,20.7
3,1024,0.0,silu,0.003,256,2,3,15,80,0.01,layernorm,adamw,46,7671,0.82736,0.4982,14.5
4,512,0.1,gelu,0.002,256,2,3,15,120,0.01,no,adamw,46,7671,0.76376,0.3768,23.3
4,1024,0.1,silu,0.005,256,2,5,15,120,0.01,no,adamw,50,7671,0.78279,0.6595,22.2
4,512,0.1,silu,0.003,256,2,5,15,80,0.01,layernorm,adamw,50,7671,0.77959,0.5275,32.7
3,1024,0.1,gelu,0.005,256,2,5,15,80,0.01,layernorm,adamw,50,7671,0.87703,0.4668,19.7
3,512,0.0,gelu,0.005,512,2,5,15,80,0.01,no,adamw,50,7671,0.81975,0.3725,7.3
3,512,0.1,gelu,0.008,256,2,5,15,120,0.01,layernorm,adamw,50,7671,0.79594,0.4719,31.4
3,1024,0.1,silu,0.003,256,2,5,15,80,0.01,no,adamw,50,7671,0.80913,0.4359,11.8
4,512,0.0,silu,0.002,256,2,5,15,80,0.01,no,adamw,50,7671,0.88575,0.1306,17.9
3,512,0.0,gelu,0.008,512,2,5,15,120,0.01,no,adamw,50,7671,1.15731,0.2174,11.8
3,1024,0.0,gelu,0.008,256,2,5,15,80,0.01,layernorm,adamw,50,7671,0.85282,0.4278,13.6
3,1024,0.1,silu,0.003,256,2,5,15,80,0.01,layernorm,adamw,50,7671,0.80889,0.5561,16.7
4,1024,0.1,gelu,0.003,512,2,5,15,80,0.01,no,adamw,50,7671,0.71511,0.353,7.7
3,1024,0.1,silu,0.005,512,2,5,15,120,0.01,layernorm,adamw,50,7671,0.76404,0.4708,13.3
4,1024,0.1,gelu,0.008,512,2,5,15,80,0.01,no,adamw,50,7671,1.14917,0.1776,10.5
3,1024,0.1,silu,0.002,512,2,5,15,120,0.01,no,adamw,50,7671,0.78889,0.4818,16.0
4,1024,0.0,gelu,0.008,256,2,5,15,120,0.01,layernorm,adamw,50,7671,0.8247,0.463,25.5
4,512,0.1,silu,0.002,256,2,5,15,120,0.01,no,adamw,50,7671,0.7342,0.6263,25.9
4,1024,0.0,silu,0.005,256,2,5,15,80,0.01,layernorm,adamw,50,7671,0.76533,0.6001,17.2
3,1024,0.0,gelu,0.002,512,2,5,15,80,0.01,no,adamw,50,7671,0.94005,0.5611,7.8
4,512,0.0,silu,0.005,512,2,5,15,80,0.01,layernorm,adamw,50,7671,0.92318,0.1528,8.3
4,1024,0.1,gelu,0.002,512,2,5,15,120,0.01,no,adamw,50,7671,0.9253,0.6698,12.4
3,512,0.1,gelu,0.003,256,2,5,15,120,0.01,layernorm,adamw,50,7671,0.84387,0.3615,37.4
3,1024,0.0,gelu,0.005,256,2,5,15,120,0.01,layernorm,adamw,50,7671,0.85148,0.5002,17.7
4,512,0.0,silu,0.008,256,2,5,15,80,0.01,layernorm,adamw,50,7671,1.07616,0.1296,15.3
3,1024,0.0,gelu,0.003,256,2,5,15,120,0.01,layernorm,adamw,50,7671,0.81591,0.5451,21.7
3,512,0.1,gelu,0.005,256,2,5,15,120,0.01,layernorm,adamw,50,7671,0.76174,0.3393,40.2
3,1024,0.0,silu,0.008,512,2,5,15,80,0.01,no,adamw,50,7671,0.94786,0.125,7.0
4,512,0.0,gelu,0.003,512,2,5,15,80,0.01,layernorm,adamw,50,7671,0.88699,0.4928,9.5
3,512,0.1,gelu,0.003,512,2,5,15,120,0.01,layernorm,adamw,50,7671,0.93046,0.2021,16.9
4,512,0.1,gelu,0.008,256,2,5,15,80,0.01,no,adamw,50,7671,0.87457,0.5673,16.8
3,1024,0.0,silu,0.008,512,2,5,15,120,0.01,no,adamw,50,7671,1.0916,0.1959,10.0
4,1024,0.1,silu,0.005,512,2,5,15,120,0.01,no,adamw,50,7671,0.88898,0.6254,12.7
4,1024,0.1,silu,0.003,512,2,5,15,120,0.01,no,adamw,50,7671,0.77033,0.3606,12.3
4,512,0.1,gelu,0.005,256,2,5,15,80,0.01,layernorm,adamw,50,7671,0.84285,0.3751,22.8
3,512,0.0,silu,0.008,256,2,5,15,120,0.01,layernorm,adamw,50,7671,0.76394,0.3517,23.4
3,1024,0.1,gelu,0.002,512,2,5,15,80,0.01,layernorm,adamw,50,7671,0.87125,0.3699,11.9
3,1024,0.1,gelu,0.008,256,2,5,15,80,0.01,no,adamw,50,7671,1.00999,0.3388,14.8
3,1024,0.1,silu,0.008,512,2,5,15,80,0.01,no,adamw,50,7671,0.84661,0.2844,7.3
3,1024,0.1,silu,0.002,512,2,5,15,120,0.01,layernorm,adamw,50,7671,0.88524,0.4949,13.2
3,1024,0.1,silu,0.005,256,2,5,15,120,0.01,layernorm,adamw,50,7671,0.73091,0.6715,21.3
4,1024,0.1,gelu,0.002,512,2,5,15,80,0.01,layernorm,adamw,50,7671,0.84451,0.3618,9.5
4,512,0.1,gelu,0.002,256,2,5,15,80,0.01,layernorm,adamw,50,7671,0.78971,0.3607,18.8
4,512,0.1,silu,0.003,256,2,5,15,120,0.01,layernorm,adamw,50,7671,0.82011,0.4586,25.7
4,512,0.1,gelu,0.008,256,2,5,15,120,0.01,no,adamw,50,7671,0.91302,0.2811,22.9
4,1024,0.1,silu,0.002,512,2,5,15,120,0.01,no,adamw,50,7671,0.84185,0.2658,12.3
4,1024,0.1,silu,0.008,512,2,5,15,120,0.01,layernorm,adamw,50,7671,0.7098,0.6901,15.0
4,1024,0.1,silu,0.008,256,2,5,15,120,0.01,layernorm,adamw,50,7671,0.75152,0.5247,27.0
3,512,0.1,gelu,0.008,512,2,5,15,80,0.01,no,adamw,50,7671,0.98361,0.3768,9.3
3,1024,0.0,silu,0.008,256,2,5,15,80,0.01,no,adamw,50,7671,1.24627,0.0083,12.9
3,512,0.1,gelu,0.002,512,2,5,15,120,0.01,layernorm,adamw,50,7671,0.82058,0.3066,17.4
3,512,0.1,gelu,0.003,512,2,5,15,120,0.01,no,adamw,50,7671,0.76874,0.4635,13.8
3,512,0.1,silu,0.005,256,2,5,15,80,0.01,layernorm,adamw,50,7671,0.76877,0.4799,27.5
3,512,0.0,gelu,0.005,512,2,5,15,120,0.01,layernorm,adamw,50,7671,0.81764,0.5303,10.7
4,512,0.0,silu,0.008,512,2,5,15,80,0.01,layernorm,adamw,50,7671,0.92661,0.4251,7.6
3,1024,0.0,silu,0.005,512,2,5,15,120,0.01,layernorm,adamw,50,7671,0.81473,0.3156,14.9
3,1024,0.1,gelu,0.005,512,2,5,15,120,0.01,no,adamw,50,7671,0.95507,0.2205,10.4
3,512,0.0,gelu,0.008,256,2,5,15,80,0.01,no,adamw,50,7671,0.98713,0.3267,17.4
3,512,0.1,gelu,0.008,512,2,5,15,120,0.01,layernorm,adamw,50,7671,0.82457,0.6191,17.9
4,1024,0.0,silu,0.008,256,2,5,15,120,0.01,no,adamw,50,7671,1.27163,0.0024,19.0
3,1024,0.1,silu,0.003,512,2,5,15,120,0.01,no,adamw,50,7671,0.90758,0.4434,14.8
4,512,0.1,silu,0.002,512,2,5,15,120,0.01,no,adamw,50,7671,0.82416,0.5103,13.2
3,512,0.0,silu,0.002,512,2,5,15,120,0.01,no,adamw,50,7671,0.94255,0.4143,13.1
4,1024,0.0,gelu,0.005,256,2,5,15,120,0.01,layernorm,adamw,50,7671,0.83786,0.4847,20.3
3,1024,0.1,gelu,0.005,512,2,5,15,80,0.01,layernorm,adamw,50,7671,0.95092,0.3772,8.7
4,512,0.0,gelu,0.008,256,2,5,15,80,0.01,no,adamw,50,7671,1.04727,0.4289,15.7
4,1024,0.0,silu,0.003,256,3,2,15,80,0.01,no,adamw,54,7671,0.77844,0.5372,17.5
3,1024,0.0,gelu,0.008,512,3,2,15,80,0.01,no,adamw,54,7671,1.27667,0.3405,6.8
4,512,0.1,gelu,0.002,256,3,2,15,120,0.01,layernorm,adamw,54,7671,0.79678,0.4314,30.2
4,1024,0.1,gelu,0.003,512,3,2,15,120,0.01,layernorm,adamw,54,7671,0.76061,0.3457,16.4
3,512,0.1,gelu,0.005,256,3,2,15,80,0.01,no,adamw,54,7671,0.87794,0.3336,15.7
3,512,0.0,gelu,0.002,256,3,2,15,80,0.01,layernorm,adamw,54,7671,0.88092,0.2964,16.1
3,512,0.0,gelu,0.008,256,3,2,15,120,0.01,layernorm,adamw,54,7671,0.80757,0.4219,24.4
4,1024,0.0,silu,0.003,512,3,2,15,80,0.01,layernorm,adamw,54,7671,0.90192,0.2937,11.5
4,512,0.1,gelu,0.008,256,3,2,15,80,0.01,no,adamw,54,7671,0.89262,0.4375,17.0
4,512,0.0,gelu,0.008,256,3,2,15,80,0.01,layernorm,adamw,54,7671,0.76249,0.4837,15.7
4,512,0.0,gelu,0.002,512,3,2,15,120,0.01,layernorm,adamw,54,7671,0.80155,0.5133,12.3
3,1024,0.1,silu,0.003,512,3,2,15,80,0.01,layernorm,adamw,54,7671,0.86973,0.3539,10.5
3,512,0.1,silu,0.005,256,3,2,15,80,0.01,no,adamw,54,7671,0.68796,0.2659,16.6
3,1024,0.0,silu,0.002,512,3,2,15,80,0.01,no,adamw,54,7671,1.11271,0.0546,7.9
4,512,0.1,gelu,0.005,256,3,2,15,80,0.01,no,adamw,54,7671,1.04281,0.3736,13.2
4,1024,0.1,gelu,0.002,256,3,2,15,120,0.01,layernorm,adamw,54,7671,0.72207,0.493,30.1
4,1024,0.0,silu,0.005,256,3,2,15,80,0.01,no,adamw,54,7671,0.74238,0.4804,16.7
4,512,0.1,gelu,0.008,512,3,2,15,80,0.01,layernorm,adamw,54,7671,0.67772,0.4442,13.7
3,512,0.0,gelu,0.008,512,3,2,15,120,0.01,layernorm,adamw,54,7671,0.73519,0.5107,14.3
4,512,0.0,gelu,0.002,512,3,2,15,120,0.01,no,adamw,54,7671,0.9895,0.4883,13.0
3,512,0.1,silu,0.002,256,3,2,15,120,0.01,layernorm,adamw,54,7671,0.88805,0.4639,37.4
4,1024,0.1,silu,0.005,512,3,2,15,80,0.01,no,adamw,54,7671,1.22365,0.0091,10.0
3,1024,0.1,silu,0.002,256,3,2,15,120,0.01,no,adamw,54,7671,0.81642,0.3717,18.9
3,1024,0.1,gelu,0.003,256,3,2,15,80,0.01,no,adamw,54,7671,0.95922,0.2946,14.4
4,512,0.0,gelu,0.002,256,3,2,15,120,0.01,layernorm,adamw,54,7671,0.83243,0.2931,29.8
4,512,0.0,silu,0.002,512,3,2,15,80,0.01,no,adamw,54,7671,0.96008,0.5749,8.2
4,1024,0.1,gelu,0.003,256,3,2,15,120,0.01,no,adamw,54,7671,0.70932,0.3575,18.8
4,1024,0.1,silu,0.008,512,3,2,15,80,0.01,layernorm,adamw,54,7671,0.72152,0.532,11.2
4,512,0.1,silu,0.008,512,3,2,15,80,0.01,no,adamw,54,7671,0.82111,0.4457,10.1
3,512,0.1,gelu,0.002,512,3,2,15,120,0.01,no,adamw,54,7671,0.89943,0.4565,15.2
4,1024,0.0,silu,0.005,512,3,2,15,80,0.01,layernorm,adamw,54,7671,0.85427,0.3695,10.6
4,1024,0.0,gelu,0.003,256,3,2,15,80,0.01,layernorm,adamw,54,7671,0.84821,0.4425,14.5
3,512,0.1,gelu,0.008,256,3,2,15,80,0.01,no,adamw,54,7671,0.90753,0.3757,14.3
3,1024,0.1,gelu,0.008,256,3,2,15,80,0.01,no,adamw,54,7671,0.9237,0.2664,10.9
4,512,0.0,gelu,0.005,512,3,2,15,120,0.01,layernorm,adamw,54,7671,0.78235,0.5074,10.6
3,1024,0.0,silu,0.008,256,3,2,15,120,0.01,layernorm,adamw,54,7671,0.76216,0.4225,19.8
4,1024,0.0,gelu,0.005,512,3,2,15,120,0.01,no,adamw,54,7671,1.04523,0.1856,11.2
3,512,0.0,gelu,0.003,512,3,2,15,120,0.01,layernorm,adamw,54,7671,0.90109,0.3424,10.8
3,1024,0.0,silu,0.002,256,3,2,15,80,0.01,layernorm,adamw,54,7671,0.85932,0.2669,11.3
4,1024,0.1,silu,0.008,512,3,2,15,120,0.01,no,adamw,54,7671,0.84581,0.3962,12.2
4,512,0.0,gelu,0.002,256,3,2,15,80,0.01,layernorm,adamw,54,7671,0.76804,0.4197,13.4
4,1024,0.1,gelu,0.008,512,3,2,15,80,0.01,no,adamw,54,7671,1.05635,0.2606,8.9
4,1024,0.0,gelu,0.008,512,3,2,15,120,0.01,layernorm,adamw,54,7671,0.76093,0.559,17.6
4,512,0.1,gelu,0.003,512,3,2,15,80,0.01,no,adamw,54,7671,0.7868,0.2393,12.1
4,512,0.1,gelu,0.002,512,3,2,15,80,0.01,no,adamw,54,7671,1.04534,0.2728,11.5
4,512,0.1,silu,0.008,256,3,2,15,80,0.01,layernorm,adamw,54,7671,0.68091,0.5015,26.7
3,512,0.0,gelu,0.008,256,3,2,15,120,0.01,no,adamw,54,7671,0.85362,0.4655,22.9
4,1024,0.1,gelu,0.005,512,3,2,15,80,0.01,layernorm,adamw,54,7671,0.77755,0.5405,9.2
4,1024,0.0,gelu,0.002,512,3,2,15,120,0.01,no,adamw,54,7671,0.843,0.4639,13.3
3,1024,0.1,silu,0.003,512,3,2,15,80,0.01,no,adamw,54,7671,0.92014,0.4572,10.1
3,1024,0.1,silu,0.003,256,3,2,15,120,0.01,no,adamw,54,7671,0.77532,0.4541,14.6
4,512,0.0,gelu,0.003,256,3,2,15,120,0.01,no,adamw,54,7671,0.79685,0.6608,25.3
4,1024,0.0,silu,0.003,256,3,2,15,80,0.01,layernorm,adamw,54,7671,0.74718,0.4549,13.8
3,1024,0.1,silu,0.008,512,3,2,15,80,0.01,no,adamw,54,7671,0.74058,0.2017,7.1
3,1024,0.0,gelu,0.008,256,3,2,15,80,0.01,no,adamw,54,7671,1.01119,0.3519,13.8
4,512,0.1,gelu,0.008,256,3,2,15,80,0.01,layernorm,adamw,54,7671,0.61939,0.4003,26.5
3,1024,0.1,silu,0.005,256,3,2,15,80,0.01,no,adamw,54,7671,0.82602,0.4085,10.8
4,512,0.0,silu,0.008,256,3,2,15,80,0.01,layernorm,adamw,54,7671,0.72883,0.3878,13.5
4,1024,0.1,gelu,0.003,512,3,2,15,80,0.01,layernorm,adamw,54,7671,0.85441,0.5056,10.1
3,1024,0.0,silu,0.003,512,3,2,15,80,0.01,no,adamw,54,7671,0.96006,0.4784,7.5
4,512,0.1,gelu,0.005,256,3,2,15,120,0.01,layernorm,adamw,54,7671,0.74359,0.5443,38.6
3,512,0.1,silu,0.008,256,3,2,15,80,0.01,no,adamw,54,7671,0.72502,0.3409,17.6
3,512,0.1,gelu,0.003,256,3,2,15,120,0.01,no,adamw,54,7671,0.84439,0.355,25.7
4,1024,0.1,silu,0.005,512,3,2,15,120,0.01,no,adamw,54,7671,0.72981,0.3817,11.9
3,1024,0.0,gelu,0.005,512,3,3,15,120,0.01,no,adamw,56,7671,1.03581,0.258,10.5
4,1024,0.1,gelu,0.002,512,3,3,15,80,0.01,layernorm,adamw,56,7671,0.82709,0.5526,10.0
3,512,0.0,silu,0.003,256,3,3,15,80,0.01,layernorm,adamw,56,7671,0.77465,0.1609,11.3
4,512,0.1,silu,0.008,256,3,3,15,120,0.01,no,adamw,56,7671,0.81537,0.5001,28.0
4,1024,0.1,silu,0.003,512,3,3,15,80,0.01,no,adamw,56,7671,0.77396,0.535,8.8
4,512,0.1,gelu,0.008,256,3,3,15,120,0.01,layernorm,adamw,56,7671,0.69001,0.5235,36.1
4,512,0.0,silu,0.003,512,3,3,15,120,0.01,no,adamw,56,7671,0.86262,0.6645,11.1
3,512,0.1,silu,0.003,512,3,3,15,80,0.01,no,adamw,56,7671,0.83281,0.4843,9.6
4,1024,0.0,gelu,0.003,256,3,3,15,80,0.01,layernorm,adamw,56,7671,0.70586,0.2971,17.4
4,512,0.1,gelu,0.005,512,3,3,15,120,0.01,no,adamw,56,7671,0.86619,0.5058,14.8
4,1024,0.0,silu,0.002,512,3,3,15,80,0.01,no,adamw,56,7671,0.90762,0.524,9.6
3,512,0.0,silu,0.003,256,3,3,15,80,0.01,no,adamw,56,7671,0.93226,0.4786,15.6
3,1024,0.1,silu,0.002,256,3,3,15,80,0.01,no,adamw,56,7671,0.7395,0.3895,14.0
4,1024,0.1,silu,0.008,256,3,3,15,120,0.01,no,adamw,56,7671,0.72976,0.1509,22.1
3,1024,0.1,gelu,0.008,256,3,3,15,80,0.01,no,adamw,56,7671,0.97676,0.1307,14.2
4,512,0.1,silu,0.005,512,3,3,15,120,0.01,no,adamw,56,7671,0.63167,0.2694,15.4
3,512,0.1,silu,0.003,256,3,3,15,120,0.01,no,adamw,56,7671,0.77574,0.4857,18.4
4,1024,0.0,silu,0.002,256,3,3,15,80,0.01,layernorm,adamw,56,7671,0.78116,0.4478,13.0
3,512,0.1,gelu,0.008,512,3,3,15,80,0.01,no,adamw,56,7671,0.81561,0.1713,10.6
4,1024,0.1,gelu,0.003,512,3,3,15,80,0.01,no,adamw,56,7671,0.8534,0.3258,11.5
4,512,0.1,silu,0.005,512,3,3,15,80,0.01,layernorm,adamw,56,7671,0.87548,0.4085,12.0
3,1024,0.0,silu,0.008,512,3,3,15,120,0.01,no,adamw,56,7671,0.90252,0.336,10.8
3,512,0.1,silu,0.005,512,3,3,15,80,0.01,layernorm,adamw,56,7671,0.8615,0.488,11.7
4,1024,0.0,gelu,0.002,512,3,3,15,120,0.01,layernorm,adamw,56,7671,0.7943,0.4542,16.9
4,1024,0.0,silu,0.003,256,3,3,15,80,0.01,no,adamw,56,7671,0.82964,0.3508,14.9
3,512,0.0,gelu,0.005,256,3,3,15,120,0.01,no,adamw,56,7671,0.97454,0.275,25.4
3,1024,0.1,gelu,0.005,512,3,3,15,120,0.01,layernorm,adamw,56,7671,0.74907,0.3892,14.3
4,512,0.1,silu,0.003,256,3,3,15,120,0.01,no,adamw,56,7671,0.74587,0.4081,20.7
3,1024,0.1,gelu,0.002,256,3,3,15,80,0.01,layernorm,adamw,56,7671,0.76245,0.3771,16.9
4,512,0.1,silu,0.003,512,3,3,15,80,0.01,layernorm,adamw,56,7671,0.81709,0.4303,10.7
4,512,0.1,gelu,0.002,512,3,3,15,80,0.01,no,adamw,56,7671,0.83782,0.2759,10.0
3,1024,0.0,silu,0.003,512,3,3,15,120,0.01,layernorm,adamw,56,7671,0.98442,0.324,12.1
4,512,0.0,silu,0.003,256,3,3,15,120,0.01,layernorm,adamw,56,7671,0.66342,0.4948,21.6
3,1024,0.1,gelu,0.003,256,3,3,15,120,0.01,no,adamw,56,7671,0.83347,0.2453,15.2
4,512,0.1,gelu,0.008,256,3,3,15,80,0.01,no,adamw,56,7671,0.83445,0.2751,14.9
4,1024,0.0,silu,0.008,256,3,3,15,80,0.01,layernorm,adamw,56,7671,0.74172,0.3047,15.6
3,512,0.0,gelu,0.008,512,3,3,15,80,0.01,no,adamw,56,7671,0.98372,0.4227,8.5
4,512,0.1,gelu,0.002,256,3,3,15,80,0.01,layernorm,adamw,56,7671,0.85455,0.5817,21.6
4,1024,0.1,silu,0.002,512,3,3,15,80,0.01,no,adamw,56,7671,0.94127,0.5518,9.5
3,1024,0.1,silu,0.005,256,3,3,15,80,0.01,layernorm,adamw,56,7671,0.76646,0.4432,21.1
4,1024,0.1,silu,0.005,512,3,3,15,80,0.01,no,adamw,56,7671,1.14853,0.0066,12.2
3,512,0.0,silu,0.002,256,3,3,15,80,0.01,layernorm,adamw,56,7671,0.85227,0.2902,14.9
3,1024,0.1,silu,0.003,256,3,3,15,120,0.01,layernorm,adamw,56,7671,0.84607,0.3739,23.6
4,1024,0.0,gelu,0.008,512,3,3,15,120,0.01,layernorm,adamw,56,7671,0.97327,0.5008,16.8
4,512,0.0,gelu,0.005,512,3,3,15,120,0.01,layernorm,adamw,56,7671,0.80183,0.5527,13.1
3,1024,0.0,gelu,0.008,256,3,3,15,120,0.01,no,adamw,56,7671,1.07866,0.3965,17.7
3,512,0.1,silu,0.003,256,3,3,15,120,0.01,layernorm,adamw,56,7671,0.72321,0.7009,30.5
3,1024,0.1,gelu,0.008,512,3,3,15,120,0.01,layernorm,adamw,56,7671,0.85485,0.3478,14.9
4,512,0.0,gelu,0.002,256,3,3,15,80,0.01,no,adamw,56,7671,1.00782,0.3957,19.9
4,512,0.0,gelu,0.005,256,3,3,15,80,0.01,no,adamw,56,7671,0.94988,0.496,15.2
3,1024,0.1,silu,0.003,256,3,3,15,80,0.01,layernorm,adamw,56,7671,0.82987,0.5023,16.1
4,1024,0.1,gelu,0.008,256,3,3,15,80,0.01,layernorm,adamw,56,7671,0.70799,0.5435,22.7
3,1024,0.1,gelu,0.005,512,3,3,15,80,0.01,no,adamw,56,7671,0.96771,0.2575,9.7
3,1024,0.1,silu,0.003,512,3,3,15,120,0.01,no,adamw,56,7671,0.87462,0.4523,14.1
4,512,0.1,gelu,0.003,256,3,3,15,120,0.01,no,adamw,56,7671,0.76584,0.3797,20.5
3,1024,0.0,silu,0.003,256,3,3,15,120,0.01,no,adamw,56,7671,0.77966,0.4175,16.8
4,1024,0.0,silu,0.008,256,3,3,15,120,0.01,no,adamw,56,7671,1.06002,0.2956,22.6
4,512,0.0,gelu,0.003,256,3,3,15,120,0.01,no,adamw,56,7671,0.78256,0.6161,26.5
4,1024,0.1,silu,0.005,256,3,3,15,80,0.01,no,adamw,56,7671,0.87152,0.0798,15.4
4,512,0.0,gelu,0.005,256,3,3,15,120,0.01,layernorm,adamw,56,7671,0.72744,0.5,28.7
3,512,0.1,gelu,0.008,256,3,3,15,80,0.01,no,adamw,56,7671,1.02118,0.3083,16.2
3,1024,0.0,gelu,0.008,512,3,3,15,80,0.01,no,adamw,56,7671,1.43352,0.3197,8.1
4,512,0.0,silu,0.002,512,3,3,15,80,0.01,no,adamw,56,7671,0.89596,0.461,11.4
4,1024,0.0,gelu,0.003,256,3,3,15,80,0.01,no,adamw,56,7671,0.8825,0.4248,18.1
3,1024,0.0,gelu,0.003,256,3,5,15,120,0.01,no,adamw,60,7671,0.97048,0.3233,19.2
4,512,0.0,gelu,0.002,512,3,5,15,120,0.01,layernorm,adamw,60,7671,0.82572,0.6327,12.1
4,1024,0.1,silu,0.003,256,3,5,15,80,0.01,no,adamw,60,7671,0.81316,0.5229,12.4
3,512,0.0,gelu,0.002,512,3,5,15,80,0.01,no,adamw,60,7671,1.03437,0.0899,9.9
3,1024,0.1,silu,0.005,512,3,5,15,120,0.01,no,adamw,60,7671,0.84879,0.4593,14.7
3,1024,0.0,silu,0.003,256,3,5,15,120,0.01,layernorm,adamw,60,7671,0.78082,0.4561,21.4
4,1024,0.1,gelu,0.003,256,3,5,15,120,0.01,layernorm,adamw,60,7671,0.71607,0.7157,27.2
4,512,0.0,silu,0.003,512,3,5,15,80,0.01,layernorm,adamw,60,7671,0.89725,0.3508,7.1
3,1024,0.0,silu,0.003,512,3,5,15,80,0.01,no,adamw,60,7671,0.84772,0.3283,6.2
4,512,0.0,silu,0.002,512,3,5,15,80,0.01,no,adamw,60,7671,1.04084,0.3614,7.5
3,1024,0.0,gelu,0.008,512,3,5,15,120,0.01,no,adamw,60,7671,0.96608,0.2487,10.8
3,1024,0.0,silu,0.002,256,3,5,15,80,0.01,layernorm,adamw,60,7671,0.7884,0.5586,14.6
4,1024,0.1,silu,0.008,512,3,5,15,80,0.01,layernorm,adamw,60,7671,0.89021,0.4177,12.4
3,1024,0.0,silu,0.002,256,3,5,15,120,0.01,layernorm,adamw,60,7671,0.77299,0.5072,23.1
4,1024,0.1,gelu,0.003,512,3,5,15,120,0.01,layernorm,adamw,60,7671,0.81938,0.5651,16.7
3,1024,0.1,gelu,0.005,256,3,5,15,80,0.01,no,adamw,60,7671,0.92101,0.1905,11.2
3,1024,0.0,gelu,0.005,256,3,5,15,80,0.01,no,adamw,60,7671,0.90737,0.3476,13.2
3,512,0.1,gelu,0.003,512,3,5,15,120,0.01,no,adamw,60,7671,0.9219,0.4954,15.7
3,512,0.0,gelu,0.002,512,3,5,15,120,0.01,layernorm,adamw,60,7671,0.84906,0.4517,12.6
3,512,0.0,silu,0.002,512,3,5,15,80,0.01,layernorm,adamw,60,7671,0.91941,0.4132,8.7
4,512,0.0,silu,0.005,512,3,5,15,120,0.01,no,adamw,60,7671,0.81051,0.1842,13.8
3,512,0.1,gelu,0.002,512,3,5,15,80,0.01,layernorm,adamw,60,7671,0.91683,0.3411,11.5
4,1024,0.1,gelu,0.008,512,3,5,15,80,0.01,layernorm,adamw,60,7671,0.81695,0.5722,10.3
3,1024,0.0,silu,0.003,512,3,5,15,120,0.01,no,adamw,60,7671,0.99901,0.1719,12.5
3,512,0.0,silu,0.003,512,3,5,15,80,0.01,no,adamw,60,7671,0.99226,0.4426,8.3
3,1024,0.1,silu,0.002,256,3,5,15,80,0.01,no,adamw,60,7671,0.81016,0.4399,12.6
4,512,0.1,silu,0.005,256,3,5,15,120,0.01,layernorm,adamw,60,7671,0.77692,0.3981,29.7
3,1024,0.1,gelu,0.003,256,3,5,15,120,0.01,no,adamw,60,7671,0.81749,0.3158,19.1
3,512,0.1,gelu,0.002,256,3,5,15,120,0.01,no,adamw,60,7671,0.83062,0.3739,14.4
4,512,0.0,silu,0.002,512,3,5,15,120,0.01,layernorm,adamw,60,7671,0.8356,0.4344,13.2
4,512,0.1,silu,0.008,512,3,5,15,80,0.01,layernorm,adamw,60,7671,0.8042,0.4248,15.3
4,1024,0.1,gelu,0.002,512,3,5,15,80,0.01,layernorm,adamw,60,7671,0.82349,0.4454,11.4
4,1024,0.1,gelu,0.002,256,3,5,15,120,0.01,layernorm,adamw,60,7671,0.81817,0.4451,29.8
4,512,0.0,gelu,0.003,512,3,5,15,120,0.01,layernorm,adamw,60,7671,0.83021,0.2977,12.8
3,1024,0.1,gelu,0.003,256,3,5,15,80,0.01,layernorm,adamw,60,7671,0.75758,0.3146,19.1
4,1024,0.1,silu,0.008,512,3,5,15,80,0.01,no,adamw,60,7671,0.96273,0.064,11.5
4,1024,0.1,gelu,0.003,512,3,5,15,80,0.01,no,adamw,60,7671,0.83975,0.3551,7.5
4,512,0.0,gelu,0.005,512,3,5,15,80,0.01,no,adamw,60,7671,0.79851,0.4046,9.2
4,1024,0.0,silu,0.003,512,3,5,15,120,0.01,layernorm,adamw,60,7671,0.79227,0.5929,17.8
3,512,0.0,silu,0.003,512,3,5,15,80,0.01,layernorm,adamw,60,7671,0.96174,0.4382,8.1
4,512,0.0,silu,0.003,256,3,5,15,80,0.01,layernorm,adamw,60,7671,0.82377,0.4406,16.7
4,1024,0.0,gelu,0.003,512,3,5,15,120,0.01,no,adamw,60,7671,0.77571,0.5272,11.7
4,1024,0.1,gelu,0.008,512,3,5,15,120,0.01,layernorm,adamw,60,7671,0.73887,0.3586,13.3
4,1024,0.0,silu,0.003,256,3,5,15,120,0.01,layernorm,adamw,60,7671,0.81614,0.5207,27.4
3,1024,0.0,gelu,0.003,256,3,5,15,80,0.01,layernorm,adamw,60,7671,0.74227,0.464,12.4
4,1024,0.1,silu,0.003,256,3,5,15,80,0.01,layernorm,adamw,60,7671,0.82255,0.5714,18.3
4,512,0.1,gelu,0.002,512,3,5,15,80,0.01,layernorm,adamw,60,7671,0.75188,0.5465,13.6
4,512,0.1,gelu,0.008,512,3,5,15,80,0.01,layernorm,adamw,60,7671,0.71338,0.4217,13.1
3,512,0.0,silu,0.005,512,3,5,15,120,0.01,no,adamw,60,7671,0.91692,0.5342,11.4
3,512,0.0,gelu,0.003,256,3,5,15,120,0.01,no,adamw,60,7671,0.85056,0.3787,24.7
4,512,0.1,gelu,0.002,256,3,5,15,80,0.01,no,adamw,60,7671,0.87781,0.1579,16.9
4,512,0.0,gelu,0.005,256,3,5,15,120,0.01,layernorm,adamw,60,7671,0.78298,0.4278,20.1
4,1024,0.1,silu,0.008,256,3,5,15,120,0.01,no,adamw,60,7671,0.87179,0.3842,25.0
3,512,0.0,gelu,0.003,256,3,5,15,80,0.01,no,adamw,60,7671,0.86807,0.3142,18.0
4,1024,0.1,gelu,0.003,512,3,5,15,120,0.01,no,adamw,60,7671,0.82927,0.1287,13.4
3,1024,0.1,gelu,0.008,256,3,5,15,120,0.01,layernorm,adamw,60,7671,0.72612,0.3692,26.3
4,512,0.0,silu,0.008,512,3,5,15,80,0.01,no,adamw,60,7671,0.93372,0.2661,7.8
3,1024,0.0,silu,0.002,512,3,5,15,120,0.01,layernorm,adamw,60,7671,0.90116,0.3115,14.5
4,512,0.1,gelu,0.008,512,3,5,15,120,0.01,layernorm,adamw,60,7671,0.76973,0.522,17.2
4,512,0.1,gelu,0.008,256,3,5,15,120,0.01,layernorm,adamw,60,7671,0.69085,0.4263,35.7
4,1024,0.1,silu,0.003,512,3,5,15,80,0.01,no,adamw,60,7671,0.79206,0.0824,8.5
3,1024,0.1,silu,0.003,256,3,5,15,120,0.01,layernorm,adamw,60,7671,0.83105,0.5905,26.3
3,512,0.0,silu,0.008,512,3,5,15,80,0.01,layernorm,adamw,60,7671,0.82776,0.5291,5.7
4,1024,0.0,gelu,0.005,512,3,5,15,80,0.01,layernorm,adamw,60,7671,0.76101,0.537,8.5
4,1024,0.1,silu,0.008,256,1,2,15,120,0.01,no,adamw,34,7671,1.30915,0.0276,27.2
4,512,0.0,silu,0.002,512,1,2,15,120,0.01,no,adamw,34,7671,1.1314,0.0035,10.7
4,1024,0.0,gelu,0.002,512,1,2,15,120,0.01,layernorm,adamw,34,7671,0.74917,0.4864,15.9
3,1024,0.0,gelu,0.008,512,1,2,15,120,0.01,layernorm,adamw,34,7671,0.77785,0.5937,17.6
4,1024,0.1,gelu,0.002,256,1,2,15,120,0.01,no,adamw,34,7671,0.84594,0.416,18.6
4,1024,0.0,silu,0.002,512,1,2,15,120,0.01,layernorm,adamw,34,7671,0.77709,0.571,15.3
3,512,0.0,gelu,0.008,256,1,2,15,80,0.01,layernorm,adamw,34,7671,0.77203,0.2014,17.2
4,1024,0.1,silu,0.005,512,1,2,15,120,0.01,layernorm,adamw,34,7671,0.70555,0.492,14.2
4,1024,0.1,silu,0.003,256,1,2,15,120,0.01,layernorm,adamw,34,7671,0.93563,0.6482,27.2
3,512,0.0,silu,0.002,256,1,2,15,120,0.01,layernorm,adamw,34,7671,0.8205,0.1684,20.3
3,512,0.0,gelu,0.005,256,1,2,15,120,0.01,no,adamw,34,7671,0.9973,0.5171,20.9
3,512,0.1,silu,0.002,256,1,2,15,80,0.01,no,adamw,34,7671,0.80829,0.5216,15.1
3,512,0.1,gelu,0.003,256,1,2,15,120,0.01,no,adamw,34,7671,0.87733,0.3454,18.2
3,512,0.0,silu,0.005,512,1,2,15,120,0.01,no,adamw,34,7671,1.04197,0.6879,11.8
4,1024,0.1,silu,0.008,256,1,2,15,80,0.01,no,adamw,34,7671,0.89223,0.4447,15.7
3,512,0.0,gelu,0.002,256,1,2,15,120,0.01,layernorm,adamw,34,7671,0.81177,0.5492,23.7
3,512,0.0,silu,0.003,512,1,2,15,120,0.01,no,adamw,34,7671,1.0095,0.061,11.4
4,512,0.1,gelu,0.008,256,1,2,15,80,0.01,layernorm,adamw,34,7671,0.80669,0.5765,20.9
4,512,0.0,silu,0.005,512,1,2,15,80,0.01,no,adamw,34,7671,0.87165,0.4971,9.7
3,1024,0.0,silu,0.002,512,1,2,15,80,0.01,no,adamw,34,7671,1.10552,0.6665,7.7
4,1024,0.0,silu,0.003,512,1,2,15,120,0.01,no,adamw,34,7671,0.95302,0.6267,12.2
4,1024,0.0,silu,0.008,256,1,2,15,120,0.01,no,adamw,34,7671,0.81444,0.4679,20.4
4,512,0.0,gelu,0.003,256,1,2,15,80,0.01,layernorm,adamw,34,7671,0.71184,0.458,13.5
3,1024,0.0,silu,0.003,256,1,2,15,80,0.01,layernorm,adamw,34,7671,0.87659,0.6278,13.3
4,512,0.0,silu,0.002,512,1,2,15,120,0.01,layernorm,adamw,34,7671,0.72497,0.5278,14.4
3,1024,0.0,silu,0.005,256,1,2,15,80,0.01,layernorm,adamw,34,7671,0.90679,0.5514,14.0
4,1024,0.0,silu,0.005,512,1,2,15,120,0.01,layernorm,adamw,34,7671,0.83682,0.5692,14.5
3,1024,0.0,gelu,0.005,512,1,2,15,80,0.01,no,adamw,34,7671,0.9958,0.4479,7.8
3,1024,0.1,gelu,0.003,512,1,2,15,80,0.01,layernorm,adamw,34,7671,1.01327,0.4488,9.4
4,1024,0.1,gelu,0.005,512,1,2,15,120,0.01,no,adamw,34,7671,0.81052,0.2562,10.1
3,512,0.1,silu,0.008,256,1,2,15,120,0.01,no,adamw,34,7671,0.81267,0.366,22.4
3,1024,0.1,silu,0.003,512,1,2,15,120,0.01,no,adamw,34,7671,0.77731,0.4939,15.3
4,512,0.0,gelu,0.008,512,1,2,15,120,0.01,layernorm,adamw,34,7671,0.86335,0.4148,13.2
4,1024,0.0,silu,0.005,256,1,2,15,80,0.01,layernorm,adamw,34,7671,0.80785,0.2159,16.1
4,1024,0.1,silu,0.008,512,1,2,15,120,0.01,layernorm,adamw,34,7671,0.99041,0.185,15.6
3,1024,0.0,silu,0.008,256,1,2,15,120,0.01,layernorm,adamw,34,7671,0.76245,0.5785,21.7
3,1024,0.0,silu,0.003,512,1,2,15,120,0.01,no,adamw,34,7671,0.90878,0.5584,13.9
3,1024,0.1,gelu,0.002,512,1,2,15,120,0.01,layernorm,adamw,34,7671,0.81682,0.4952,16.0
3,512,0.1,gelu,0.003,256,1,2,15,120,0.01,layernorm,adamw,34,7671,0.82744,0.3642,29.0
4,1024,0.1,gelu,0.005,512,1,2,15,80,0.01,no,adamw,34,7671,0.92607,0.4706,8.5
3,1024,0.0,silu,0.003,512,1,2,15,80,0.01,no,adamw,34,7671,1.01256,0.4629,7.6
4,1024,0.1,silu,0.003,256,1,2,15,80,0.01,layernorm,adamw,34,7671,0.73483,0.5821,15.5
3,1024,0.0,silu,0.002,512,1,2,15,120,0.01,no,adamw,34,7671,1.06178,0.0483,10.0
3,512,0.0,gelu,0.002,512,1,2,15,120,0.01,no,adamw,34,7671,1.02982,0.6622,12.6
3,512,0.1,silu,0.008,512,1,2,15,120,0.01,no,adamw,34,7671,0.91957,0.209,11.4
4,512,0.0,gelu,0.005,256,1,2,15,80,0.01,no,adamw,34,7671,0.74913,0.4446,16.0
3,1024,0.1,gelu,0.003,512,1,2,15,120,0.01,no,adamw,34,7671,1.00177,0.3335,11.1
4,1024,0.0,gelu,0.008,256,1,2,15,80,0.01,no,adamw,34,7671,0.94851,0.4499,14.2
3,1024,0.0,silu,0.005,512,1,2,15,80,0.01,no,adamw,34,7671,0.86913,0.5216,8.1
4,1024,0.1,silu,0.005,256,1,2,15,120,0.01,no,adamw,34,7671,0.89638,0.6603,22.5
3,1024,0.1,gelu,0.003,256,1,2,15,120,0.01,no,adamw,34,7671,1.0795,0.38,18.4
4,1024,0.1,gelu,0.005,256,1,2,15,80,0.01,no,adamw,34,7671,1.02941,0.3966,16.0
4,512,0.0,silu,0.008,256,1,2,15,120,0.01,layernorm,adamw,34,7671,0.76503,0.5434,24.9
3,512,0.0,gelu,0.005,256,1,2,15,80,0.01,layernorm,adamw,34,7671,0.863,0.5731,14.7
3,1024,0.0,silu,0.003,256,1,2,15,80,0.01,no,adamw,34,7671,0.88054,0.5191,12.7
4,1024,0.1,gelu,0.008,256,1,2,15,80,0.01,layernorm,adamw,34,7671,0.76592,0.6703,21.7
4,1024,0.0,silu,0.003,256,1,2,15,120,0.01,layernorm,adamw,34,7671,0.83543,0.6243,21.8
4,1024,0.0,gelu,0.002,512,1,2,15,80,0.01,no,adamw,34,7671,0.88244,0.615,7.9
4,1024,0.1,gelu,0.008,512,1,2,15,120,0.01,layernorm,adamw,34,7671,0.72687,0.5994,15.6
4,512,0.0,gelu,0.005,256,1,2,15,120,0.01,layernorm,adamw,34,7671,0.73393,0.3368,23.4
3,512,0.1,silu,0.003,512,1,2,15,120,0.01,no,adamw,34,7671,0.89653,0.4913,12.9
3,1024,0.1,silu,0.002,512,1,2,15,80,0.01,layernorm,adamw,34,7671,1.02951,0.4986,10.1
3,512,0.0,gelu,0.008,256,1,2,15,120,0.01,no,adamw,34,7671,0.91244,0.3614,24.8
4,512,0.0,silu,0.003,256,1,2,15,80,0.01,no,adamw,34,7671,0.73706,0.8078,14.9
4,512,0.1,silu,0.002,256,1,3,15,120,0.01,no,adamw,36,7671,0.68761,0.3909,25.4
4,512,0.0,gelu,0.008,256,1,3,15,120,0.01,layernorm,adamw,36,7671,0.90178,0.5894,23.1
3,512,0.0,gelu,0.008,256,1,3,15,120,0.01,no,adamw,36,7671,0.95288,0.4242,26.7
4,1024,0.0,gelu,0.002,256,1,3,15,120,0.01,layernorm,adamw,36,7671,0.78631,0.5581,25.5
4,1024,0.0,silu,0.003,256,1,3,15,120,0.01,no,adamw,36,7671,0.98027,0.4891,20.6
4,1024,0.0,gelu,0.008,256,1,3,15,120,0.01,no,adamw,36,7671,1.01885,0.3807,19.4
3,1024,0.0,silu,0.002,256,1,3,15,80,0.01,layernorm,adamw,36,7671,0.89874,0.4878,14.7
3,1024,0.1,gelu,0.008,512,1,3,15,80,0.01,layernorm,adamw,36,7671,1.02703,0.6419,9.2
4,1024,0.1,silu,0.003,256,1,3,15,80,0.01,no,adamw,36,7671,0.82835,0.5242,14.8
4,1024,0.0,silu,0.005,256,1,3,15,80,0.01,layernorm,adamw,36,7671,0.92212,0.4697,15.2
4,512,0.0,silu,0.008,512,1,3,15,120,0.01,layernorm,adamw,36,7671,0.76973,0.3867,12.0
3,512,0.1,gelu,0.005,512,1,3,15,120,0.01,no,adamw,36,7671,0.97264,0.3936,11.8
4,512,0.1,gelu,0.003,256,1,3,15,120,0.01,no,adamw,36,7671,0.77797,0.6273,20.2
4,1024,0.0,gelu,0.008,512,1,3,15,80,0.01,no,adamw,36,7671,1.21657,0.1661,6.8
3,512,0.1,silu,0.002,256,1,3,15,80,0.01,no,adamw,36,7671,0.84538,0.4557,14.8
3,1024,0.0,silu,0.002,256,1,3,15,80,0.01,no,adamw,36,7671,0.99299,0.5532,11.8
4,1024,0.0,gelu,0.005,512,1,3,15,120,0.01,layernorm,adamw,36,7671,0.75508,0.5475,16.0
4,1024,0.1,silu,0.002,256,1,3,15,120,0.01,layernorm,adamw,36,7671,0.75187,0.6173,29.5
3,512,0.1,gelu,0.008,256,1,3,15,120,0.01,no,adamw,36,7671,1.23086,0.2487,20.6
4,1024,0.1,gelu,0.008,256,1,3,15,80,0.01,no,adamw,36,7671,0.948,0.4437,13.4
3,1024,0.0,silu,0.008,512,1,3,15,80,0.01,no,adamw,36,7671,0.92967,0.3525,9.3
3,512,0.0,gelu,0.003,512,1,3,15,80,0.01,no,adamw,36,7671,1.25078,0.4739,9.6
4,512,0.0,silu,0.005,512,1,3,15,80,0.01,no,adamw,36,7671,1.03801,0.3615,9.8
3,512,0.0,silu,0.003,256,1,3,15,120,0.01,no,adamw,36,7671,0.90549,0.6427,26.0
4,512,0.1,gelu,0.005,512,1,3,15,80,0.01,layernorm,adamw,36,7671,0.91314,0.2653,11.7
4,512,0.1,silu,0.005,512,1,3,15,80,0.01,layernorm,adamw,36,7671,0.84608,0.6295,13.6
3,1024,0.0,silu,0.003,256,1,3,15,80,0.01,layernorm,adamw,36,7671,0.81796,0.3412,17.7
3,512,0.1,silu,0.002,512,1,3,15,120,0.01,no,adamw,36,7671,0.85198,0.4188,13.2
4,1024,0.1,silu,0.008,512,1,3,15,120,0.01,layernorm,adamw,36,7671,0.78061,0.6324,17.9
4,512,0.0,silu,0.002,512,1,3,15,120,0.01,no,adamw,36,7671,0.95454,0.5853,13.0
4,1024,0.0,silu,0.008,256,1,3,15,120,0.01,layernorm,adamw,36,7671,1.05311,0.5743,20.3
4,512,0.1,gelu,0.003,512,1,3,15,80,0.01,no,adamw,36,7671,0.92995,0.2857,11.9
3,1024,0.0,gelu,0.008,256,1,3,15,120,0.01,no,adamw,36,7671,1.05993,0.3372,21.2
3,1024,0.1,silu,0.002,512,1,3,15,80,0.01,layernorm,adamw,36,7671,0.91277,0.4102,10.6
3,512,0.0,silu,0.005,256,1,3,15,120,0.01,no,adamw,36,7671,0.91814,0.6325,27.6
3,512,0.0,silu,0.005,512,1,3,15,80,0.01,no,adamw,36,7671,1.15014,0.6819,7.8
4,1024,0.0,gelu,0.008,256,1,3,15,80,0.01,layernorm,adamw,36,7671,0.78631,0.4064,13.2
4,1024,0.1,gelu,0.008,256,1,3,15,120,0.01,layernorm,adamw,36,7671,0.70597,0.5011,32.0
3,512,0.0,gelu,0.003,512,1,3,15,80,0.01,layernorm,adamw,36,7671,1.02349,0.3717,11.3
3,1024,0.0,gelu,0.008,256,1,3,15,120,0.01,layernorm,adamw,36,7671,0.97922,0.3265,20.3
4,512,0.1,silu,0.008,512,1,3,15,80,0.01,layernorm,adamw,36,7671,0.95835,0.1565,10.4
4,1024,0.0,silu,0.003,256,1,3,15,120,0.01,layernorm,adamw,36,7671,0.78645,0.3434,18.2
3,512,0.0,gelu,0.003,256,1,3,15,120,0.01,no,adamw,36,7671,1.00655,0.3642,24.2
3,512,0.0,gelu,0.008,512,1,3,15,120,0.01,layernorm,adamw,36,7671,0.87764,0.6068,10.5
4,1024,0.0,silu,0.002,256,1,3,15,80,0.01,no,adamw,36,7671,0.87995,0.5061,14.8
4,1024,0.0,silu,0.002,256,1,3,15,80,0.01,layernorm,adamw,36,7671,0.87,0.6182,17.6
4,1024,0.0,gelu,0.003,512,1,3,15,80,0.01,layernorm,adamw,36,7671,0.86756,0.3308,13.6
3,1024,0.0,silu,0.002,256,1,3,15,120,0.01,layernorm,adamw,36,7671,0.79425,0.5916,17.9
3,1024,0.1,silu,0.008,256,1,3,15,120,0.01,layernorm,adamw,36,7671,0.86912,0.5631,28.2
4,1024,0.0,gelu,0.003,512,1,3,15,120,0.01,layernorm,adamw,36,7671,0.87319,0.5517,17.0
3,1024,0.1,gelu,0.008,256,1,3,15,80,0.01,no,adamw,36,7671,0.99547,0.4111,11.5
4,512,0.0,gelu,0.002,512,1,3,15,120,0.01,no,adamw,36,7671,0.96861,0.6978,11.7
4,1024,0.1,silu,0.005,256,1,3,15,80,0.01,no,adamw,36,7671,0.97285,0.077,11.6
3,1024,0.0,silu,0.008,256,1,3,15,80,0.01,no,adamw,36,7671,0.91452,0.5761,11.2
4,1024,0.1,gelu,0.005,256,1,3,15,120,0.01,no,adamw,36,7671,0.97054,0.3983,22.1
3,512,0.0,silu,0.002,512,1,3,15,120,0.01,no,adamw,36,7671,1.0986,0.0505,12.9
4,1024,0.0,silu,0.003,256,1,3,15,80,0.01,no,adamw,36,7671,0.83972,0.5015,12.9
3,512,0.0,silu,0.003,256,1,3,15,80,0.01,layernorm,adamw,36,7671,0.91984,0.503,14.0
4,1024,0.1,silu,0.005,256,1,3,15,80,0.01,layernorm,adamw,36,7671,0.89691,0.7432,17.9
4,1024,0.1,gelu,0.002,512,1,3,15,80,0.01,no,adamw,36,7671,0.85865,0.3253,7.9
3,512,0.0,silu,0.002,256,1,3,15,80,0.01,no,adamw,36,7671,0.92366,0.607,15.3
3,512,0.1,silu,0.008,256,1,3,15,80,0.01,no,adamw,36,7671,0.86573,0.251,14.4
3,512,0.0,silu,0.008,256,1,3,15,80,0.01,layernorm,adamw,36,7671,0.94764,0.36,15.2
4,512,0.0,gelu,0.002,256,1,3,15,80,0.01,no,adamw,36,7671,0.82595,0.4041,17.0
3,1024,0.1,silu,0.005,512,1,5,15,80,0.01,layernorm,adamw,40,7671,0.94,0.1934,9.2
4,1024,0.1,gelu,0.008,512,1,5,15,80,0.01,layernorm,adamw,40,7671,0.91532,0.4078,8.6
3,512,0.0,silu,0.002,512,1,5,15,120,0.01,layernorm,adamw,40,7671,0.89757,0.3376,11.0
3,512,0.1,gelu,0.003,512,1,5,15,80,0.01,no,adamw,40,7671,1.04178,0.424,7.2
4,1024,0.1,silu,0.005,512,1,5,15,120,0.01,no,adamw,40,7671,1.08338,0.0275,11.2
4,1024,0.1,gelu,0.003,512,1,5,15,80,0.01,layernorm,adamw,40,7671,0.96248,0.4769,9.8
3,1024,0.1,silu,0.005,256,1,5,15,80,0.01,layernorm,adamw,40,7671,0.90073,0.6488,14.9
3,512,0.1,gelu,0.005,256,1,5,15,120,0.01,no,adamw,40,7671,0.98225,0.5066,21.7
3,1024,0.1,gelu,0.002,512,1,5,15,80,0.01,no,adamw,40,7671,1.04769,0.6691,9.2
4,1024,0.1,silu,0.005,256,1,5,15,120,0.01,layernorm,adamw,40,7671,0.78444,0.4735,24.5
4,512,0.1,gelu,0.003,256,1,5,15,80,0.01,no,adamw,40,7671,0.8216,0.5395,16.8
3,512,0.1,silu,0.003,256,1,5,15,120,0.01,layernorm,adamw,40,7671,0.86688,0.407,28.6
3,512,0.0,silu,0.005,512,1,5,15,120,0.01,no,adamw,40,7671,1.06247,0.6026,12.7
3,512,0.1,gelu,0.005,512,1,5,15,120,0.01,no,adamw,40,7671,1.18419,0.1082,15.9
3,512,0.0,gelu,0.008,512,1,5,15,80,0.01,layernorm,adamw,40,7671,0.89209,0.1134,8.4
3,512,0.1,silu,0.002,512,1,5,15,120,0.01,layernorm,adamw,40,7671,1.01035,0.1905,18.2
4,512,0.0,gelu,0.008,512,1,5,15,120,0.01,no,adamw,40,7671,1.09805,0.4313,14.0
3,1024,0.1,gelu,0.003,512,1,5,15,120,0.01,no,adamw,40,7671,0.98786,0.3718,12.8
3,512,0.1,silu,0.002,512,1,5,15,80,0.01,no,adamw,40,7671,1.07477,0.4187,7.9
3,1024,0.0,gelu,0.005,256,1,5,15,80,0.01,layernorm,adamw,40,7671,0.86499,0.4249,10.6
4,512,0.1,silu,0.002,512,1,5,15,120,0.01,no,adamw,40,7671,0.93424,0.1976,11.8
4,1024,0.1,gelu,0.005,256,1,5,15,120,0.01,no,adamw,40,7671,0.91978,0.4609,21.2
3,1024,0.0,silu,0.002,256,1,5,15,80,0.01,no,adamw,40,7671,0.83627,0.5941,12.6
3,512,0.0,gelu,0.008,256,1,5,15,120,0.01,layernorm,adamw,40,7671,0.88294,0.5503,24.8
3,512,0.1,silu,0.002,256,1,5,15,80,0.01,no,adamw,40,7671,0.90018,0.5344,16.7
4,1024,0.0,silu,0.005,256,1,5,15,80,0.01,layernorm,adamw,40,7671,0.93025,0.49,17.0
4,1024,0.1,gelu,0.005,512,1,5,15,120,0.01,no,adamw,40,7671,0.92135,0.2564,15.3
3,1024,0.0,gelu,0.008,512,1,5,15,120,0.01,layernorm,adamw,40,7671,0.87269,0.4443,17.2
3,512,0.1,silu,0.003,512,1,5,15,80,0.01,layernorm,adamw,40,7671,0.95143,0.5944,12.9
3,1024,0.0,gelu,0.003,256,1,5,15,80,0.01,no,adamw,40,7671,1.00036,0.4167,12.9
4,512,0.1,silu,0.008,512,1,5,15,80,0.01,no,adamw,40,7671,0.84143,0.2573,10.0
3,512,0.0,gelu,0.005,512,1,5,15,120,0.01,no,adamw,40,7671,1.08406,0.4126,13.7
4,512,0.0,gelu,0.002,512,1,5,15,80,0.01,no,adamw,40,7671,0.8885,0.5047,9.9
4,512,0.0,gelu,0.008,256,1,5,15,80,0.01,no,adamw,40,7671,0.83945,0.3327,19.0
3,512,0.1,gelu,0.005,256,1,5,15,120,0.01,layernorm,adamw,40,7671,0.79206,0.5051,32.5
4,1024,0.0,gelu,0.002,512,1,5,15,120,0.01,layernorm,adamw,40,7671,0.78954,0.5306,19.3
4,512,0.0,silu,0.003,512,1,5,15,80,0.01,layernorm,adamw,40,7671,0.88401,0.1304,8.4
3,1024,0.1,silu,0.002,512,1,5,15,120,0.01,no,adamw,40,7671,1.03862,0.5363,13.2
4,512,0.1,silu,0.002,512,1,5,15,120,0.01,layernorm,adamw,40,7671,0.76193,0.4265,14.9
3,1024,0.1,silu,0.003,256,1,5,15,120,0.01,no,adamw,40,7671,0.9333,0.4571,18.4
3,512,0.1,silu,0.008,512,1,5,15,120,0.01,no,adamw,40,7671,0.96651,0.3345,15.1
3,512,0.0,silu,0.003,256,1,5,15,120,0.01,layernorm,adamw,40,7671,0.88033,0.5287,22.6
3,512,0.1,gelu,0.003,512,1,5,15,120,0.01,layernorm,adamw,40,7671,0.85776,0.0878,17.9
4,1024,0.0,gelu,0.003,256,1,5,15,120,0.01,layernorm,adamw,40,7671,0.88087,0.4419,21.9
4,512,0.1,gelu,0.003,512,1,5,15,120,0.01,layernorm,adamw,40,7671,0.94123,0.4302,12.9
4,512,0.1,gelu,0.008,512,1,5,15,120,0.01,no,adamw,40,7671,1.25872,0.0034,12.2
4,1024,0.0,silu,0.003,512,1,5,15,80,0.01,layernorm,adamw,40,7671,0.95496,0.1325,12.4
3,512,0.1,silu,0.003,512,1,5,15,120,0.01,no,adamw,40,7671,0.90448,0.3288,14.3
3,1024,0.1,silu,0.008,256,1,5,15,80,0.01,layernorm,adamw,40,7671,0.88094,0.3065,20.2
4,1024,0.1,gelu,0.002,256,1,5,15,80,0.01,no,adamw,40,7671,0.95804,0.5337,16.2
4,512,0.0,silu,0.008,512,1,5,15,120,0.01,layernorm,adamw,40,7671,0.93213,0.1597,12.8
3,512,0.1,gelu,0.008,256,1,5,15,120,0.01,no,adamw,40,7671,0.83417,0.2238,20.0
4,512,0.0,silu,0.008,256,1,5,15,120,0.01,no,adamw,40,7671,0.80897,0.4149,26.7
4,1024,0.1,gelu,0.008,512,1,5,15,120,0.01,layernorm,adamw,40,7671,0.80404,0.5057,16.4
3,1024,0.0,gelu,0.008,512,1,5,15,120,0.01,no,adamw,40,7671,1.04219,0.5835,10.5
3,1024,0.0,gelu,0.005,512,1,5,15,80,0.01,layernorm,adamw,40,7671,1.07691,0.0799,10.7
4,512,0.1,gelu,0.008,256,1,5,15,80,0.01,no,adamw,40,7671,0.85954,0.2529,18.7
3,1024,0.1,gelu,0.003,256,1,5,15,120,0.01,no,adamw,40,7671,0.99688,0.3125,20.0
3,512,0.0,silu,0.002,512,1,5,15,80,0.01,layernorm,adamw,40,7671,0.94403,0.1576,10.1
4,1024,0.0,silu,0.003,256,1,5,15,80,0.01,no,adamw,40,7671,0.99007,0.428,13.6
4,1024,0.1,silu,0.005,256,1,5,15,80,0.01,layernorm,adamw,40,7671,0.94532,0.5943,22.1
3,512,0.0,silu,0.003,256,1,5,15,120,0.01,no,adamw,40,7671,0.84563,0.575,25.4
3,512,0.1,gelu,0.003,256,1,5,15,80,0.01,layernorm,adamw,40,7671,0.89453,0.43,22.8
3,512,0.0,gelu,0.002,256,1,5,15,80,0.01,layernorm,adamw,40,7671,0.90981,0.565,12.9
4,512,0.1,gelu,0.005,512,2,2,15,120,0.01,no,adamw,44,7671,0.8699,0.2373,12.8
3,1024,0.1,gelu,0.003,512,2,2,15,80,0.01,no,adamw,44,7671,0.87377,0.3166,8.4
4,1024,0.1,silu,0.008,512,2,2,15,80,0.01,layernorm,adamw,44,7671,0.79384,0.6079,10.4
4,1024,0.1,gelu,0.003,512,2,2,15,120,0.01,layernorm,adamw,44,7671,0.71953,0.5373,16.0
3,512,0.1,gelu,0.002,512,2,2,15,80,0.01,no,adamw,44,7671,0.95053,0.5621,10.5
3,512,0.1,gelu,0.008,512,2,2,15,80,0.01,layernorm,adamw,44,7671,0.76937,0.447,10.5
4,512,0.0,silu,0.008,256,2,2,15,80,0.01,layernorm,adamw,44,7671,0.70157,0.2603,12.7
3,512,0.0,gelu,0.005,512,2,2,15,80,0.01,no,adamw,44,7671,0.91784,0.2752,7.8
3,512,0.1,silu,0.008,256,2,2,15,120,0.01,no,adamw,44,7671,0.86646,0.2894,19.1
4,1024,0.0,gelu,0.002,512,2,2,15,80,0.01,layernorm,adamw,44,7671,0.80244,0.3755,11.1
3,512,0.0,silu,0.005,512,2,2,15,80,0.01,no,adamw,44,7671,0.87294,0.4985,7.1
4,1024,0.0,silu,0.002,512,2,2,15,80,0.01,no,adamw,44,7671,0.90226,0.2663,7.6
3,512,0.1,silu,0.008,256,2,2,15,120,0.01,layernorm,adamw,44,7671,0.75368,0.4991,37.4
3,512,0.1,silu,0.008,512,2,2,15,80,0.01,no,adamw,44,7671,0.69624,0.3123,8.9
3,512,0.1,silu,0.008,256,2,2,15,80,0.01,layernorm,adamw,44,7671,0.75019,0.3748,22.0
3,1024,0.0,silu,0.008,256,2,2,15,80,0.01,layernorm,adamw,44,7671,0.83493,0.4165,14.0
3,512,0.0,gelu,0.008,512,2,2,15,80,0.01,no,adamw,44,7671,1.08994,0.4055,9.3
4,512,0.0,silu,0.003,512,2,2,15,120,0.01,layernorm,adamw,44,7671,0.7657,0.4925,13.5
4,512,0.1,silu,0.003,512,2,2,15,80,0.01,layernorm,adamw,44,7671,0.71387,0.4488,10.2
4,512,0.1,silu,0.005,256,2,2,15,120,0.01,layernorm,adamw,44,7671,0.64399,0.4894,33.2
4,512,0.1,gelu,0.008,512,2,2,15,80,0.01,layernorm,adamw,44,7671,0.64806,0.2398,11.3
4,1024,0.0,gelu,0.008,256,2,2,15,120,0.01,no,adamw,44,7671,0.99074,0.272,22.1
4,1024,0.1,gelu,0.005,512,2,2,15,80,0.01,layernorm,adamw,44,7671,0.69406,0.449,9.8
4,512,0.1,gelu,0.003,256,2,2,15,80,0.01,layernorm,adamw,44,7671,0.78818,0.4285,24.7
3,512,0.0,gelu,0.008,256,2,2,15,120,0.01,no,adamw,44,7671,0.97236,0.2993,23.2
4,1024,0.1,silu,0.002,256,2,2,15,80,0.01,no,adamw,44,7671,0.85499,0.4105,14.6
3,512,0.0,silu,0.005,512,2,2,15,80,0.01,layernorm,adamw,44,7671,0.81247,0.4188,8.5
3,512,0.0,silu,0.002,256,2,2,15,120,0.01,no,adamw,44,7671,0.9736,0.7115,21.8
4,1024,0.1,silu,0.003,256,2,2,15,120,0.01,no,adamw,44,7671,0.6624,0.3639,24.2
3,1024,0.0,silu,0.005,512,2,2,15,120,0.01,no,adamw,44,7671,0.8229,0.4899,13.8
3,512,0.1,silu,0.005,512,2,2,15,120,0.01,no,adamw,44,7671,0.79295,0.5259,13.8
3,1024,0.0,silu,0.003,256,2,2,15,120,0.01,no,adamw,44,7671,0.78085,0.4044,17.1
3,1024,0.0,silu,0.008,512,2,2,15,80,0.01,no,adamw,44,7671,1.01577,0.2674,7.9
3,1024,0.0,silu,0.005,512,2,2,15,120,0.01,layernorm,adamw,44,7671,0.82084,0.3684,17.1
3,1024,0.1,silu,0.002,256,2,2,15,120,0.01,no,adamw,44,7671,0.78744,0.3167,18.0
3,512,0.0,gelu,0.003,256,2,2,15,120,0.01,no,adamw,44,7671,0.97614,0.4276,21.1
3,1024,0.1,gelu,0.002,256,2,2,15,120,0.01,no,adamw,44,7671,0.90259,0.3149,19.5
4,1024,0.0,silu,0.003,256,2,2,15,80,0.01,layernorm,adamw,44,7671,0.88336,0.4271,15.6
3,512,0.0,gelu,0.005,512,2,2,15,80,0.01,layernorm,adamw,44,7671,0.90652,0.3461,8.2
4,512,0.0,silu,0.005,512,2,2,15,80,0.01,no,adamw,44,7671,0.99649,0.4384,8.3
3,1024,0.0,gelu,0.008,256,2,2,15,120,0.01,layernorm,adamw,44,7671,0.84183,0.4396,22.9
4,1024,0.1,silu,0.008,256,2,2,15,80,0.01,layernorm,adamw,44,7671,0.66306,0.5867,16.9
4,512,0.0,gelu,0.005,512,2,2,15,80,0.01,layernorm,adamw,44,7671,0.68023,0.3302,7.5
3,512,0.1,gelu,0.005,512,2,2,15,80,0.01,no,adamw,44,7671,0.8329,0.4912,10.3
4,512,0.0,gelu,0.002,256,2,2,15,120,0.01,no,adamw,44,7671,0.78697,0.6068,24.3
3,1024,0.0,gelu,0.003,512,2,2,15,80,0.01,no,adamw,44,7671,0.84224,0.4035,7.4
4,512,0.0,silu,0.003,256,2,2,15,120,0.01,no,adamw,44,7671,0.77779,0.7924,25.4
4,512,0.1,gelu,0.003,512,2,2,15,80,0.01,no,adamw,44,7671,0.87449,0.4476,10.1
4,1024,0.0,gelu,0.005,256,2,2,15,80,0.01,no,adamw,44,7671,0.87761,0.3921,14.0
3,1024,0.0,gelu,0.005,256,2,2,15,80,0.01,layernorm,adamw,44,7671,0.76898,0.3641,13.0
3,1024,0.1,silu,0.002,256,2,2,15,80,0.01,no,adamw,44,7671,0.87275,0.3191,14.7
4,1024,0.0,silu,0.008,256,2,2,15,80,0.01,no,adamw,44,7671,0.59034,0.2626,13.8
3,512,0.0,gelu,0.002,256,2,2,15,120,0.01,layernorm,adamw,44,7671,0.79717,0.4463,23.2
4,1024,0.0,gelu,0.008,512,2,2,15,120,0.01,no,adamw,44,7671,1.05444,0.1572,14.5
3,512,0.0,silu,0.005,256,2,2,15,80,0.01,no,adamw,44,7671,0.7816,0.3947,17.3
4,512,0.0,gelu,0.005,256,2,2,15,120,0.01,no,adamw,44,7671,0.83986,0.3084,26.2
3,512,0.0,gelu,0.002,256,2,2,15,80,0.01,layernorm,adamw,44,7671,0.86924,0.4622,15.3
4,512,0.1,gelu,0.008,512,2,2,15,120,0.01,layernorm,adamw,44,7671,0.72754,0.5031,18.4
4,1024,0.1,gelu,0.002,512,2,2,15,120,0.01,layernorm,adamw,44,7671,0.72481,0.4344,16.4
4,512,0.1,silu,0.008,256,2,2,15,80,0.01,layernorm,adamw,44,7671,0.70737,0.2423,23.0
3,1024,0.1,silu,0.003,256,2,2,15,80,0.01,layernorm,adamw,44,7671,0.8112,0.5127,19.8
3,512,0.0,gelu,0.002,256,2,2,15,80,0.01,no,adamw,44,7671,1.03615,0.3199,16.2
4,512,0.1,silu,0.008,512,2,2,15,120,0.01,layernorm,adamw,44,7671,0.68925,0.4855,17.9
4,1024,0.0,silu,0.003,512,2,2,15,120,0.01,layernorm,adamw,44,7671,0.82349,0.34,19.9
4,1024,0.1,gelu,0.003,256,2,3,15,120,0.01,no,adamw,46,7671,0.94072,0.5038,25.0
3,512,0.0,gelu,0.003,256,2,3,15,120,0.01,layernorm,adamw,46,7671,0.75382,0.3744,22.7
3,1024,0.0,gelu,0.002,256,2,3,15,80,0.01,no,adamw,46,7671,0.87581,0.4318,12.3
4,512,0.0,gelu,0.003,512,2,3,15,80,0.01,no,adamw,46,7671,0.86911,0.3831,7.7
4,1024,0.0,gelu,0.003,512,2,3,15,120,0.01,layernorm,adamw,46,7671,0.92307,0.4569,15.1
3,512,0.1,silu,0.008,512,2,3,15,120,0.01,layernorm,adamw,46,7671,0.84213,0.4609,18.3
4,1024,0.0,silu,0.002,256,2,3,15,120,0.01,layernorm,adamw,46,7671,0.78783,0.6536,21.1
4,1024,0.0,gelu,0.005,512,2,3,15,80,0.01,layernorm,adamw,46,7671,0.99356,0.43,9.6
3,1024,0.0,gelu,0.005,256,2,3,15,120,0.01,layernorm,adamw,46,7671,0.83448,0.4028,15.3
3,512,0.1,silu,0.002,256,2,3,15,80,0.01,layernorm,adamw,46,7671,0.88625,0.5294,24.4
3,512,0.1,gelu,0.003,512,2,3,15,120,0.01,layernorm,adamw,46,7671,0.97638,0.3915,15.5
4,1024,0.1,silu,0.008,512,2,3,15,120,0.01,no,adamw,46,7671,1.01278,0.0844,15.4
4,1024,0.1,gelu,0.008,256,2,3,15,120,0.01,layernorm,adamw,46,7671,0.72519,0.5008,24.5
3,1024,0.1,silu,0.002,512,2,3,15,120,0.01,layernorm,adamw,46,7671,0.76539,0.4969,13.3
3,1024,0.1,gelu,0.003,256,2,3,15,80,0.01,layernorm,adamw,46,7671,0.79049,0.4794,17.8
3,1024,0.0,gelu,0.005,256,2,3,15,80,0.01,no,adamw,46,7671,0.89409,0.4694,12.6
4,1024,0.1,gelu,0.008,256,2,3,15,80,0.01,no,adamw,46,7671,0.9332,0.2453,12.7
4,1024,0.0,silu,0.003,256,2,3,15,120,0.01,no,adamw,46,7671,0.7784,0.5222,19.1
3,512,0.1,gelu,0.002,256,2,3,15,80,0.01,layernorm,adamw,46,7671,0.81507,0.3583,30.3
4,512,0.0,gelu,0.003,512,2,3,15,120,0.01,no,adamw,46,7671,0.851,0.4014,16.0
4,1024,0.1,gelu,0.003,256,2,3,15,80,0.01,no,adamw,46,7671,0.85597,0.5248,15.8
4,512,0.0,silu,0.008,512,2,3,15,80,0.01,layernorm,adamw,46,7671,0.8027,0.2773,8.8
3,512,0.1,silu,0.003,512,2,3,15,120,0.01,no,adamw,46,7671,0.97587,0.5123,12.6
3,512,0.1,gelu,0.003,512,2,3,15,80,0.01,no,adamw,46,7671,0.85877,0.4379,10.0
4,512,0.1,gelu,0.003,512,2,3,15,120,0.01,layernorm,adamw,46,7671,0.77165,0.5676,15.4
3,512,0.1,silu,0.008,256,2,3,15,80,0.01,layernorm,adamw,46,7671,0.82306,0.5639,22.1
3,1024,0.1,silu,0.008,512,2,3,15,80,0.01,layernorm,adamw,46,7671,0.82219,0.4662,12.2
4,1024,0.1,silu,0.003,512,2,3,15,80,0.01,no,adamw,46,7671,0.8118,0.5539,9.9
4,512,0.1,silu,0.005,256,2,3,15,80,0.01,layernorm,adamw,46,7671,0.76172,0.4405,28.5
3,1024,0.1,silu,0.008,256,2,3,15,80,0.01,layernorm,adamw,46,7671,0.72276,0.7535,21.2
3,512,0.0,silu,0.002,512,2,3,15,80,0.01,layernorm,adamw,46,7671,0.87295,0.3202,7.4
4,1024,0.0,silu,0.003,256,2,3,15,80,0.01,layernorm,adamw,46,7671,0.8554,0.1078,13.7
3,1024,0.0,gelu,0.008,256,2,3,15,80,0.01,layernorm,adamw,46,7671,0.88742,0.5811,10.4
4,512,0.1,gelu,0.003,512,2,3,15,80,0.01,no,adamw,46,7671,0.83845,0.4393,6.6
3,512,0.0,silu,0.003,256,2,3,15,80,0.01,no,adamw,46,7671,0.98412,0.5849,14.1
4,512,0.0,silu,0.003,256,2,3,15,80,0.01,no,adamw,46,7671,0.96272,0.4763,17.2
4,512,0.0,silu,0.005,256,2,3,15,80,0.01,no,adamw,46,7671,0.82332,0.6002,14.1
4,512,0.1,silu,0.008,512,2,3,15,80,0.01,layernorm,adamw,46,7671,0.73629,0.6353,11.4
3,1024,0.0,gelu,0.008,512,2,3,15,80,0.01,no,adamw,46,7671,0.94271,0.2459,8.4
3,1024,0.0,silu,0.005,256,2,3,15,80,0.01,no,adamw,46,7671,0.70771,0.229,12.9
3,512,0.1,gelu,0.002,512,2,3,15,120,0.01,layernorm,adamw,46,7671,0.90535,0.4338,16.7
4,512,0.0,silu,0.008,512,2,3,15,120,0.01,no,adamw,46,7671,0.78323,0.4641,11.1
4,1024,0.1,silu,0.005,512,2,3,15,80,0.01,layernorm,adamw,46,7671,0.76341,0.6484,11.4
3,512,0.1,silu,0.003,512,2,3,15,120,0.01,layernorm,adamw,46,7671,0.79771,0.202,21.5
4,1024,0.0,silu,0.003,256,2,3,15,80,0.01,no,adamw,46,7671,0.85257,0.312,18.2
3,512,0.1,silu,0.005,256,2,3,15,120,0.01,no,adamw,46,7671,0.67789,0.376,21.4
4,512,0.1,gelu,0.005,256,2,3,15,120,0.01,no,adamw,46,7671,0.81953,0.5081,23.3
3,512,0.1,silu,0.003,512,2,3,15,80,0.01,layernorm,adamw,46,7671,0.85172,0.3083,12.5
4,1024,0.1,silu,0.008,256,2,3,15,80,0.01,layernorm,adamw,46,7671,0.90477,0.1459,19.7
3,1024,0.0,silu,0.003,256,2,3,15,80,0.01,no,adamw,46,7671,0.85228,0.5911,12.3
4,1024,0.0,silu,0.008,512,2,3,15,80,0.01,layernorm,adamw,46,7671,0.99108,0.2271,9.4
4,512,0.0,silu,0.003,256,2,3,15,80,0.01,layernorm,adamw,46,7671,0.74181,0.2968,13.8
4,512,0.1,silu,0.003,256,2,3,15,120,0.01,no,adamw,46,7671,0.75341,0.4402,24.4
3,1024,0.1,gelu,0.003,256,2,3,15,120,0.01,no,adamw,46,7671,0.86091,0.2544,17.7
3,512,0.0,gelu,0.003,256,2,3,15,80,0.01,no,adamw,46,7671,0.96031,0.3511,19.0
4,512,0.0,silu,0.002,256,2,3,15,120,0.01,no,adamw,46,7671,1.08457,0.0821,28.2
3,1024,0.0,silu,0.008,512,2,3,15,80,0.01,no,adamw,46,7671,1.11954,0.4605,8.5
4,512,0.0,silu,0.008,256,2,3,15,80,0.01,no,adamw,46,7671,0.92765,0.2442,15.0
4,1024,0.0,silu,0.005,512,2,3,15,120,0.01,layernorm,adamw,46,7671,0.85408,0.5702,18.5
4,1024,0.0,silu,0.005,512,2,3,15,80,0.01,layernorm,adamw,46,7671,0.74088,0.285,11.0
3,1024,0.1,silu,0.008,256,2,3,15,120,0.01,no,adamw,46,7671,0.86948,0.3299,19.3
3,1024,0.1,gelu,0.008,256,2,3,15,80,0.01,layernorm,adamw,46,7671,0.79637,0.5656,21.2
4,512,0.0,gelu,0.002,512,2,3,15,80,0.01,no,adamw,46,7671,0.98247,0.1552,10.7
3,512,0.1,gelu,0.008,256,2,3,15,80,0.01,layernorm,adamw,46,7671,0.72579,0.5682,24.4
3,512,0.1,gelu,0.002,256,2,5,15,80,0.01,no,adamw,50,7671,0.79251,0.386,17.3
3,512,0.1,gelu,0.005,512,2,5,15,80,0.01,layernorm,adamw,50,7671,0.86502,0.3853,14.3
4,1024,0.0,silu,0.002,512,2,5,15,80,0.01,no,adamw,50,7671,0.81778,0.4784,10.6
3,1024,0.1,silu,0.008,256,2,5,15,80,0.01,no,adamw,50,7671,0.78138,0.4036,17.7
3,1024,0.0,silu,0.002,512,2,5,15,80,0.01,no,adamw,50,7671,0.9586,0.4854,8.7
4,512,0.0,silu,0.002,256,2,5,15,120,0.01,no,adamw,50,7671,0.86461,0.3831,22.3
3,512,0.1,gelu,0.002,512,2,5,15,80,0.01,layernorm,adamw,50,7671,0.80611,0.4095,9.3
4,1024,0.1,gelu,0.003,256,2,5,15,120,0.01,no,adamw,50,7671,0.84587,0.1579,17.9
4,1024,0.0,silu,0.005,512,2,5,15,120,0.01,no,adamw,50,7671,1.0864,0.4654,10.5
4,1024,0.1,gelu,0.003,512,2,5,15,120,0.01,layernorm,adamw,50,7671,0.89339,0.5409,12.4
4,1024,0.0,gelu,0.003,512,2,5,15,80,0.01,no,adamw,50,7671,0.87028,0.4725,8.6
3,512,0.1,silu,0.008,512,2,5,15,80,0.01,layernorm,adamw,50,7671,0.82393,0.4438,10.7
4,1024,0.0,gelu,0.002,256,2,5,15,80,0.01,layernorm,adamw,50,7671,0.75144,0.3369,14.0
4,512,0.1,silu,0.008,256,2,5,15,80,0.01,layernorm,adamw,50,7671,0.79696,0.4571,24.0
4,512,0.1,silu,0.002,512,2,5,15,80,0.01,no,adamw,50,7671,0.94376,0.3049,9.8
4,1024,0.1,gelu,0.008,512,2,5,15,120,0.01,layernorm,adamw,50,7671,0.77865,0.5564,16.9
4,1024,0.0,gelu,0.003,512,2,5,15,120,0.01,no,adamw,50,7671,0.92807,0.3217,14.3
4,512,0.0,silu,0.003,512,2,5,15,120,0.01,layernorm,adamw,50,7671,0.8036,0.3384,15.3
3,1024,0.1,silu,0.002,256,2,5,15,80,0.01,layernorm,adamw,50,7671,0.81048,0.5601,17.7
4,1024,0.1,gelu,0.002,256,2,5,15,80,0.01,no,adamw,50,7671,0.88033,0.4521,16.9
4,1024,0.0,gelu,0.002,512,2,5,15,120,0.01,layernorm,adamw,50,7671,0.71696,0.5757,18.4
4,1024,0.0,gelu,0.005,512,2,5,15,80,0.01,layernorm,adamw,50,7671,0.81018,0.4207,11.9
3,1024,0.0,silu,0.005,256,2,5,15,80,0.01,layernorm,adamw,50,7671,0.85113,0.5311,14.4
3,512,0.0,silu,0.008,512,2,5,15,80,0.01,layernorm,adamw,50,7671,0.78526,0.5172,8.2
4,1024,0.0,silu,0.008,256,2,5,15,80,0.01,layernorm,adamw,50,7671,0.83279,0.5285,14.2
4,1024,0.1,gelu,0.005,512,2,5,15,80,0.01,layernorm,adamw,50,7671,0.82036,0.508,10.9
4,1024,0.1,silu,0.003,512,2,5,15,120,0.01,layernorm,adamw,50,7671,0.76255,0.5117,13.1
3,512,0.1,silu,0.002,512,2,5,15,120,0.01,no,adamw,50,7671,0.93171,0.3973,11.2
3,1024,0.0,silu,0.002,256,2,5,15,120,0.01,layernorm,adamw,50,7671,0.86775,0.3095,20.2
4,1024,0.1,silu,0.005,256,2,5,15,120,0.01,layernorm,adamw,50,7671,0.69585,0.5192,30.0
3,1024,0.0,gelu,0.008,512,2,5,15,120,0.01,layernorm,adamw,50,7671,0.9193,0.4275,15.4
4,1024,0.1,silu,0.008,512,2,5,15,80,0.01,no,adamw,50,7671,1.07316,0.0522,8.6
3,1024,0.0,gelu,0.002,256,2,5,15,80,0.01,layernorm,adamw,50,7671,0.83957,0.4501,13.7
3,1024,0.0,gelu,0.008,256,2,5,15,120,0.01,layernorm,adamw,50,7671,0.8426,0.4099,18.9
3,512,0.0,gelu,0.008,512,2,5,15,80,0.01,layernorm,adamw,50,7671,0.79918,0.4242,7.7
3,1024,0.0,silu,0.005,512,2,5,15,80,0.01,layernorm,adamw,50,7671,0.83415,0.5296,12.3
3,512,0.0,silu,0.008,512,2,5,15,80,0.01,no,adamw,50,7671,0.88198,0.496,8.5
4,512,0.1,silu,0.005,256,2,5,15,80,0.01,layernorm,adamw,50,7671,0.81156,0.4366,29.1
4,1024,0.1,silu,0.002,256,2,5,15,80,0.01,layernorm,adamw,50,7671,0.89352,0.4421,16.8
4,1024,0.1,gelu,0.002,256,2,5,15,120,0.01,no,adamw,50,7671,0.84867,0.5591,19.7
4,1024,0.0,gelu,0.002,256,2,5,15,120,0.01,no,adamw,50,7671,0.83163,0.514,24.0
3,512,0.0,gelu,0.002,256,2,5,15,120,0.01,layernorm,adamw,50,7671,0.74892,0.3506,22.6
4,512,0.0,silu,0.008,256,2,5,15,80,0.01,no,adamw,50,7671,1.13912,0.3322,15.2
4,1024,0.0,gelu,0.002,256,2,5,15,80,0.01,no,adamw,50,7671,0.95053,0.4744,11.3
4,512,0.0,silu,0.005,256,2,5,15,80,0.01,no,adamw,50,7671,0.78958,0.5482,15.6
4,512,0.0,gelu,0.005,512,2,5,15,120,0.01,layernorm,adamw,50,7671,0.7792,0.5726,10.0
3,512,0.0,silu,0.005,512,2,5,15,120,0.01,layernorm,adamw,50,7671,0.87511,0.5255,8.3
3,512,0.1,silu,0.002,256,2,5,15,120,0.01,no,adamw,50,7671,0.81528,0.4765,16.0
4,512,0.0,gelu,0.003,256,2,5,15,80,0.01,layernorm,adamw,50,7671,0.86191,0.4799,14.9
3,1024,0.1,silu,0.005,512,2,5,15,80,0.01,no,adamw,50,7671,0.88079,0.3805,8.1
3,512,0.1,gelu,0.005,512,2,5,15,120,0.01,no,adamw,50,7671,0.82189,0.3538,13.6
3,1024,0.1,gelu,0.002,256,2,5,15,120,0.01,no,adamw,50,7671,0.82486,0.385,19.8
4,512,0.0,gelu,0.008,256,2,5,15,120,0.01,layernorm,adamw,50,7671,0.78351,0.4937,22.5
4,512,0.0,gelu,0.002,256,2,5,15,120,0.01,layernorm,adamw,50,7671,0.75494,0.6749,23.4
4,512,0.0,gelu,0.008,512,2,5,15,80,0.01,no,adamw,50,7671,0.87124,0.3909,9.3
3,1024,0.1,gelu,0.003,256,2,5,15,80,0.01,layernorm,adamw,50,7671,0.81224,0.5166,16.7
3,1024,0.0,silu,0.002,512,2,5,15,120,0.01,no,adamw,50,7671,0.94295,0.6704,9.9
4,1024,0.0,gelu,0.008,512,2,5,15,120,0.01,layernorm,adamw,50,7671,0.84236,0.4368,19.3
3,512,0.0,gelu,0.005,256,2,5,15,120,0.01,layernorm,adamw,50,7671,0.79712,0.4179,18.6
4,512,0.1,gelu,0.008,512,2,5,15,80,0.01,no,adamw,50,7671,0.89196,0.2396,9.4
3,1024,0.1,gelu,0.002,256,2,5,15,80,0.01,layernorm,adamw,50,7671,0.8171,0.5108,16.8
4,512,0.1,gelu,0.002,512,2,5,15,80,0.01,layernorm,adamw,50,7671,0.80285,0.5578,10.0
3,512,0.1,silu,0.005,512,2,5,15,120,0.01,no,adamw,50,7671,0.78905,0.3622,14.7
3,512,0.1,gelu,0.005,512,2,5,15,80,0.01,no,adamw,50,7671,0.97883,0.3039,10.1
4,512,0.1,silu,0.005,512,3,2,15,80,0.01,no,adamw,54,7671,0.73525,0.4206,9.5
4,512,0.0,silu,0.002,256,3,2,15,80,0.01,no,adamw,54,7671,0.8849,0.5354,17.5
3,512,0.0,silu,0.002,512,3,2,15,80,0.01,no,adamw,54,7671,1.18937,0.107,10.1
3,512,0.0,silu,0.005,256,3,2,15,80,0.01,layernorm,adamw,54,7671,0.77694,0.3456,14.8
3,1024,0.1,gelu,0.003,512,3,2,15,80,0.01,no,adamw,54,7671,0.95936,0.291,7.7
4,1024,0.0,gelu,0.005,512,3,2,15,80,0.01,no,adamw,54,7671,0.98375,0.3777,8.8
3,1024,0.0,gelu,0.008,512,3,2,15,80,0.01,layernorm,adamw,54,7671,0.78022,0.4328,11.1
4,512,0.1,gelu,0.008,512,3,2,15,80,0.01,no,adamw,54,7671,0.92264,0.5681,8.2
3,512,0.0,silu,0.002,256,3,2,15,120,0.01,no,adamw,54,7671,0.7935,0.6664,23.2
4,1024,0.0,gelu,0.008,512,3,2,15,120,0.01,no,adamw,54,7671,1.20449,0.3904,15.5
4,512,0.1,silu,0.002,256,3,2,15,120,0.01,no,adamw,54,7671,0.66714,0.4897,20.5
3,512,0.1,silu,0.002,256,3,2,15,80,0.01,layernorm,adamw,54,7671,0.80686,0.4375,22.8
3,1024,0.0,gelu,0.008,256,3,2,15,120,0.01,layernorm,adamw,54,7671,0.84843,0.4863,22.2
3,1024,0.1,gelu,0.008,256,3,2,15,120,0.01,layernorm,adamw,54,7671,0.81356,0.5414,26.7
4,1024,0.1,gelu,0.005,512,3,2,15,80,0.01,no,adamw,54,7671,0.86618,0.1897,10.1
3,512,0.0,gelu,0.002,512,3,2,15,80,0.01,layernorm,adamw,54,7671,1.01558,0.2812,8.2
4,512,0.0,silu,0.003,256,3,2,15,80,0.01,no,adamw,54,7671,0.70198,0.4297,18.3
3,1024,0.0,silu,0.002,512,3,2,15,80,0.01,layernorm,adamw,54,7671,0.88047,0.3982,12.5
4,512,0.1,gelu,0.008,256,3,2,15,120,0.01,no,adamw,54,7671,0.94418,0.107,22.9
4,1024,0.0,gelu,0.008,256,3,2,15,80,0.01,layernorm,adamw,54,7671,0.71958,0.4505,16.1
3,1024,0.0,gelu,0.002,256,3,2,15,80,0.01,no,adamw,54,7671,0.88839,0.3334,13.1
4,512,0.0,silu,0.002,256,3,2,15,80,0.01,layernorm,adamw,54,7671,0.79577,0.4367,14.7
3,1024,0.1,gelu,0.003,256,3,2,15,80,0.01,layernorm,adamw,54,7671,0.83693,0.3716,16.8
4,1024,0.1,silu,0.008,256,3,2,15,80,0.01,layernorm,adamw,54,7671,0.69247,0.555,20.6
4,1024,0.0,gelu,0.003,512,3,2,15,120,0.01,no,adamw,54,7671,0.91115,0.3545,14.2
4,1024,0.0,gelu,0.002,256,3,2,15,120,0.01,layernorm,adamw,54,7671,0.75695,0.338,24.1
3,512,0.1,gelu,0.008,256,3,2,15,120,0.01,no,adamw,54,7671,0.86764,0.366,23.0
3,1024,0.0,gelu,0.002,512,3,2,15,120,0.01,no,adamw,54,7671,1.01225,0.5326,11.4
3,1024,0.0,silu,0.008,512,3,2,15,80,0.01,layernorm,adamw,54,7671,0.81154,0.3928,10.0
3,512,0.1,gelu,0.002,256,3,2,15,80,0.01,no,adamw,54,7671,0.92119,0.3308,14.8
3,1024,0.0,silu,0.008,256,3,2,15,80,0.01,no,adamw,54,7671,0.89177,0.3069,14.9
3,1024,0.1,gelu,0.005,512,3,2,15,80,0.01,no,adamw,54,7671,0.88427,0.4465,7.5
3,512,0.1,silu,0.002,512,3,2,15,120,0.01,no,adamw,54,7671,0.99737,0.2668,14.3
3,1024,0.0,silu,0.003,256,3,2,15,120,0.01,layernorm,adamw,54,7671,0.77539,0.4837,24.3
3,1024,0.0,silu,0.003,256,3,2,15,80,0.01,no,adamw,54,7671,0.86085,0.4241,13.9
3,1024,0.0,silu,0.005,256,3,2,15,120,0.01,no,adamw,54,7671,0.81533,0.5499,17.0
3,1024,0.1,gelu,0.005,256,3,2,15,80,0.01,no,adamw,54,7671,0.96681,0.2566,13.9
3,1024,0.1,silu,0.003,256,3,2,15,80,0.01,no,adamw,54,7671,0.74034,0.4902,13.1
4,1024,0.0,silu,0.008,512,3,2,15,80,0.01,no,adamw,54,7671,1.09247,0.0113,8.2
4,512,0.0,gelu,0.003,512,3,2,15,120,0.01,layernorm,adamw,54,7671,0.82458,0.4734,12.9
4,1024,0.0,silu,0.008,256,3,2,15,120,0.01,no,adamw,54,7671,2.74894,0.0027,18.9
3,1024,0.1,gelu,0.002,256,3,2,15,120,0.01,layernorm,adamw,54,7671,0.83143,0.422,23.8
4,512,0.1,silu,0.003,512,3,2,15,80,0.01,layernorm,adamw,54,7671,0.71452,0.3896,10.2
3,1024,0.1,silu,0.002,512,3,2,15,120,0.01,no,adamw,54,7671,0.86242,0.3951,12.9
4,512,0.1,silu,0.003,512,3,2,15,120,0.01,layernorm,adamw,54,7671,0.6771,0.5035,17.3
3,1024,0.0,silu,0.002,256,3,2,15,120,0.01,no,adamw,54,7671,0.78646,0.4777,15.2
3,512,0.1,gelu,0.005,512,3,2,15,120,0.01,no,adamw,54,7671,0.87257,0.1773,12.2
3,512,0.1,silu,0.003,256,3,2,15,120,0.01,layernorm,adamw,54,7671,0.8208,0.457,33.8
3,1024,0.1,gelu,0.002,256,3,2,15,120,0.01,no,adamw,54,7671,1.02183,0.3777,22.1
3,1024,0.0,gelu,0.005,256,3,2,15,120,0.01,no,adamw,54,7671,0.8793,0.5222,21.6
4,1024,0.1,silu,0.002,256,3,2,15,120,0.01,layernorm,adamw,54,7671,0.72214,0.4264,26.0
3,1024,0.0,gelu,0.008,512,3,2,15,120,0.01,no,adamw,54,7671,0.87579,0.2784,9.5
3,512,0.1,gelu,0.005,512,3,2,15,120,0.01,layernorm,adamw,54,7671,0.74407,0.413,16.2
3,512,0.0,silu,0.005,512,3,2,15,80,0.01,layernorm,adamw,54,7671,0.85173,0.4633,9.4
3,1024,0.1,silu,0.005,256,3,2,15,80,0.01,layernorm,adamw,54,7671,0.83013,0.1598,19.8
3,512,0.1,gelu,0.002,512,3,2,15,120,0.01,layernorm,adamw,54,7671,0.88493,0.5517,12.7
3,512,0.0,silu,0.003,512,3,2,15,80,0.01,no,adamw,54,7671,0.88694,0.523,8.1
4,1024,0.1,gelu,0.008,512,3,2,15,120,0.01,no,adamw,54,7671,0.88498,0.2145,12.1
3,512,0.0,silu,0.003,256,3,2,15,80,0.01,layernorm,adamw,54,7671,0.74358,0.3506,15.5
4,512,0.0,gelu,0.005,256,3,2,15,80,0.01,layernorm,adamw,54,7671,0.76897,0.3409,14.8
3,1024,0.1,silu,0.008,512,3,2,15,80,0.01,layernorm,adamw,54,7671,0.74254,0.4545,9.7
4,1024,0.1,gelu,0.003,512,3,2,15,120,0.01,no,adamw,54,7671,0.77366,0.332,10.9
4,1024,0.1,gelu,0.008,256,3,2,15,120,0.01,no,adamw,54,7671,0.79553,0.3085,19.9
3,512,0.1,silu,0.008,512,3,2,15,80,0.01,no,adamw,54,7671,0.80624,0.4379,7.5
4,1024,0.1,silu,0.008,512,3,3,15,80,0.01,no,adamw,56,7671,0.66707,0.2462,7.1
4,512,0.0,silu,0.008,256,3,3,15,80,0.01,layernorm,adamw,56,7671,0.73253,0.3509,15.7
4,512,0.0,gelu,0.008,512,3,3,15,120,0.01,layernorm,adamw,56,7671,0.96588,0.1848,12.5
4,1024,0.0,gelu,0.002,512,3,3,15,80,0.01,layernorm,adamw,56,7671,0.84457,0.291,12.7
4,512,0.1,silu,0.002,256,3,3,15,80,0.01,no,adamw,56,7671,0.91943,0.5555,15.7
3,1024,0.1,silu,0.003,512,3,3,15,80,0.01,no,adamw,56,7671,0.91706,0.4182,10.6
4,1024,0.1,gelu,0.002,512,3,3,15,120,0.01,layernorm,adamw,56,7671,0.77168,0.5814,15.3
4,512,0.0,gelu,0.003,256,3,3,15,80,0.01,no,adamw,56,7671,0.97689,0.4055,19.8
4,1024,0.1,silu,0.008,512,3,3,15,120,0.01,no,adamw,56,7671,1.42721,0.0451,15.9
4,512,0.0,gelu,0.005,512,3,3,15,120,0.01,no,adamw,56,7671,0.73059,0.465,12.6
4,512,0.1,gelu,0.005,512,3,3,15,80,0.01,no,adamw,56,7671,0.86361,0.1345,8.7
3,512,0.0,gelu,0.002,512,3,3,15,80,0.01,layernorm,adamw,56,7671,1.01896,0.0405,6.4
4,1024,0.0,silu,0.003,512,3,3,15,120,0.01,no,adamw,56,7671,0.91202,0.6842,12.6
3,512,0.0,silu,0.003,256,3,3,15,120,0.01,no,adamw,56,7671,0.88757,0.526,29.6
4,1024,0.0,gelu,0.002,256,3,3,15,120,0.01,layernorm,adamw,56,7671,0.84111,0.4851,22.0
4,512,0.1,gelu,0.002,512,3,3,15,120,0.01,layernorm,adamw,56,7671,0.87468,0.3772,12.8
4,1024,0.1,gelu,0.002,256,3,3,15,120,0.01,layernorm,adamw,56,7671,0.7403,0.3122,27.1
3,512,0.0,silu,0.008,256,3,3,15,120,0.01,layernorm,adamw,56,7671,0.73077,0.3749,24.3
3,1024,0.0,gelu,0.002,256,3,3,15,120,0.01,no,adamw,56,7671,0.85573,0.6361,18.3
3,1024,0.0,gelu,0.008,512,3,3,15,80,0.01,layernorm,adamw,56,7671,0.88333,0.3611,10.5
4,1024,0.0,silu,0.003,256,3,3,15,80,0.01,layernorm,adamw,56,7671,0.70845,0.5851,16.9
4,512,0.1,gelu,0.008,512,3,3,15,120,0.01,no,adamw,56,7671,0.72461,0.4328,15.2
3,512,0.0,gelu,0.003,512,3,3,15,120,0.01,layernorm,adamw,56,7671,0.92282,0.5195,14.4
3,1024,0.0,gelu,0.008,256,3,3,15,80,0.01,layernorm,adamw,56,7671,0.88818,0.3284,15.0
3,512,0.0,gelu,0.008,512,3,3,15,120,0.01,layernorm,adamw,56,7671,0.90448,0.4357,10.5
4,512,0.0,gelu,0.002,256,3,3,15,80,0.01,layernorm,adamw,56,7671,0.77896,0.3902,13.0
3,512,0.1,silu,0.005,256,3,3,15,80,0.01,no,adamw,56,7671,0.74138,0.3711,15.7
4,1024,0.1,silu,0.002,512,3,3,15,120,0.01,no,adamw,56,7671,0.87941,0.273,15.1
3,512,0.0,silu,0.005,512,3,3,15,80,0.01,no,adamw,56,7671,0.95364,0.4883,8.9
3,1024,0.1,silu,0.002,256,3,3,15,120,0.01,layernorm,adamw,56,7671,0.81573,0.4822,25.5
3,512,0.1,gelu,0.003,512,3,3,15,80,0.01,layernorm,adamw,56,7671,0.86172,0.343,13.5
4,512,0.1,silu,0.003,256,3,3,15,80,0.01,no,adamw,56,7671,0.77793,0.4907,17.8
4,1024,0.1,gelu,0.005,256,3,3,15,80,0.01,layernorm,adamw,56,7671,0.74363,0.4482,17.5
4,1024,0.0,silu,0.003,256,3,3,15,120,0.01,layernorm,adamw,56,7671,0.78664,0.4054,21.8
3,1024,0.1,gelu,0.005,256,3,3,15,120,0.01,layernorm,adamw,56,7671,0.73682,0.5289,23.1
4,512,0.1,gelu,0.008,512,3,3,15,120,0.01,layernorm,adamw,56,7671,0.67584,0.6349,16.2
3,512,0.0,gelu,0.008,512,3,3,15,80,0.01,layernorm,adamw,56,7671,0.89124,0.4135,7.1
3,1024,0.1,silu,0.002,512,3,3,15,80,0.01,no,adamw,56,7671,0.95169,0.3393,9.1
3,512,0.1,silu,0.005,512,3,3,15,80,0.01,no,adamw,56,7671,0.78676,0.3406,7.8
3,512,0.0,gelu,0.008,512,3,3,15,120,0.01,no,adamw,56,7671,0.86149,0.4468,11.0
3,1024,0.0,silu,0.008,512,3,3,15,120,0.01,layernorm,adamw,56,7671,0.82908,0.3822,15.5
4,512,0.1,gelu,0.003,256,3,3,15,120,0.01,layernorm,adamw,56,7671,0.78174,0.3822,34.0
3,512,0.1,silu,0.005,256,3,3,15,120,0.01,layernorm,adamw,56,7671,0.77326,0.3828,32.7
3,1024,0.0,gelu,0.003,512,3,3,15,80,0.01,layernorm,adamw,56,7671,0.84822,0.2291,8.3
3,1024,0.0,silu,0.008,256,3,3,15,120,0.01,no,adamw,56,7671,1.08597,0.3144,21.6
3,512,0.0,gelu,0.005,512,3,3,15,80,0.01,layernorm,adamw,56,7671,0.96569,0.528,9.9
4,1024,0.0,silu,0.008,512,3,3,15,80,0.01,no,adamw,56,7671,1.20069,0.1341,12.2
4,512,0.0,silu,0.003,256,3,3,15,120,0.01,no,adamw,56,7671,0.8227,0.6648,24.5
3,512,0.0,gelu,0.003,256,3,3,15,120,0.01,layernorm,adamw,56,7671,0.80995,0.5108,21.5
3,1024,0.0,silu,0.005,256,3,3,15,120,0.01,layernorm,adamw,56,7671,0.79017,0.362,20.6
3,1024,0.1,gelu,0.003,512,3,3,15,120,0.01,no,adamw,56,7671,0.83684,0.4192,11.0
4,512,0.1,silu,0.003,512,3,3,15,80,0.01,no,adamw,56,7671,1.10316,0.2077,9.1
3,512,0.0,silu,0.008,512,3,3,15,120,0.01,layernorm,adamw,56,7671,0.832,0.344,11.3
3,512,0.1,silu,0.008,512,3,3,15,120,0.01,layernorm,adamw,56,7671,0.77265,0.5501,15.1
3,1024,0.0,silu,0.003,256,3,3,15,80,0.01,layernorm,adamw,56,7671,0.7577,0.3717,12.4
3,512,0.1,gelu,0.002,512,3,3,15,80,0.01,no,adamw,56,7671,0.93502,0.3404,11.0
4,1024,0.1,silu,0.002,512,3,3,15,80,0.01,layernorm,adamw,56,7671,0.80648,0.4317,12.0
4,512,0.0,silu,0.005,256,3,3,15,120,0.01,layernorm,adamw,56,7671,0.87108,0.5531,20.3
3,512,0.1,gelu,0.008,512,3,3,15,120,0.01,no,adamw,56,7671,0.93627,0.1717,13.0
3,1024,0.0,silu,0.002,256,3,3,15,120,0.01,layernorm,adamw,56,7671,0.82451,0.4049,22.1
4,512,0.0,gelu,0.005,256,3,3,15,80,0.01,layernorm,adamw,56,7671,0.72146,0.3304,19.7
3,1024,0.0,gelu,0.005,256,3,3,15,120,0.01,no,adamw,56,7671,0.91584,0.5107,17.0
3,512,0.0,silu,0.002,256,3,3,15,80,0.01,no,adamw,56,7671,0.96926,0.602,15.5
3,512,0.1,gelu,0.002,256,3,3,15,80,0.01,no,adamw,56,7671,0.87949,0.3179,14.9
4,1024,0.1,gelu,0.003,512,3,5,15,80,0.01,layernorm,adamw,60,7671,0.83785,0.3598,11.9
4,512,0.1,silu,0.002,512,3,5,15,80,0.01,layernorm,adamw,60,7671,0.77746,0.3543,12.4
3,512,0.1,gelu,0.003,512,3,5,15,80,0.01,layernorm,adamw,60,7671,0.81474,0.402,13.4
4,512,0.0,gelu,0.005,256,3,5,15,120,0.01,no,adamw,60,7671,0.976,0.3338,29.1
3,512,0.1,silu,0.008,256,3,5,15,120,0.01,layernorm,adamw,60,7671,0.79116,0.5942,42.0
3,512,0.1,silu,0.002,256,3,5,15,80,0.01,no,adamw,60,7671,0.85122,0.3177,18.5
4,512,0.1,silu,0.005,512,3,5,15,80,0.01,no,adamw,60,7671,0.73362,0.602,13.4
4,512,0.0,silu,0.003,512,3,5,15,120,0.01,layernorm,adamw,60,7671,0.83888,0.2293,13.7
3,1024,0.1,silu,0.002,256,3,5,15,120,0.01,layernorm,adamw,60,7671,0.86372,0.6035,24.5
4,1024,0.1,gelu,0.005,256,3,5,15,120,0.01,no,adamw,60,7671,0.90416,0.4491,19.4
3,512,0.0,gelu,0.002,256,3,5,15,80,0.01,no,adamw,60,7671,1.00345,0.343,18.9
4,1024,0.0,gelu,0.005,512,3,5,15,80,0.01,no,adamw,60,7671,1.1891,0.3015,9.4
3,1024,0.1,silu,0.005,512,3,5,15,80,0.01,layernorm,adamw,60,7671,0.80343,0.4506,9.4
3,512,0.0,silu,0.008,512,3,5,15,120,0.01,no,adamw,60,7671,0.91069,0.5174,13.5
3,512,0.1,gelu,0.008,256,3,5,15,120,0.01,layernorm,adamw,60,7671,0.77074,0.3958,30.5
4,1024,0.0,gelu,0.005,256,3,5,15,120,0.01,layernorm,adamw,60,7671,0.73208,0.4487,20.6
3,1024,0.1,silu,0.002,512,3,5,15,120,0.01,no,adamw,60,7671,0.84821,0.4683,16.5
3,512,0.0,silu,0.008,256,3,5,15,80,0.01,no,adamw,60,7671,0.82983,0.3374,21.2
4,512,0.1,silu,0.008,512,3,5,15,80,0.01,no,adamw,60,7671,0.70448,0.3495,12.7
4,512,0.1,silu,0.003,256,3,5,15,80,0.01,layernorm,adamw,60,7671,0.82284,0.1823,26.6
3,512,0.0,silu,0.003,512,3,5,15,120,0.01,no,adamw,60,7671,1.07063,0.5714,13.8
4,1024,0.0,silu,0.003,512,3,5,15,80,0.01,layernorm,adamw,60,7671,0.88924,0.3521,11.9
3,512,0.1,silu,0.002,256,3,5,15,120,0.01,no,adamw,60,7671,0.8108,0.3152,22.0
4,1024,0.0,gelu,0.003,256,3,5,15,120,0.01,no,adamw,60,7671,0.99687,0.3632,19.0
3,1024,0.0,gelu,0.008,512,3,5,15,120,0.01,layernorm,adamw,60,7671,0.91285,0.3374,16.7
4,1024,0.1,silu,0.005,512,3,5,15,80,0.01,no,adamw,60,7671,1.11848,0.0111,9.9
4,512,0.1,gelu,0.008,256,3,5,15,120,0.01,no,adamw,60,7671,1.13783,0.2531,21.4
4,1024,0.1,silu,0.002,256,3,5,15,120,0.01,layernorm,adamw,60,7671,0.78684,0.4838,22.2
3,1024,0.0,gelu,0.002,256,3,5,15,80,0.01,layernorm,adamw,60,7671,0.85233,0.3819,14.6
3,512,0.0,silu,0.002,256,3,5,15,120,0.01,layernorm,adamw,60,7671,0.81941,0.4247,16.7
4,512,0.0,gelu,0.003,512,3,5,15,120,0.01,no,adamw,60,7671,0.96958,0.4492,10.4
3,512,0.1,silu,0.008,256,3,5,15,120,0.01,no,adamw,60,7671,0.77616,0.3787,26.8
3,1024,0.1,gelu,0.005,256,3,5,15,120,0.01,layernorm,adamw,60,7671,0.77741,0.4942,29.2
4,512,0.0,silu,0.002,512,3,5,15,120,0.01,no,adamw,60,7671,0.87708,0.5857,13.4
4,512,0.0,silu,0.005,256,3,5,15,80,0.01,no,adamw,60,7671,0.81901,0.2631,17.7
4,1024,0.1,gelu,0.005,512,3,5,15,120,0.01,no,adamw,60,7671,0.89933,0.3276,12.9
3,1024,0.1,gelu,0.003,512,3,5,15,120,0.01,layernorm,adamw,60,7671,0.78402,0.4482,12.9
4,1024,0.0,silu,0.002,256,3,5,15,120,0.01,no,adamw,60,7671,0.88373,0.5382,19.3
3,512,0.0,gelu,0.003,512,3,5,15,120,0.01,no,adamw,60,7671,0.94478,0.318,13.9
3,1024,0.0,silu,0.008,512,3,5,15,80,0.01,no,adamw,60,7671,0.99005,0.3242,6.8
4,1024,0.0,silu,0.008,512,3,5,15,80,0.01,no,adamw,60,7671,1.02428,0.0145,8.5
3,1024,0.0,gelu,0.008,512,3,5,15,80,0.01,no,adamw,60,7671,1.01158,0.2505,8.3
3,1024,0.1,silu,0.003,256,3,5,15,80,0.01,no,adamw,60,7671,0.9044,0.2496,12.9
3,1024,0.0,silu,0.005,512,3,5,15,120,0.01,layernorm,adamw,60,7671,0.83654,0.5317,15.6
3,512,0.1,silu,0.008,256,3,5,15,80,0.01,layernorm,adamw,60,7671,0.7611,0.4856,29.1
3,1024,0.0,gelu,0.008,256,3,5,15,80,0.01,layernorm,adamw,60,7671,0.91034,0.5342,12.7
3,1024,0.0,silu,0.003,512,3,5,15,80,0.01,layernorm,adamw,60,7671,0.93552,0.4868,10.5
3,512,0.0,gelu,0.003,512,3,5,15,120,0.01,layernorm,adamw,60,7671,0.92152,0.3192,13.6
4,512,0.1,silu,0.008,256,3,5,15,80,0.01,layernorm,adamw,60,7671,0.91929,0.5204,24.4
4,512,0.1,silu,0.002,256,3,5,15,80,0.01,no,adamw,60,7671,0.87211,0.6179,13.3
4,1024,0.0,silu,0.002,256,3,5,15,120,0.01,layernorm,adamw,60,7671,0.80635,0.477,23.1
3,512,0.1,gelu,0.005,512,3,5,15,80,0.01,layernorm,adamw,60,7671,0.87457,0.4039,10.2
3,1024,0.1,gelu,0.002,512,3,5,15,120,0.01,layernorm,adamw,60,7671,0.81387,0.5851,10.9
4,1024,0.0,gelu,0.005,256,3,5,15,120,0.01,no,adamw,60,7671,0.95389,0.3235,23.5
3,1024,0.0,gelu,0.002,256,3,5,15,120,0.01,no,adamw,60,7671,0.94309,0.4528,19.5
3,1024,0.0,silu,0.008,512,3,5,15,120,0.01,layernorm,adamw,60,7671,0.91981,0.5604,17.7
4,1024,0.0,gelu,0.002,512,3,5,15,120,0.01,no,adamw,60,7671,0.92115,0.3885,11.7
4,512,0.0,silu,0.003,256,3,5,15,120,0.01,layernorm,adamw,60,7671,0.74033,0.4538,21.8
4,1024,0.0,silu,0.008,512,3,5,15,80,0.01,layernorm,adamw,60,7671,0.93478,0.424,9.5
4,1024,0.1,gelu,0.003,256,3,5,15,80,0.01,no,adamw,60,7671,0.91771,0.4313,13.6
3,512,0.0,silu,0.008,256,3,5,15,120,0.01,layernorm,adamw,60,7671,0.92377,0.438,18.4
4,1024,0.0,gelu,0.005,512,3,5,15,120,0.01,layernorm,adamw,60,7671,0.76825,0.521,16.8
3,512,0.0,silu,0.005,512,3,5,15,80,0.01,no,adamw,60,7671,0.88901,0.434,9.2
4,512,0.0,gelu,0.008,512,3,5,15,120,0.01,no,adamw,60,7671,1.24315,0.3333,12.8
4,512,0.1,gelu,0.005,256,1,2,15,120,0.01,layernorm,adamw,34,7671,0.74789,0.635,41.1
4,512,0.0,gelu,0.003,512,1,2,15,120,0.01,no,adamw,34,7671,0.81711,0.7239,13.4
3,1024,0.1,gelu,0.002,256,1,2,15,120,0.01,no,adamw,34,7671,0.87479,0.3926,19.8
3,1024,0.1,silu,0.008,256,1,2,15,80,0.01,no,adamw,34,7671,0.93471,0.3808,12.7
4,512,0.0,gelu,0.005,256,1,2,15,80,0.01,layernorm,adamw,34,7671,0.68517,0.3267,15.2
3,1024,0.1,silu,0.003,256,1,2,15,120,0.01,layernorm,adamw,34,7671,0.79896,0.5461,27.9
3,512,0.0,gelu,0.008,512,1,2,15,80,0.01,no,adamw,34,7671,1.02972,0.5054,9.0
4,1024,0.0,silu,0.008,512,1,2,15,120,0.01,no,adamw,34,7671,1.18147,0.009,11.8
3,1024,0.1,silu,0.005,256,1,2,15,120,0.01,no,adamw,34,7671,0.71497,0.369,15.8
4,512,0.0,gelu,0.005,512,1,2,15,120,0.01,no,adamw,34,7671,0.92044,0.4511,12.4
3,512,0.1,gelu,0.005,256,1,2,15,120,0.01,layernorm,adamw,34,7671,0.8343,0.3889,30.6
4,512,0.1,gelu,0.003,256,1,2,15,80,0.01,layernorm,adamw,34,7671,0.73304,0.5577,22.2
4,512,0.0,silu,0.002,256,1,2,15,120,0.01,layernorm,adamw,34,7671,0.85677,0.3009,21.0
3,1024,0.1,silu,0.005,512,1,2,15,80,0.01,layernorm,adamw,34,7671,0.93297,0.4481,11.6
4,1024,0.0,gelu,0.002,256,1,2,15,120,0.01,layernorm,adamw,34,7671,0.701,0.6308,21.9
4,1024,0.1,silu,0.003,256,1,2,15,80,0.01,no,adamw,34,7671,0.84546,0.4666,11.9
3,512,0.1,silu,0.005,512,1,2,15,80,0.01,layernorm,adamw,34,7671,0.82342,0.2996,10.3
3,512,0.0,gelu,0.008,256,1,2,15,80,0.01,no,adamw,34,7671,1.04394,0.4512,14.0
4,512,0.1,gelu,0.003,512,1,2,15,120,0.01,no,adamw,34,7671,0.85097,0.2511,13.4
4,1024,0.0,gelu,0.003,512,1,2,15,80,0.01,layernorm,adamw,34,7671,0.93885,0.5698,12.8
3,512,0.1,silu,0.002,512,1,2,15,120,0.01,no,adamw,34,7671,0.9917,0.4657,14.3
4,512,0.0,silu,0.002,256,1,2,15,80,0.01,no,adamw,34,7671,0.80239,0.4871,17.3
4,512,0.1,gelu,0.005,256,1,2,15,80,0.01,layernorm,adamw,34,7671,0.74848,0.4977,27.1
3,1024,0.0,gelu,0.008,256,1,2,15,120,0.01,layernorm,adamw,34,7671,1.04727,0.4375,20.8
3,512,0.0,silu,0.005,256,1,2,15,80,0.01,layernorm,adamw,34,7671,0.94988,0.2061,14.2
4,512,0.1,gelu,0.002,512,1,2,15,120,0.01,layernorm,adamw,34,7671,0.91194,0.4881,17.3
4,512,0.0,gelu,0.002,512,1,2,15,120,0.01,layernorm,adamw,34,7671,0.72422,0.4835,10.7
3,1024,0.0,silu,0.008,512,1,2,15,80,0.01,no,adamw,34,7671,0.78241,0.4864,8.6
4,512,0.1,silu,0.003,512,1,2,15,80,0.01,layernorm,adamw,34,7671,0.82749,0.4764,11.4
4,512,0.1,gelu,0.003,512,1,2,15,120,0.01,layernorm,adamw,34,7671,1.02198,0.6959,17.7
4,512,0.0,silu,0.003,512,1,2,15,120,0.01,layernorm,adamw,34,7671,0.7244,0.5193,14.7
4,1024,0.1,silu,0.008,256,1,2,15,120,0.01,layernorm,adamw,34,7671,0.68779,0.6235,31.0
3,1024,0.1,gelu,0.008,256,1,2,15,80,0.01,layernorm,adamw,34,7671,0.90135,0.5018,20.3
3,1024,0.1,gelu,0.008,256,1,2,15,80,0.01,no,adamw,34,7671,0.96668,0.3298,17.2
4,1024,0.1,silu,0.002,512,1,2,15,120,0.01,no,adamw,34,7671,0.9656,0.6159,12.9
3,512,0.0,gelu,0.008,256,1,2,15,120,0.01,layernorm,adamw,34,7671,0.97242,0.5791,19.3
3,512,0.1,gelu,0.003,256,1,2,15,80,0.01,no,adamw,34,7671,1.00458,0.5102,14.3
4,1024,0.0,silu,0.008,512,1,2,15,120,0.01,layernorm,adamw,34,7671,0.98883,0.4475,15.6
3,512,0.0,gelu,0.002,256,1,2,15,120,0.01,no,adamw,34,7671,0.98173,0.4432,23.6
4,1024,0.1,gelu,0.002,512,1,2,15,80,0.01,layernorm,adamw,34,7671,0.75293,0.5983,9.9
3,1024,0.0,silu,0.002,256,1,2,15,120,0.01,layernorm,adamw,34,7671,0.81023,0.4688,16.0
4,512,0.1,silu,0.003,512,1,2,15,80,0.01,no,adamw,34,7671,0.83877,0.5083,8.9
4,512,0.0,gelu,0.002,256,1,2,15,120,0.01,layernorm,adamw,34,7671,0.75789,0.4848,25.2
3,1024,0.1,gelu,0.002,512,1,2,15,80,0.01,layernorm,adamw,34,7671,0.79261,0.3184,9.9
4,512,0.1,gelu,0.003,256,1,2,15,120,0.01,no,adamw,34,7671,0.82173,0.5709,27.6
4,512,0.1,silu,0.008,256,1,2,15,120,0.01,no,adamw,34,7671,0.79183,0.5764,26.4
3,1024,0.1,gelu,0.002,256,1,2,15,120,0.01,layernorm,adamw,34,7671,0.86404,0.5268,27.5
4,512,0.1,silu,0.005,256,1,2,15,120,0.01,no,adamw,34,7671,0.76399,0.1228,23.1
3,1024,0.0,gelu,0.002,256,1,2,15,120,0.01,layernorm,adamw,34,7671,0.88041,0.3799,23.2
4,1024,0.1,silu,0.008,512,1,2,15,80,0.01,no,adamw,34,7671,1.19711,0.2313,8.2
4,512,0.1,silu,0.005,256,1,2,15,80,0.01,layernorm,adamw,34,7671,0.79305,0.5473,25.8
4,512,0.0,silu,0.005,512,1,2,15,120,0.01,layernorm,adamw,34,7671,0.83929,0.4831,15.1
4,1024,0.0,gelu,0.005,512,1,2,15,120,0.01,layernorm,adamw,34,7671,0.7609,0.4527,17.5
4,512,0.0,silu,0.005,256,1,2,15,120,0.01,no,adamw,34,7671,0.66102,0.6965,23.1
3,1024,0.1,gelu,0.002,256,1,2,15,80,0.01,layernorm,adamw,34,7671,0.89803,0.5129,18.2
4,512,0.1,gelu,0.005,512,1,2,15,120,0.01,layernorm,adamw,34,7671,0.72691,0.6946,14.5
3,512,0.0,silu,0.002,256,1,2,15,80,0.01,no,adamw,34,7671,1.10693,0.1269,16.2
3,512,0.0,silu,0.008,512,1,2,15,120,0.01,layernorm,adamw,34,7671,0.75618,0.5399,15.1
3,1024,0.1,gelu,0.003,256,1,2,15,120,0.01,layernorm,adamw,34,7671,0.78634,0.6683,23.5
4,1024,0.1,gelu,0.008,512,1,2,15,80,0.01,no,adamw,34,7671,1.26585,0.1096,8.2
4,512,0.1,silu,0.008,512,1,2,15,80,0.01,no,adamw,34,7671,0.74312,0.3019,9.2
3,1024,0.0,gelu,0.005,256,1,2,15,80,0.01,no,adamw,34,7671,0.8489,0.261,13.0
4,1024,0.1,gelu,0.002,256,1,2,15,120,0.01,layernorm,adamw,34,7671,0.71928,0.4626,33.2
3,1024,0.1,silu,0.002,512,1,2,15,80,0.01,no,adamw,34,7671,0.89849,0.4345,9.7
4,1024,0.1,gelu,0.008,512,1,3,15,80,0.01,layernorm,adamw,36,7671,0.79984,0.5843,9.8
4,1024,0.1,gelu,0.002,256,1,3,15,120,0.01,layernorm,adamw,36,7671,0.82082,0.5023,29.3
4,512,0.0,gelu,0.002,256,1,3,15,120,0.01,no,adamw,36,7671,1.15208,0.4624,26.7
3,1024,0.0,silu,0.003,512,1,3,15,120,0.01,no,adamw,36,7671,1.06469,0.4721,11.4
4,512,0.1,silu,0.008,256,1,3,15,120,0.01,layernorm,adamw,36,7671,0.69593,0.4721,33.9
4,512,0.0,gelu,0.008,256,1,3,15,120,0.01,no,adamw,36,7671,1.02289,0.4317,21.7
3,1024,0.1,gelu,0.002,256,1,3,15,80,0.01,no,adamw,36,7671,0.95447,0.539,11.7
4,512,0.1,gelu,0.008,512,1,3,15,80,0.01,layernorm,adamw,36,7671,0.81771,0.6545,11.3
3,512,0.1,silu,0.003,512,1,3,15,120,0.01,no,adamw,36,7671,0.94157,0.5495,13.6
4,512,0.0,gelu,0.005,256,1,3,15,120,0.01,layernorm,adamw,36,7671,0.80099,0.1823,24.7
3,1024,0.1,gelu,0.008,256,1,3,15,120,0.01,no,adamw,36,7671,0.9478,0.4585,17.6
4,1024,0.0,gelu,0.002,512,1,3,15,120,0.01,no,adamw,36,7671,0.83682,0.433,10.2
3,512,0.0,silu,0.008,512,1,3,15,120,0.01,no,adamw,36,7671,0.85247,0.4586,13.1
4,512,0.0,gelu,0.005,256,1,3,15,80,0.01,no,adamw,36,7671,0.95496,0.5125,20.1
3,512,0.1,gelu,0.003,256,1,3,15,120,0.01,layernorm,adamw,36,7671,0.92375,0.1664,38.3
4,512,0.1,silu,0.003,512,1,3,15,120,0.01,no,adamw,36,7671,0.83973,0.2142,13.4
4,1024,0.1,gelu,0.003,256,1,3,15,80,0.01,layernorm,adamw,36,7671,0.75196,0.583,25.4
3,512,0.1,silu,0.008,512,1,3,15,120,0.01,no,adamw,36,7671,0.8909,0.3757,13.6
4,1024,0.0,silu,0.003,512,1,3,15,80,0.01,no,adamw,36,7671,0.84256,0.3887,11.3
4,1024,0.0,gelu,0.002,512,1,3,15,80,0.01,layernorm,adamw,36,7671,0.8682,0.4946,13.3
3,1024,0.0,gelu,0.002,256,1,3,15,80,0.01,layernorm,adamw,36,7671,0.8148,0.3234,12.8
3,1024,0.1,gelu,0.008,512,1,3,15,80,0.01,no,adamw,36,7671,0.9968,0.3702,7.6
3,1024,0.0,gelu,0.003,512,1,3,15,120,0.01,layernorm,adamw,36,7671,1.0108,0.4519,18.4
4,1024,0.1,gelu,0.008,256,1,3,15,80,0.01,layernorm,adamw,36,7671,0.80501,0.4492,22.1
3,1024,0.0,silu,0.005,512,1,3,15,80,0.01,layernorm,adamw,36,7671,1.04398,0.0843,13.3
4,512,0.1,silu,0.003,256,1,3,15,80,0.01,no,adamw,36,7671,0.77874,0.4103,18.9
3,512,0.0,gelu,0.002,512,1,3,15,120,0.01,layernorm,adamw,36,7671,0.97962,0.1755,12.1
4,512,0.1,silu,0.008,256,1,3,15,80,0.01,no,adamw,36,7671,0.95088,0.1986,15.0
3,1024,0.1,silu,0.002,512,1,3,15,120,0.01,layernorm,adamw,36,7671,0.84247,0.3859,15.0
3,512,0.0,silu,0.008,512,1,3,15,120,0.01,layernorm,adamw,36,7671,1.04404,0.6662,15.0
3,1024,0.1,silu,0.005,512,1,3,15,80,0.01,no,adamw,36,7671,0.81644,0.495,11.8
3,1024,0.0,gelu,0.003,256,1,3,15,80,0.01,no,adamw,36,7671,1.02095,0.419,13.9
4,512,0.0,gelu,0.005,256,1,3,15,80,0.01,layernorm,adamw,36,7671,0.74347,0.4112,15.2
4,512,0.1,silu,0.002,256,1,3,15,80,0.01,no,adamw,36,7671,0.8039,0.4933,14.6
3,512,0.1,gelu,0.003,256,1,3,15,80,0.01,layernorm,adamw,36,7671,0.80929,0.5557,23.2
3,512,0.0,gelu,0.002,512,1,3,15,120,0.01,no,adamw,36,7671,1.08965,0.0922,11.3
4,1024,0.0,gelu,0.002,256,1,3,15,80,0.01,no,adamw,36,7671,0.90498,0.4545,14.4
4,512,0.1,gelu,0.005,256,1,3,15,120,0.01,layernorm,adamw,36,7671,0.81162,0.5463,44.1
3,512,0.0,silu,0.002,512,1,3,15,80,0.01,layernorm,adamw,36,7671,0.93907,0.453,8.6
4,512,0.0,gelu,0.005,512,1,3,15,80,0.01,no,adamw,36,7671,0.93288,0.5903,8.7
4,1024,0.0,gelu,0.003,512,1,3,15,120,0.01,no,adamw,36,7671,1.06014,0.3308,12.2
4,512,0.1,silu,0.002,512,1,3,15,120,0.01,no,adamw,36,7671,0.8104,0.732,15.9
3,512,0.1,gelu,0.008,256,1,3,15,80,0.01,no,adamw,36,7671,1.06479,0.3681,15.1
4,1024,0.1,gelu,0.003,256,1,3,15,80,0.01,no,adamw,36,7671,0.93034,0.5585,12.9
4,512,0.0,gelu,0.003,256,1,3,15,120,0.01,layernorm,adamw,36,7671,0.80839,0.4753,19.5
3,512,0.1,gelu,0.003,512,1,3,15,120,0.01,layernorm,adamw,36,7671,0.84185,0.4573,16.4
4,1024,0.0,silu,0.002,256,1,3,15,120,0.01,no,adamw,36,7671,0.75322,0.5699,22.8
4,512,0.0,silu,0.008,512,1,3,15,80,0.01,layernorm,adamw,36,7671,0.94727,0.3254,7.5
3,512,0.1,silu,0.003,256,1,3,15,80,0.01,no,adamw,36,7671,0.94255,0.6457,15.9
3,1024,0.0,gelu,0.008,512,1,3,15,80,0.01,no,adamw,36,7671,1.2874,0.0433,6.8
4,512,0.1,gelu,0.002,256,1,3,15,80,0.01,no,adamw,36,7671,0.78589,0.5126,15.2
4,512,0.0,silu,0.005,256,1,3,15,80,0.01,no,adamw,36,7671,0.87809,0.663,16.8
3,1024,0.0,gelu,0.002,256,1,3,15,120,0.01,no,adamw,36,7671,0.83753,0.4731,14.7
4,512,0.0,silu,0.005,512,1,3,15,80,0.01,layernorm,adamw,36,7671,0.88316,0.4934,8.1
4,1024,0.0,silu,0.005,256,1,3,15,80,0.01,no,adamw,36,7671,0.87587,0.3435,13.7
3,1024,0.0,gelu,0.005,512,1,3,15,120,0.01,layernorm,adamw,36,7671,0.97444,0.6558,15.5
4,512,0.1,silu,0.005,512,1,3,15,120,0.01,no,adamw,36,7671,0.81519,0.6281,12.9
3,512,0.1,gelu,0.002,512,1,3,15,80,0.01,layernorm,adamw,36,7671,1.09269,0.3413,10.5
3,512,0.0,silu,0.002,256,1,3,15,120,0.01,no,adamw,36,7671,0.93148,0.6552,21.0
4,1024,0.1,silu,0.003,256,1,3,15,120,0.01,no,adamw,36,7671,0.87106,0.354,19.3
3,1024,0.0,gelu,0.003,512,1,3,15,80,0.01,layernorm,adamw,36,7671,1.08637,0.1567,10.2
4,512,0.1,gelu,0.002,256,1,3,15,80,0.01,layernorm,adamw,36,7671,0.93483,0.51,21.3
3,1024,0.1,gelu,0.003,256,1,3,15,120,0.01,no,adamw,36,7671,0.91079,0.3502,19.6
4,512,0.1,silu,0.005,256,1,3,15,80,0.01,layernorm,adamw,36,7671,0.89272,0.5619,23.0
4,1024,0.0,gelu,0.002,512,1,5,15,80,0.01,no,adamw,40,7671,0.97224,0.514,9.2
4,1024,0.0,gelu,0.002,512,1,5,15,80,0.01,layernorm,adamw,40,7671,0.79777,0.2526,9.5
4,512,0.0,silu,0.002,512,1,5,15,120,0.01,no,adamw,40,7671,1.06711,0.0447,10.8
4,512,0.0,gelu,0.002,512,1,5,15,120,0.01,no,adamw,40,7671,0.94441,0.7247,10.4
4,1024,0.1,gelu,0.005,512,1,5,15,120,0.01,layernorm,adamw,40,7671,0.97248,0.0765,13.1
4,1024,0.0,silu,0.002,512,1,5,15,80,0.01,no,adamw,40,7671,0.92943,0.5519,10.1
3,1024,0.1,gelu,0.002,512,1,5,15,120,0.01,layernorm,adamw,40,7671,0.90871,0.265,13.2
3,1024,0.1,gelu,0.005,256,1,5,15,120,0.01,no,adamw,40,7671,0.96281,0.2179,18.8
3,1024,0.1,gelu,0.002,256,1,5,15,120,0.01,no,adamw,40,7671,0.8371,0.3339,19.6
3,1024,0.1,silu,0.003,512,1,5,15,120,0.01,no,adamw,40,7671,0.87947,0.3942,13.8
4,512,0.1,gelu,0.002,512,1,5,15,80,0.01,no,adamw,40,7671,0.71874,0.3327,7.3
3,512,0.1,silu,0.008,256,1,5,15,120,0.01,no,adamw,40,7671,0.88983,0.2734,19.8
3,1024,0.0,gelu,0.008,256,1,5,15,80,0.01,layernorm,adamw,40,7671,0.92934,0.5459,16.2
3,1024,0.1,silu,0.008,512,1,5,15,120,0.01,no,adamw,40,7671,0.98794,0.5521,12.2
4,1024,0.1,silu,0.003,256,1,5,15,80,0.01,no,adamw,40,7671,0.98849,0.4443,13.4
3,1024,0.1,silu,0.005,512,1,5,15,120,0.01,layernorm,adamw,40,7671,0.86626,0.4227,15.3
4,512,0.1,silu,0.008,512,1,5,15,120,0.01,layernorm,adamw,40,7671,0.80864,0.2768,18.7
4,512,0.0,silu,0.003,512,1,5,15,120,0.01,no,adamw,40,7671,1.09623,0.4765,15.3
4,512,0.1,silu,0.002,256,1,5,15,80,0.01,no,adamw,40,7671,0.81075,0.5662,20.5
4,1024,0.0,gelu,0.002,256,1,5,15,80,0.01,no,adamw,40,7671,1.01767,0.6311,14.7
4,1024,0.1,silu,0.005,256,1,5,15,80,0.01,no,adamw,40,7671,0.81106,0.2467,13.9
4,512,0.0,gelu,0.008,256,1,5,15,80,0.01,layernorm,adamw,40,7671,0.9278,0.4379,17.0
3,1024,0.0,silu,0.002,512,1,5,15,120,0.01,no,adamw,40,7671,1.02041,0.6781,11.1
4,1024,0.0,gelu,0.005,256,1,5,15,120,0.01,no,adamw,40,7671,1.19196,0.004,19.9
4,512,0.0,silu,0.005,512,1,5,15,80,0.01,layernorm,adamw,40,7671,1.06014,0.4801,9.3
3,512,0.0,gelu,0.003,256,1,5,15,120,0.01,layernorm,adamw,40,7671,0.82709,0.4792,20.8
3,1024,0.1,gelu,0.005,256,1,5,15,80,0.01,no,adamw,40,7671,0.91156,0.1752,11.4
4,1024,0.1,silu,0.008,256,1,5,15,120,0.01,no,adamw,40,7671,0.91996,0.235,21.9
3,512,0.0,gelu,0.002,512,1,5,15,120,0.01,no,adamw,40,7671,1.04791,0.6289,12.2
4,512,0.1,silu,0.003,256,1,5,15,80,0.01,no,adamw,40,7671,0.80124,0.5622,15.2
3,1024,0.1,silu,0.003,512,1,5,15,80,0.01,no,adamw,40,7671,0.89092,0.466,8.7
4,512,0.0,gelu,0.003,512,1,5,15,120,0.01,layernorm,adamw,40,7671,1.01047,0.5526,12.6
3,1024,0.1,gelu,0.005,512,1,5,15,120,0.01,layernorm,adamw,40,7671,0.93767,0.4255,13.3
4,1024,0.1,silu,0.005,256,1,5,15,120,0.01,no,adamw,40,7671,1.02631,0.5119,20.3
4,1024,0.1,silu,0.002,512,1,5,15,80,0.01,layernorm,adamw,40,7671,0.81706,0.4237,10.1
4,1024,0.0,silu,0.005,512,1,5,15,80,0.01,no,adamw,40,7671,0.97183,0.4858,6.9
4,1024,0.1,silu,0.005,512,1,5,15,120,0.01,layernorm,adamw,40,7671,0.80385,0.4429,13.9
3,1024,0.0,gelu,0.002,256,1,5,15,120,0.01,no,adamw,40,7671,0.95746,0.4416,19.7
4,512,0.0,gelu,0.002,256,1,5,15,120,0.01,layernorm,adamw,40,7671,0.7851,0.6286,17.8
4,512,0.1,silu,0.002,512,1,5,15,80,0.01,layernorm,adamw,40,7671,0.98406,0.3537,12.0
4,512,0.0,silu,0.002,256,1,5,15,120,0.01,layernorm,adamw,40,7671,0.8254,0.5962,24.8
4,1024,0.1,gelu,0.005,256,1,5,15,120,0.01,layernorm,adamw,40,7671,0.87516,0.5037,32.5
3,1024,0.1,silu,0.005,256,1,5,15,80,0.01,no,adamw,40,7671,0.86868,0.4316,13.7
4,1024,0.0,gelu,0.008,512,1,5,15,80,0.01,layernorm,adamw,40,7671,0.90835,0.2933,11.0
4,512,0.0,gelu,0.002,512,1,5,15,80,0.01,layernorm,adamw,40,7671,0.90217,0.575,6.9
4,512,0.0,silu,0.002,256,1,5,15,80,0.01,no,adamw,40,7671,0.89151,0.3696,17.9
4,1024,0.0,gelu,0.008,512,1,5,15,80,0.01,no,adamw,40,7671,0.90778,0.3737,8.5
3,1024,0.0,gelu,0.003,256,1,5,15,120,0.01,no,adamw,40,7671,1.00081,0.3209,21.5
4,1024,0.1,silu,0.005,512,1,5,15,80,0.01,layernorm,adamw,40,7671,0.94089,0.2351,9.7
4,1024,0.0,gelu,0.002,256,1,5,15,120,0.01,no,adamw,40,7671,1.0113,0.2003,20.2
3,1024,0.1,gelu,0.003,256,1,5,15,120,0.01,layernorm,adamw,40,7671,0.85416,0.3497,28.8
3,1024,0.0,gelu,0.002,256,1,5,15,80,0.01,no,adamw,40,7671,0.98918,0.447,13.5
3,1024,0.0,silu,0.003,256,1,5,15,120,0.01,no,adamw,40,7671,0.88382,0.7167,20.1
4,1024,0.0,silu,0.005,512,1,5,15,120,0.01,layernorm,adamw,40,7671,0.93899,0.4106,18.3
3,512,0.1,gelu,0.005,512,1,5,15,80,0.01,layernorm,adamw,40,7671,0.80483,0.2691,11.0
4,512,0.1,gelu,0.008,512,1,5,15,120,0.01,layernorm,adamw,40,7671,0.79181,0.6158,15.6
4,512,0.0,silu,0.002,512,1,5,15,80,0.01,no,adamw,40,7671,1.15089,0.0303,9.7
3,512,0.1,gelu,0.003,512,1,5,15,80,0.01,layernorm,adamw,40,7671,0.86154,0.1715,11.0
3,512,0.0,gelu,0.005,256,1,5,15,80,0.01,no,adamw,40,7671,0.89386,0.3291,16.0
4,512,0.1,silu,0.008,256,1,5,15,120,0.01,no,adamw,40,7671,0.87847,0.1913,25.4
4,1024,0.0,gelu,0.003,512,1,5,15,80,0.01,no,adamw,40,7671,0.98923,0.5049,10.3
3,1024,0.0,gelu,0.002,512,1,5,15,120,0.01,no,adamw,40,7671,0.92691,0.4991,11.3
4,1024,0.0,gelu,0.005,512,1,5,15,80,0.01,layernorm,adamw,40,7671,0.88984,0.3553,10.5
3,512,0.1,gelu,0.005,512,1,5,15,80,0.01,no,adamw,40,7671,1.0003,0.2416,7.3
3,1024,0.1,silu,0.008,512,2,2,15,120,0.01,layernorm,adamw,44,7671,0.84241,0.5904,11.8
4,1024,0.0,gelu,0.005,512,2,2,15,120,0.01,layernorm,adamw,44,7671,0.8506,0.617,12.6
4,1024,0.0,gelu,0.002,256,2,2,15,80,0.01,no,adamw,44,7671,0.83223,0.61,12.6
4,512,0.0,silu,0.008,256,2,2,15,120,0.01,layernorm,adamw,44,7671,0.7121,0.5648,20.9
3,1024,0.1,silu,0.002,512,2,2,15,80,0.01,layernorm,adamw,44,7671,0.82179,0.4693,8.4
4,1024,0.1,gelu,0.005,256,2,2,15,120,0.01,no,adamw,44,7671,0.95061,0.0363,20.0
4,512,0.1,silu,0.005,256,2,2,15,120,0.01,no,adamw,44,7671,0.71953,0.4546,21.3
3,512,0.1,gelu,0.003,256,2,2,15,120,0.01,layernorm,adamw,44,7671,0.68261,0.313,34.7
3,1024,0.1,gelu,0.003,256,2,2,15,80,0.01,layernorm,adamw,44,7671,0.8291,0.4866,18.8
3,512,0.0,silu,0.002,256,2,2,15,80,0.01,layernorm,adamw,44,7671,0.85794,0.3284,13.9
3,512,0.0,silu,0.005,256,2,2,15,80,0.01,layernorm,adamw,44,7671,0.78228,0.5533,12.8
3,1024,0.1,silu,0.008,256,2,2,15,120,0.01,layernorm,adamw,44,7671,0.69962,0.4553,24.9
4,1024,0.0,gelu,0.003,512,2,2,15,120,0.01,layernorm,adamw,44,7671,0.7479,0.4865,17.9
3,1024,0.0,gelu,0.008,512,2,2,15,80,0.01,layernorm,adamw,44,7671,0.94541,0.4398,12.3
3,512,0.0,silu,0.003,512,2,2,15,80,0.01,layernorm,adamw,44,7671,0.95343,0.1294,9.1
3,512,0.1,gelu,0.003,256,2,2,15,80,0.01,no,adamw,44,7671,0.88706,0.5276,14.6
4,1024,0.0,gelu,0.008,512,2,2,15,80,0.01,no,adamw,44,7671,1.05779,0.1528,8.0
4,512,0.0,gelu,0.008,512,2,2,15,80,0.01,layernorm,adamw,44,7671,0.84144,0.1173,8.0
3,512,0.0,gelu,0.008,512,2,2,15,120,0.01,no,adamw,44,7671,0.90404,0.3176,11.5
3,1024,0.1,silu,0.008,256,2,2,15,80,0.01,no,adamw,44,7671,0.85077,0.3734,12.6
4,512,0.1,silu,0.005,512,2,2,15,120,0.01,layernorm,adamw,44,7671,0.72875,0.5267,17.5
4,512,0.0,gelu,0.003,512,2,2,15,80,0.01,no,adamw,44,7671,0.77136,0.3118,8.4
3,512,0.0,silu,0.002,256,2,2,15,120,0.01,layernorm,adamw,44,7671,0.83138,0.5021,21.5
4,1024,0.1,silu,0.008,512,2,2,15,80,0.01,no,adamw,44,7671,1.19858,0.0051,14.8
4,1024,0.0,silu,0.003,256,2,2,15,120,0.01,no,adamw,44,7671,0.70059,0.519,23.1
3,1024,0.0,gelu,0.005,512,2,2,15,120,0.01,layernorm,adamw,44,7671,0.91879,0.5212,14.7
3,1024,0.0,silu,0.008,256,2,2,15,80,0.01,no,adamw,44,7671,0.8335,0.3768,12.7
3,512,0.1,silu,0.002,512,2,2,15,80,0.01,layernorm,adamw,44,7671,0.81946,0.275,13.0
3,1024,0.0,gelu,0.008,512,2,2,15,120,0.01,no,adamw,44,7671,0.91259,0.2538,11.7
4,1024,0.1,gelu,0.008,256,2,2,15,80,0.01,layernorm,adamw,44,7671,0.71789,0.5697,16.2
4,1024,0.1,gelu,0.002,256,2,2,15,120,0.01,layernorm,adamw,44,7671,0.77671,0.4575,24.5
3,512,0.0,silu,0.005,256,2,2,15,120,0.01,no,adamw,44,7671,0.65589,0.4064,28.3
4,512,0.0,gelu,0.003,512,2,2,15,120,0.01,no,adamw,44,7671,0.90791,0.4986,12.4
4,512,0.0,gelu,0.002,256,2,2,15,80,0.01,layernorm,adamw,44,7671,0.82712,0.4305,17.2
4,512,0.1,gelu,0.003,512,2,2,15,120,0.01,no,adamw,44,7671,0.8185,0.4365,15.5
4,512,0.0,silu,0.003,256,2,2,15,80,0.01,layernorm,adamw,44,7671,0.76003,0.5054,13.3
4,1024,0.1,gelu,0.002,256,2,2,15,80,0.01,layernorm,adamw,44,7671,0.73552,0.5015,19.6
3,512,0.1,silu,0.008,512,2,2,15,80,0.01,layernorm,adamw,44,7671,0.79269,0.4532,11.8
4,512,0.0,gelu,0.003,256,2,2,15,120,0.01,no,adamw,44,7671,0.66296,0.5182,26.8
3,1024,0.1,silu,0.008,256,2,2,15,80,0.01,layernorm,adamw,44,7671,0.70299,0.5323,16.5
4,1024,0.0,gelu,0.003,256,2,2,15,80,0.01,no,adamw,44,7671,0.80575,0.5168,14.7
4,512,0.1,silu,0.008,256,2,2,15,120,0.01,no,adamw,44,7671,0.94151,0.377,24.0
3,512,0.0,gelu,0.008,512,2,2,15,120,0.01,layernorm,adamw,44,7671,0.74043,0.4648,13.6
4,512,0.0,silu,0.003,512,2,2,15,120,0.01,no,adamw,44,7671,1.01278,0.1252,14.0
4,512,0.0,silu,0.005,512,2,2,15,120,0.01,no,adamw,44,7671,0.77691,0.459,14.5
3,1024,0.0,gelu,0.008,256,2,2,15,120,0.01,no,adamw,44,7671,0.78962,0.3395,21.2
3,512,0.0,gelu,0.002,512,2,2,15,120,0.01,no,adamw,44,7671,0.90507,0.4357,12.4
3,512,0.0,silu,0.008,512,2,2,15,120,0.01,layernorm,adamw,44,7671,0.76066,0.5027,10.7
4,512,0.1,gelu,0.005,256,2,2,15,120,0.01,no,adamw,44,7671,0.88274,0.3303,23.6
4,1024,0.0,gelu,0.008,512,2,2,15,120,0.01,layernorm,adamw,44,7671,0.85915,0.4387,18.9
3,512,0.1,gelu,0.005,512,2,2,15,80,0.01,layernorm,adamw,44,7671,0.8517,0.5818,12.3
4,1024,0.1,gelu,0.003,256,2,2,15,80,0.01,no,adamw,44,7671,0.73319,0.2835,15.8
4,512,0.1,gelu,0.005,256,2,2,15,120,0.01,layernorm,adamw,44,7671,0.70594,0.3356,38.9
4,1024,0.1,gelu,0.005,256,2,2,15,120,0.01,layernorm,adamw,44,7671,0.67791,0.5919,25.5
3,512,0.0,silu,0.003,256,2,2,15,80,0.01,no,adamw,44,7671,0.9021,0.4686,20.8
3,1024,0.0,silu,0.003,256,2,2,15,80,0.01,layernorm,adamw,44,7671,0.85602,0.4573,18.5
4,1024,0.1,silu,0.002,512,2,2,15,120,0.01,layernorm,adamw,44,7671,0.75503,0.5474,17.0
4,1024,0.1,gelu,0.003,512,2,2,15,80,0.01,no,adamw,44,7671,0.79309,0.2631,9.0
4,512,0.0,silu,0.002,512,2,2,15,80,0.01,layernorm,adamw,44,7671,0.82364,0.3387,9.1
3,1024,0.1,silu,0.005,512,2,2,15,80,0.01,no,adamw,44,7671,0.78838,0.3965,9.3
3,512,0.1,silu,0.003,256,2,2,15,80,0.01,no,adamw,44,7671,0.83772,0.5991,13.5
3,512,0.1,gelu,0.003,256,2,2,15,80,0.01,layernorm,adamw,44,7671,0.87029,0.6218,23.6
4,1024,0.1,gelu,0.008,512,2,2,15,80,0.01,layernorm,adamw,44,7671,0.72797,0.5334,10.3
3,1024,0.0,gelu,0.002,512,2,2,15,120,0.01,layernorm,adamw,44,7671,0.87043,0.4554,17.2
3,512,0.0,silu,0.002,256,2,3,15,120,0.01,no,adamw,46,7671,0.9473,0.6539,21.7
3,512,0.0,silu,0.002,512,2,3,15,80,0.01,no,adamw,46,7671,1.01417,0.5802,7.9
3,512,0.0,gelu,0.008,512,2,3,15,80,0.01,layernorm,adamw,46,7671,0.91142,0.4089,8.7
4,512,0.0,silu,0.002,512,2,3,15,80,0.01,no,adamw,46,7671,0.81766,0.5566,8.7
3,1024,0.1,gelu,0.005,512,2,3,15,120,0.01,layernorm,adamw,46,7671,0.82941,0.4979,10.9
3,512,0.0,gelu,0.002,512,2,3,15,120,0.01,no,adamw,46,7671,1.08117,0.4704,12.2
3,512,0.1,silu,0.002,512,2,3,15,120,0.01,layernorm,adamw,46,7671,0.90234,0.365,17.5
4,1024,0.1,silu,0.005,512,2,3,15,80,0.01,no,adamw,46,7671,0.75064,0.5725,8.4
4,512,0.1,silu,0.003,512,2,3,15,80,0.01,layernorm,adamw,46,7671,0.84345,0.5246,10.0
3,1024,0.1,silu,0.003,256,2,3,15,120,0.01,no,adamw,46,7671,0.78175,0.4445,17.5
4,512,0.0,gelu,0.008,256,2,3,15,80,0.01,no,adamw,46,7671,1.00516,0.155,18.2
4,512,0.0,silu,0.002,512,2,3,15,120,0.01,no,adamw,46,7671,1.02629,0.0733,13.1
4,512,0.1,gelu,0.002,256,2,3,15,80,0.01,no,adamw,46,7671,0.77054,0.4463,15.7
3,1024,0.1,gelu,0.008,256,2,3,15,120,0.01,no,adamw,46,7671,0.96389,0.2923,18.6
4,1024,0.1,gelu,0.008,256,2,3,15,80,0.01,layernorm,adamw,46,7671,0.79046,0.4936,23.2
3,1024,0.0,gelu,0.008,256,2,3,15,120,0.01,no,adamw,46,7671,0.89616,0.2388,22.3
3,512,0.1,silu,0.002,512,2,3,15,80,0.01,no,adamw,46,7671,0.98541,0.3912,11.1
4,512,0.1,silu,0.003,512,2,3,15,80,0.01,no,adamw,46,7671,0.99431,0.1652,9.9
3,512,0.1,silu,0.005,512,2,3,15,80,0.01,no,adamw,46,7671,0.8178,0.3148,9.0
3,1024,0.0,silu,0.005,256,2,3,15,120,0.01,no,adamw,46,7671,0.89773,0.4465,17.6
4,512,0.0,gelu,0.005,256,2,3,15,120,0.01,layernorm,adamw,46,7671,0.82535,0.4781,22.3
3,1024,0.1,gelu,0.008,512,2,3,15,120,0.01,layernorm,adamw,46,7671,0.76864,0.5388,12.2
3,1024,0.0,gelu,0.005,512,2,3,15,80,0.01,no,adamw,46,7671,0.92494,0.3342,10.6
4,1024,0.1,silu,0.005,256,2,3,15,120,0.01,layernorm,adamw,46,7671,0.63096,0.6645,31.1
3,1024,0.1,gelu,0.005,256,2,3,15,120,0.01,no,adamw,46,7671,1.05577,0.3942,21.6
4,1024,0.1,gelu,0.002,512,2,3,15,120,0.01,layernorm,adamw,46,7671,0.80313,0.4281,14.3
4,512,0.1,silu,0.008,256,2,3,15,120,0.01,layernorm,adamw,46,7671,0.85182,0.4929,31.0
4,512,0.0,gelu,0.002,512,2,3,15,120,0.01,layernorm,adamw,46,7671,0.74607,0.4423,8.6
4,512,0.1,silu,0.008,512,2,3,15,120,0.01,no,adamw,46,7671,0.76087,0.3441,13.7
3,1024,0.0,silu,0.008,512,2,3,15,80,0.01,layernorm,adamw,46,7671,0.97475,0.4614,9.9
3,512,0.1,silu,0.008,512,2,3,15,80,0.01,layernorm,adamw,46,7671,0.83286,0.4534,9.9
3,512,0.1,gelu,0.002,512,2,3,15,80,0.01,no,adamw,46,7671,0.8367,0.2652,7.7
4,1024,0.0,silu,0.008,512,2,3,15,120,0.01,layernorm,adamw,46,7671,0.80761,0.174,16.8
4,512,0.0,silu,0.008,256,2,3,15,80,0.01,layernorm,adamw,46,7671,0.76661,0.4668,16.2
3,512,0.1,silu,0.003,256,2,3,15,80,0.01,no,adamw,46,7671,0.79067,0.4853,16.1
3,512,0.1,gelu,0.002,256,2,3,15,120,0.01,layernorm,adamw,46,7671,0.8439,0.4477,38.7
3,1024,0.1,silu,0.005,512,2,3,15,120,0.01,layernorm,adamw,46,7671,0.75028,0.5671,18.5
3,512,0.1,gelu,0.002,256,2,3,15,80,0.01,no,adamw,46,7671,0.80913,0.4789,14.7
4,1024,0.0,gelu,0.003,256,2,3,15,80,0.01,layernorm,adamw,46,7671,0.83729,0.4237,15.0
4,512,0.1,gelu,0.002,512,2,3,15,120,0.01,layernorm,adamw,46,7671,0.75373,0.5016,17.2
4,1024,0.0,silu,0.005,256,2,3,15,120,0.01,no,adamw,46,7671,0.96778,0.6185,19.7
4,1024,0.0,gelu,0.003,512,2,3,15,120,0.01,no,adamw,46,7671,0.70595,0.3997,11.0
3,1024,0.1,silu,0.005,512,2,3,15,120,0.01,no,adamw,46,7671,0.83768,0.3695,13.5
3,1024,0.1,silu,0.002,256,2,3,15,120,0.01,layernorm,adamw,46,7671,0.77548,0.6394,21.6
3,1024,0.1,silu,0.008,256,2,3,15,80,0.01,no,adamw,46,7671,0.77101,0.3548,13.2
4,1024,0.0,silu,0.008,256,2,3,15,120,0.01,no,adamw,46,7671,1.08224,0.0125,19.1
3,1024,0.0,gelu,0.005,512,2,3,15,120,0.01,layernorm,adamw,46,7671,0.85605,0.3181,16.0
3,512,0.0,gelu,0.003,256,2,3,15,120,0.01,no,adamw,46,7671,0.91823,0.4529,27.2
4,1024,0.0,gelu,0.005,512,2,3,15,80,0.01,no,adamw,46,7671,1.00507,0.3517,10.1
3,512,0.0,silu,0.005,512,2,3,15,120,0.01,no,adamw,46,7671,0.88499,0.4481,14.2
3,512,0.1,gelu,0.002,512,2,3,15,80,0.01,layernorm,adamw,46,7671,0.86464,0.3666,9.9
3,512,0.1,gelu,0.003,256,2,3,15,120,0.01,layernorm,adamw,46,7671,0.76402,0.4104,38.8
3,1024,0.1,gelu,0.003,256,2,3,15,120,0.01,layernorm,adamw,46,7671,0.78029,0.495,30.9
4,512,0.1,gelu,0.005,256,2,3,15,80,0.01,no,adamw,46,7671,0.93823,0.2545,18.2
4,512,0.1,gelu,0.008,256,2,3,15,80,0.01,layernorm,adamw,46,7671,0.77431,0.443,24.5
3,1024,0.1,silu,0.003,512,2,3,15,120,0.01,layernorm,adamw,46,7671,0.80244,0.4187,15.1
3,1024,0.0,silu,0.008,256,2,3,15,80,0.01,layernorm,adamw,46,7671,0.87667,0.0919,16.6
4,1024,0.0,gelu,0.008,256,2,3,15,120,0.01,no,adamw,46,7671,0.81315,0.3609,26.6
4,512,0.1,gelu,0.005,256,2,3,15,80,0.01,layernorm,adamw,46,7671,0.68888,0.3683,25.4
3,1024,0.1,gelu,0.008,256,2,3,15,120,0.01,layernorm,adamw,46,7671,0.84253,0.5894,20.7
3,512,0.1,gelu,0.003,256,2,3,15,120,0.01,no,adamw,46,7671,0.86265,0.3646,21.4
4,512,0.0,gelu,0.002,512,2,3,15,120,0.01,no,adamw,46,7671,1.146,0.4155,11.9
4,1024,0.1,silu,0.005,256,2,3,15,120,0.01,no,adamw,46,7671,0.74852,0.2683,18.4
4,512,0.1,gelu,0.002,512,2,3,15,80,0.01,layernorm,adamw,46,7671,0.74978,0.4298,12.0
3,1024,0.1,silu,0.005,512,2,5,15,120,0.01,no,adamw,50,7671,0.81394,0.3142,12.2
4,512,0.0,silu,0.002,512,2,5,15,80,0.01,no,adamw,50,7671,0.96806,0.4692,9.3
4,512,0.0,silu,0.003,256,2,5,15,120,0.01,no,adamw,50,7671,0.8837,0.5054,29.1
4,512,0.1,gelu,0.005,512,2,5,15,80,0.01,no,adamw,50,7671,1.00917,0.65,12.3
3,512,0.1,gelu,0.002,256,2,5,15,120,0.01,no,adamw,50,7671,0.78366,0.3171,27.6
4,1024,0.1,gelu,0.008,256,2,5,15,120,0.01,layernorm,adamw,50,7671,0.74102,0.6596,29.8
4,512,0.0,gelu,0.002,256,2,5,15,80,0.01,no,adamw,50,7671,0.81405,0.6577,20.9
3,1024,0.0,silu,0.008,256,2,5,15,80,0.01,layernorm,adamw,50,7671,0.85733,0.5587,13.4
4,1024,0.1,silu,0.002,256,2,5,15,120,0.01,no,adamw,50,7671,0.84106,0.4458,19.1
4,512,0.0,silu,0.008,512,2,5,15,120,0.01,no,adamw,50,7671,0.76157,0.4294,13.4
3,512,0.1,gelu,0.002,256,2,5,15,120,0.01,layernorm,adamw,50,7671,0.811,0.6858,34.4
3,512,0.0,gelu,0.005,512,2,5,15,120,0.01,no,adamw,50,7671,0.91302,0.362,13.0
4,512,0.1,silu,0.005,512,2,5,15,120,0.01,layernorm,adamw,50,7671,0.79988,0.4406,19.4
4,1024,0.1,gelu,0.005,512,2,5,15,120,0.01,layernorm,adamw,50,7671,0.80575,0.3941,15.8
3,1024,0.0,silu,0.008,512,2,5,15,80,0.01,layernorm,adamw,50,7671,0.90962,0.2019,11.3
3,512,0.0,gelu,0.005,512,2,5,15,80,0.01,layernorm,adamw,50,7671,0.7845,0.5772,9.0
3,512,0.0,gelu,0.002,512,2,5,15,120,0.01,layernorm,adamw,50,7671,0.95707,0.4794,11.9
4,1024,0.0,gelu,0.005,256,2,5,15,120,0.01,no,adamw,50,7671,0.93864,0.5233,19.3
3,1024,0.0,gelu,0.002,512,2,5,15,80,0.01,layernorm,adamw,50,7671,0.93155,0.1355,10.3
3,1024,0.0,silu,0.003,256,2,5,15,120,0.01,layernorm,adamw,50,7671,0.77364,0.5604,20.7
4,512,0.0,gelu,0.003,512,2,5,15,80,0.01,no,adamw,50,7671,0.97312,0.5976,8.7
4,1024,0.0,silu,0.008,512,2,5,15,120,0.01,no,adamw,50,7671,0.71365,0.3164,13.4
3,1024,0.0,silu,0.005,512,2,5,15,120,0.01,no,adamw,50,7671,0.92667,0.4071,10.3
4,512,0.1,silu,0.005,256,2,5,15,80,0.01,no,adamw,50,7671,0.72873,0.1428,13.4
4,1024,0.0,gelu,0.002,512,2,5,15,120,0.01,no,adamw,50,7671,0.80143,0.4529,12.3
3,1024,0.1,silu,0.008,256,2,5,15,80,0.01,layernorm,adamw,50,7671,0.85232,0.6596,19.0
4,1024,0.1,silu,0.002,512,2,5,15,80,0.01,layernorm,adamw,50,7671,0.83317,0.5039,12.5
4,512,0.0,silu,0.002,512,2,5,15,120,0.01,layernorm,adamw,50,7671,0.87883,0.4868,14.1
3,512,0.0,gelu,0.008,256,2,5,15,120,0.01,layernorm,adamw,50,7671,0.78694,0.4629,21.2
3,1024,0.0,gelu,0.003,512,2,5,15,120,0.01,no,adamw,50,7671,0.94664,0.6078,8.0
4,512,0.0,gelu,0.003,512,2,5,15,120,0.01,layernorm,adamw,50,7671,0.98954,0.1989,10.5
3,512,0.0,gelu,0.003,512,2,5,15,120,0.01,no,adamw,50,7671,0.99497,0.3375,12.2
4,512,0.0,gelu,0.002,512,2,5,15,120,0.01,layernorm,adamw,50,7671,0.7859,0.3826,9.8
4,512,0.1,silu,0.003,512,2,5,15,120,0.01,no,adamw,50,7671,0.755,0.354,10.0
4,512,0.0,gelu,0.005,256,2,5,15,80,0.01,no,adamw,50,7671,0.97463,0.1748,13.0
3,512,0.1,silu,0.008,512,2,5,15,80,0.01,no,adamw,50,7671,0.66685,0.2873,7.2
4,1024,0.0,gelu,0.002,512,2,5,15,80,0.01,no,adamw,50,7671,0.90192,0.5784,8.0
4,512,0.0,silu,0.002,512,2,5,15,80,0.01,layernorm,adamw,50,7671,0.96647,0.501,8.8
3,512,0.1,gelu,0.008,512,2,5,15,80,0.01,layernorm,adamw,50,7671,0.87695,0.4629,11.2
4,1024,0.1,silu,0.003,256,2,5,15,120,0.01,no,adamw,50,7671,0.88446,0.5554,22.0
3,512,0.1,silu,0.002,256,2,5,15,120,0.01,layernorm,adamw,50,7671,0.78288,0.1836,34.6
4,1024,0.0,gelu,0.008,256,2,5,15,80,0.01,layernorm,adamw,50,7671,0.85543,0.5357,15.8
3,512,0.1,gelu,0.005,256,2,5,15,80,0.01,no,adamw,50,7671,0.83587,0.3863,14.9
4,512,0.1,gelu,0.002,256,2,5,15,120,0.01,no,adamw,50,7671,0.69762,0.568,22.6
3,1024,0.1,gelu,0.002,512,2,5,15,80,0.01,no,adamw,50,7671,0.89554,0.3617,10.3
4,512,0.1,silu,0.002,256,2,5,15,80,0.01,layernorm,adamw,50,7671,0.76399,0.5751,24.1
4,1024,0.1,gelu,0.003,256,2,5,15,120,0.01,layernorm,adamw,50,7671,0.78774,0.6284,25.5
3,512,0.0,gelu,0.008,256,2,5,15,120,0.01,no,adamw,50,7671,1.26422,0.3321,26.0
3,512,0.0,silu,0.008,512,2,5,15,120,0.01,no,adamw,50,7671,0.872,0.336,13.5
4,512,0.1,silu,0.008,512,2,5,15,120,0.01,no,adamw,50,7671,0.861,0.1569,13.2
3,512,0.0,silu,0.003,512,2,5,15,120,0.01,layernorm,adamw,50,7671,0.85444,0.4057,12.2
4,1024,0.0,gelu,0.008,512,2,5,15,80,0.01,no,adamw,50,7671,1.01462,0.2168,9.3
4,1024,0.1,silu,0.008,256,2,5,15,120,0.01,no,adamw,50,7671,0.86129,0.3053,19.1
4,512,0.1,silu,0.002,256,2,5,15,80,0.01,no,adamw,50,7671,0.8116,0.587,16.9
3,1024,0.1,gelu,0.005,256,2,5,15,80,0.01,no,adamw,50,7671,0.79718,0.1083,12.1
3,1024,0.1,silu,0.008,256,2,5,15,120,0.01,layernorm,adamw,50,7671,0.73195,0.3198,23.4
3,1024,0.0,gelu,0.008,512,2,5,15,80,0.01,no,adamw,50,7671,0.94392,0.281,10.1
3,512,0.1,silu,0.003,512,2,5,15,120,0.01,layernorm,adamw,50,7671,0.77423,0.4368,16.7
3,512,0.1,gelu,0.005,256,2,5,15,120,0.01,no,adamw,50,7671,0.88519,0.3371,19.8
3,512,0.0,silu,0.002,256,2,5,15,80,0.01,layernorm,adamw,50,7671,0.87137,0.3507,14.6
4,1024,0.0,gelu,0.005,512,2,5,15,80,0.01,no,adamw,50,7671,1.2263,0.5591,10.3
4,1024,0.1,silu,0.005,512,2,5,15,80,0.01,layernorm,adamw,50,7671,0.87651,0.5028,10.1
4,512,0.1,gelu,0.008,512,2,5,15,80,0.01,layernorm,adamw,50,7671,0.8715,0.0964,11.5
4,1024,0.0,silu,0.008,256,2,5,15,80,0.01,no,adamw,50,7671,1.10987,0.2369,14.4
4,1024,0.1,silu,0.002,256,3,2,15,120,0.01,no,adamw,54,7671,0.76868,0.4039,20.7
3,512,0.1,silu,0.003,512,3,2,15,120,0.01,layernorm,adamw,54,7671,0.87082,0.4488,18.0
4,1024,0.1,gelu,0.008,512,3,2,15,80,0.01,layernorm,adamw,54,7671,0.98092,0.4733,10.8
3,1024,0.1,gelu,0.002,256,3,2,15,80,0.01,layernorm,adamw,54,7671,0.87743,0.3425,17.1
4,1024,0.1,gelu,0.008,512,3,2,15,120,0.01,layernorm,adamw,54,7671,0.78028,0.587,15.0
4,1024,0.1,silu,0.005,256,3,2,15,120,0.01,layernorm,adamw,54,7671,0.66257,0.4642,29.3
4,512,0.1,silu,0.008,256,3,2,15,80,0.01,no,adamw,54,7671,0.77793,0.4224,13.1
3,1024,0.0,silu,0.005,512,3,2,15,120,0.01,layernorm,adamw,54,7671,0.78433,0.4968,16.6
3,512,0.0,gelu,0.003,512,3,2,15,80,0.01,layernorm,adamw,54,7671,0.91607,0.216,9.3
4,1024,0.0,silu,0.002,512,3,2,15,120,0.01,layernorm,adamw,54,7671,0.77907,0.7136,17.7
4,512,0.1,gelu,0.003,256,3,2,15,120,0.01,layernorm,adamw,54,7671,0.66761,0.5098,42.5
3,512,0.1,gelu,0.003,256,3,2,15,120,0.01,layernorm,adamw,54,7671,0.73409,0.7209,38.0
4,1024,0.1,silu,0.005,512,3,2,15,120,0.01,layernorm,adamw,54,7671,0.68636,0.4453,16.2
4,512,0.0,silu,0.005,512,3,2,15,80,0.01,no,adamw,54,7671,0.95934,0.4137,10.0
4,1024,0.1,silu,0.003,256,3,2,15,120,0.01,layernorm,adamw,54,7671,0.68534,0.4153,32.0
3,1024,0.1,silu,0.003,256,3,2,15,80,0.01,layernorm,adamw,54,7671,0.88563,0.2046,21.5
4,512,0.1,gelu,0.005,512,3,2,15,120,0.01,layernorm,adamw,54,7671,0.87909,0.3642,15.9
3,512,0.0,gelu,0.005,512,3,2,15,80,0.01,layernorm,adamw,54,7671,0.90202,0.2118,8.8
3,1024,0.0,gelu,0.003,512,3,2,15,120,0.01,no,adamw,54,7671,0.9094,0.3496,12.4
3,512,0.0,silu,0.005,512,3,2,15,120,0.01,layernorm,adamw,54,7671,0.88503,0.2545,14.2
3,1024,0.0,silu,0.005,256,3,2,15,80,0.01,layernorm,adamw,54,7671,0.75441,0.5063,14.5
3,512,0.1,silu,0.003,256,3,2,15,80,0.01,layernorm,adamw,54,7671,0.90001,0.646,24.2
4,1024,0.1,silu,0.008,512,3,2,15,120,0.01,layernorm,adamw,54,7671,0.79771,0.413,14.4
3,512,0.0,silu,0.003,256,3,2,15,120,0.01,layernorm,adamw,54,7671,0.8628,0.2976,18.0
3,1024,0.1,silu,0.005,256,3,2,15,120,0.01,layernorm,adamw,54,7671,0.74007,0.4631,27.3
4,1024,0.1,silu,0.005,512,3,2,15,80,0.01,layernorm,adamw,54,7671,0.73084,0.428,9.3
3,512,0.1,silu,0.003,512,3,2,15,80,0.01,no,adamw,54,7671,0.88711,0.3714,8.0
4,512,0.0,silu,0.008,256,3,2,15,120,0.01,layernorm,adamw,54,7671,0.73552,0.4168,23.7
3,512,0.0,gelu,0.002,512,3,2,15,120,0.01,no,adamw,54,7671,0.92527,0.3667,10.8
4,1024,0.1,gelu,0.005,256,3,2,15,120,0.01,no,adamw,54,7671,0.80112,0.3266,23.1
3,1024,0.1,gelu,0.003,512,3,2,15,120,0.01,layernorm,adamw,54,7671,0.88237,0.541,16.0
4,1024,0.0,gelu,0.008,512,3,2,15,80,0.01,layernorm,adamw,54,7671,0.89122,0.5568,13.1
3,512,0.0,silu,0.008,512,3,2,15,120,0.01,layernorm,adamw,54,7671,0.82381,0.634,13.5
4,512,0.1,silu,0.005,256,3,2,15,120,0.01,layernorm,adamw,54,7671,0.62265,0.361,34.7
3,1024,0.0,silu,0.008,256,3,2,15,80,0.01,layernorm,adamw,54,7671,0.82316,0.4244,15.2
4,512,0.1,gelu,0.003,256,3,2,15,80,0.01,no,adamw,54,7671,0.70015,0.5137,17.6
3,512,0.1,silu,0.002,512,3,2,15,120,0.01,layernorm,adamw,54,7671,0.90811,0.4097,12.8
4,512,0.1,silu,0.003,256,3,2,15,80,0.01,no,adamw,54,7671,0.6635,0.5862,16.8
4,512,0.1,gelu,0.002,256,3,2,15,120,0.01,no,adamw,54,7671,0.82202,0.6393,22.3
4,1024,0.0,gelu,0.002,256,3,2,15,80,0.01,no,adamw,54,7671,0.839,0.5245,12.8
3,1024,0.1,gelu,0.002,512,3,2,15,120,0.01,no,adamw,54,7671,0.79798,0.3336,11.5
4,512,0.0,silu,0.002,256,3,2,15,120,0.01,no,adamw,54,7671,0.9208,0.6862,26.8
4,512,0.1,gelu,0.008,256,3,2,15,120,0.01,layernorm,adamw,54,7671,0.75297,0.466,30.8
3,1024,0.0,silu,0.002,256,3,2,15,120,0.01,layernorm,adamw,54,7671,0.87378,0.4141,21.9
4,512,0.0,gelu,0.008,256,3,2,15,120,0.01,layernorm,adamw,54,7671,0.72766,0.3221,23.5
4,1024,0.1,gelu,0.002,256,3,2,15,80,0.01,layernorm,adamw,54,7671,0.73227,0.4421,22.0
3,1024,0.0,silu,0.005,512,3,2,15,80,0.01,layernorm,adamw,54,7671,0.76398,0.3609,12.4
3,512,0.0,silu,0.002,256,3,2,15,80,0.01,layernorm,adamw,54,7671,0.87429,0.4484,17.5
4,512,0.1,gelu,0.003,512,3,2,15,120,0.01,no,adamw,54,7671,0.90749,0.5064,12.9
3,512,0.0,silu,0.002,512,3,2,15,120,0.01,no,adamw,54,7671,1.05846,0.0745,12.5
4,512,0.1,gelu,0.008,512,3,2,15,120,0.01,layernorm,adamw,54,7671,0.69178,0.5547,13.7
4,1024,0.1,gelu,0.002,256,3,2,15,80,0.01,no,adamw,54,7671,0.81254,0.3177,17.1
3,1024,0.0,gelu,0.002,256,3,2,15,120,0.01,layernorm,adamw,54,7671,0.83851,0.2892,20.3
3,512,0.0,silu,0.008,512,3,2,15,80,0.01,no,adamw,54,7671,0.83045,0.2368,9.8
3,1024,0.0,gelu,0.003,256,3,2,15,120,0.01,layernorm,adamw,54,7671,0.82879,0.4207,18.9
3,1024,0.0,gelu,0.008,256,3,2,15,120,0.01,no,adamw,54,7671,0.87308,0.2506,14.5
3,1024,0.0,gelu,0.002,512,3,2,15,80,0.01,layernorm,adamw,54,7671,0.82944,0.379,11.0
4,1024,0.1,silu,0.008,256,3,2,15,120,0.01,layernorm,adamw,54,7671,0.69935,0.4327,31.7
4,1024,0.0,silu,0.005,512,3,2,15,120,0.01,no,adamw,54,7671,0.99374,0.5021,12.2
4,512,0.0,silu,0.005,256,3,2,15,80,0.01,layernorm,adamw,54,7671,0.73278,0.4146,15.2
3,512,0.0,gelu,0.002,256,3,2,15,120,0.01,layernorm,adamw,54,7671,0.93972,0.5306,26.2
3,512,0.1,silu,0.003,256,3,2,15,80,0.01,no,adamw,54,7671,0.91852,0.3352,17.8
3,1024,0.1,silu,0.008,256,3,2,15,80,0.01,layernorm,adamw,54,7671,0.6649,0.4778,19.8
3,1024,0.1,gelu,0.002,512,3,2,15,80,0.01,layernorm,adamw,54,7671,0.92342,0.4202,8.2
3,512,0.0,silu,0.003,256,3,3,15,120,0.01,layernorm,adamw,56,7671,0.71593,0.4081,18.4
3,1024,0.1,silu,0.003,512,3,3,15,120,0.01,layernorm,adamw,56,7671,0.87434,0.505,13.9
4,1024,0.1,silu,0.002,256,3,3,15,120,0.01,no,adamw,56,7671,0.70725,0.4176,21.7
3,1024,0.0,silu,0.003,512,3,3,15,80,0.01,layernorm,adamw,56,7671,0.91603,0.4122,11.5
3,512,0.1,silu,0.008,512,3,3,15,120,0.01,no,adamw,56,7671,0.88048,0.4743,13.6
4,1024,0.0,gelu,0.008,256,3,3,15,120,0.01,layernorm,adamw,56,7671,0.77723,0.4462,22.5
3,1024,0.1,gelu,0.002,256,3,3,15,120,0.01,no,adamw,56,7671,0.79992,0.4247,17.6
3,1024,0.1,silu,0.002,512,3,3,15,120,0.01,layernorm,adamw,56,7671,0.80084,0.4239,13.4
4,512,0.0,gelu,0.002,512,3,3,15,80,0.01,layernorm,adamw,56,7671,0.77934,0.2651,10.0
4,1024,0.0,silu,0.008,512,3,3,15,120,0.01,no,adamw,56,7671,0.93189,0.116,10.4
3,1024,0.0,silu,0.005,512,3,3,15,120,0.01,no,adamw,56,7671,0.87394,0.4976,9.6
3,1024,0.0,silu,0.003,256,3,3,15,120,0.01,layernorm,adamw,56,7671,0.75242,0.5101,19.7
3,512,0.1,silu,0.008,256,3,3,15,120,0.01,layernorm,adamw,56,7671,0.76552,0.2399,30.9
3,512,0.1,silu,0.008,512,3,3,15,80,0.01,layernorm,adamw,56,7671,0.89588,0.4434,10.0
4,1024,0.0,silu,0.005,256,3,3,15,120,0.01,layernorm,adamw,56,7671,0.88135,0.5613,19.6
3,512,0.0,silu,0.008,256,3,3,15,80,0.01,no,adamw,56,7671,0.79518,0.2675,15.6
4,512,0.0,gelu,0.002,512,3,3,15,80,0.01,no,adamw,56,7671,0.82248,0.541,8.4
4,1024,0.1,gelu,0.002,256,3,3,15,80,0.01,no,adamw,56,7671,0.84722,0.4148,13.8
4,1024,0.1,silu,0.003,256,3,3,15,120,0.01,no,adamw,56,7671,0.74904,0.5199,17.6
3,512,0.1,gelu,0.008,512,3,3,15,120,0.01,layernorm,adamw,56,7671,0.81961,0.3048,13.4
3,1024,0.1,gelu,0.008,512,3,3,15,80,0.01,layernorm,adamw,56,7671,0.93404,0.5179,10.1
4,512,0.0,gelu,0.003,256,3,3,15,120,0.01,layernorm,adamw,56,7671,0.74042,0.4903,28.5
3,1024,0.0,gelu,0.005,512,3,3,15,80,0.01,no,adamw,56,7671,1.11208,0.3755,10.5
3,512,0.1,gelu,0.003,256,3,3,15,80,0.01,no,adamw,56,7671,0.82556,0.277,14.8
3,512,0.0,gelu,0.002,256,3,3,15,120,0.01,no,adamw,56,7671,0.89597,0.5868,24.6
3,512,0.0,silu,0.003,512,3,3,15,120,0.01,layernorm,adamw,56,7671,0.95125,0.6447,13.0
4,1024,0.1,gelu,0.003,256,3,3,15,120,0.01,layernorm,adamw,56,7671,0.70071,0.667,28.1
3,1024,0.1,gelu,0.008,256,3,3,15,80,0.01,layernorm,adamw,56,7671,0.78589,0.5463,15.9
4,1024,0.0,gelu,0.008,512,3,3,15,120,0.01,no,adamw,56,7671,1.25102,0.0058,11.0
3,512,0.1,gelu,0.005,256,3,3,15,80,0.01,no,adamw,56,7671,0.79371,0.3033,13.4
3,1024,0.0,gelu,0.005,256,3,3,15,120,0.01,layernorm,adamw,56,7671,0.85021,0.4365,23.2
4,1024,0.1,gelu,0.008,512,3,3,15,80,0.01,layernorm,adamw,56,7671,1.08235,0.1282,9.1
4,1024,0.0,gelu,0.003,512,3,3,15,80,0.01,layernorm,adamw,56,7671,0.78832,0.3641,10.0
4,1024,0.0,silu,0.002,256,3,3,15,80,0.01,no,adamw,56,7671,0.96223,0.5377,12.3
3,1024,0.1,silu,0.002,256,3,3,15,80,0.01,layernorm,adamw,56,7671,0.8277,0.5666,17.6
4,1024,0.1,silu,0.005,512,3,3,15,80,0.01,layernorm,adamw,56,7671,0.83638,0.4622,11.6
4,1024,0.1,gelu,0.008,512,3,3,15,120,0.01,layernorm,adamw,56,7671,0.6839,0.3359,16.0
4,512,0.1,silu,0.008,512,3,3,15,80,0.01,layernorm,adamw,56,7671,0.90371,0.436,11.6
4,512,0.1,silu,0.005,256,3,3,15,80,0.01,no,adamw,56,7671,0.82753,0.4759,13.9
4,1024,0.1,gelu,0.008,512,3,3,15,80,0.01,no,adamw,56,7671,0.89128,0.2728,7.7
3,512,0.1,gelu,0.002,512,3,3,15,120,0.01,no,adamw,56,7671,0.95969,0.4735,13.2
4,512,0.0,gelu,0.002,256,3,3,15,120,0.01,layernorm,adamw,56,7671,0.7366,0.4215,26.2
4,1024,0.1,silu,0.008,512,3,3,15,120,0.01,layernorm,adamw,56,7671,0.86397,0.5279,14.9
3,1024,0.0,gelu,0.003,512,3,3,15,80,0.01,no,adamw,56,7671,0.98846,0.3731,7.8
3,1024,0.1,gelu,0.005,256,3,3,15,80,0.01,layernorm,adamw,56,7671,0.87995,0.4995,20.7
4,1024,0.0,silu,0.002,256,3,3,15,120,0.01,layernorm,adamw,56,7671,0.71772,0.43,25.0
3,512,0.0,silu,0.003,512,3,3,15,80,0.01,no,adamw,56,7671,0.9548,0.4361,9.5
3,1024,0.0,gelu,0.003,512,3,3,15,120,0.01,no,adamw,56,7671,1.04491,0.3826,11.1
4,1024,0.1,silu,0.003,256,3,3,15,120,0.01,layernorm,adamw,56,7671,0.83982,0.379,35.6
4,1024,0.1,gelu,0.003,256,3,3,15,80,0.01,no,adamw,56,7671,0.92391,0.2918,13.0
3,512,0.0,gelu,0.005,256,3,3,15,80,0.01,no,adamw,56,7671,0.92509,0.3466,17.9
4,512,0.1,silu,0.002,512,3,3,15,80,0.01,layernorm,adamw,56,7671,0.7999,0.4902,11.1
4,1024,0.1,gelu,0.002,512,3,3,15,80,0.01,no,adamw,56,7671,0.72223,0.3743,9.6
3,1024,0.1,silu,0.005,512,3,3,15,120,0.01,layernorm,adamw,56,7671,0.71475,0.4708,13.5
4,1024,0.1,silu,0.002,256,3,3,15,80,0.01,layernorm,adamw,56,7671,0.71075,0.4198,20.5
3,1024,0.1,gelu,0.005,512,3,3,15,120,0.01,no,adamw,56,7671,0.96865,0.3723,10.6
3,512,0.0,silu,0.005,512,3,3,15,80,0.01,layernorm,adamw,56,7671,0.93901,0.4311,9.6
4,512,0.0,silu,0.008,256,3,3,15,120,0.01,layernorm,adamw,56,7671,0.72099,0.321,19.8
3,512,0.1,gelu,0.008,512,3,3,15,80,0.01,layernorm,adamw,56,7671,0.82708,0.5126,9.6
4,1024,0.0,silu,0.005,256,3,3,15,80,0.01,no,adamw,56,7671,0.74084,0.3623,14.1
3,1024,0.0,silu,0.003,256,3,3,15,80,0.01,no,adamw,56,7671,0.92179,0.462,14.9
4,1024,0.0,gelu,0.002,256,3,3,15,120,0.01,no,adamw,56,7671,0.74188,0.5425,23.0
3,1024,0.0,silu,0.002,512,3,3,15,120,0.01,no,adamw,56,7671,0.92989,0.5423,13.4
3,512,0.1,silu,0.008,512,3,3,15,80,0.01,no,adamw,56,7671,0.79818,0.4311,10.5
3,512,0.0,silu,0.005,256,3,5,15,120,0.01,no,adamw,60,7671,0.77668,0.4326,26.2
4,1024,0.0,silu,0.008,256,3,5,15,120,0.01,layernorm,adamw,60,7671,0.80293,0.6457,23.3
3,512,0.1,gelu,0.003,256,3,5,15,120,0.01,no,adamw,60,7671,0.85038,0.315,22.7
3,512,0.0,silu,0.008,256,3,5,15,120,0.01,no,adamw,60,7671,1.00334,0.2612,25.8
4,512,0.1,gelu,0.005,256,3,5,15,80,0.01,no,adamw,60,7671,0.88847,0.1972,17.3
4,512,0.0,silu,0.008,256,3,5,15,80,0.01,no,adamw,60,7671,0.88325,0.4816,16.7
3,512,0.0,gelu,0.008,256,3,5,15,120,0.01,no,adamw,60,7671,0.9832,0.2564,21.0
4,1024,0.0,gelu,0.003,256,3,5,15,80,0.01,no,adamw,60,7671,0.82049,0.254,14.2
3,512,0.0,gelu,0.008,256,3,5,15,80,0.01,no,adamw,60,7671,0.9037,0.3972,14.7
3,512,0.1,silu,0.008,256,3,5,15,80,0.01,no,adamw,60,7671,0.7889,0.3536,10.1
3,1024,0.1,silu,0.003,512,3,5,15,120,0.01,no,adamw,60,7671,0.86933,0.403,14.1
4,1024,0.0,silu,0.005,512,3,5,15,80,0.01,no,adamw,60,7671,1.06574,0.0075,10.9
3,1024,0.1,gelu,0.008,256,3,5,15,80,0.01,no,adamw,60,7671,0.92382,0.2276,15.2
4,1024,0.0,silu,0.002,512,3,5,15,120,0.01,no,adamw,60,7671,0.89327,0.5637,13.6
4,512,0.0,silu,0.003,512,3,5,15,120,0.01,no,adamw,60,7671,0.83543,0.4595,12.9
4,1024,0.0,gelu,0.002,512,3,5,15,120,0.01,layernorm,adamw,60,7671,0.89667,0.5561,16.7
4,512,0.0,silu,0.003,256,3,5,15,80,0.01,no,adamw,60,7671,0.76038,0.5727,18.8
4,512,0.0,silu,0.008,512,3,5,15,120,0.01,layernorm,adamw,60,7671,0.8229,0.3808,12.7
4,512,0.1,gelu,0.003,256,3,5,15,120,0.01,layernorm,adamw,60,7671,0.80044,0.638,41.4
3,1024,0.0,gelu,0.008,256,3,5,15,80,0.01,no,adamw,60,7671,1.06326,0.1942,13.6
4,512,0.0,gelu,0.002,512,3,5,15,80,0.01,layernorm,adamw,60,7671,0.79555,0.2494,9.6
3,512,0.1,silu,0.005,512,3,5,15,80,0.01,layernorm,adamw,60,7671,0.89729,0.261,12.1
3,512,0.1,gelu,0.002,512,3,5,15,120,0.01,no,adamw,60,7671,0.92255,0.3329,14.0
3,1024,0.1,silu,0.005,512,3,5,15,80,0.01,no,adamw,60,7671,1.04133,0.3352,13.0
3,1024,0.1,gelu,0.005,512,3,5,15,80,0.01,layernorm,adamw,60,7671,0.77459,0.3972,10.2
4,512,0.0,silu,0.008,256,3,5,15,120,0.01,no,adamw,60,7671,0.65292,0.5226,23.0
4,1024,0.1,gelu,0.002,512,3,5,15,120,0.01,no,adamw,60,7671,0.89286,0.2604,12.4
3,1024,0.0,silu,0.008,256,3,5,15,120,0.01,no,adamw,60,7671,0.88542,0.3305,19.1
4,512,0.1,gelu,0.005,512,3,5,15,120,0.01,layernorm,adamw,60,7671,0.76667,0.4103,13.8
4,512,0.0,silu,0.002,256,3,5,15,80,0.01,layernorm,adamw,60,7671,0.91818,0.5172,15.5
4,1024,0.0,silu,0.005,256,3,5,15,120,0.01,no,adamw,60,7671,0.71533,0.5779,20.4
3,1024,0.1,gelu,0.002,256,3,5,15,80,0.01,no,adamw,60,7671,0.88712,0.4617,10.5
3,512,0.0,silu,0.002,256,3,5,15,80,0.01,no,adamw,60,7671,1.00285,0.3669,17.4
4,1024,0.1,gelu,0.005,512,3,5,15,80,0.01,no,adamw,60,7671,0.95852,0.3815,11.5
4,512,0.1,silu,0.008,256,3,5,15,120,0.01,layernorm,adamw,60,7671,0.72027,0.5597,43.0
4,512,0.0,silu,0.002,256,3,5,15,80,0.01,no,adamw,60,7671,0.80096,0.4116,18.4
4,512,0.0,gelu,0.003,256,3,5,15,80,0.01,layernorm,adamw,60,7671,0.7632,0.4377,12.9
3,1024,0.0,gelu,0.008,256,3,5,15,120,0.01,no,adamw,60,7671,0.9522,0.2718,17.5
3,1024,0.0,gelu,0.005,256,3,5,15,80,0.01,layernorm,adamw,60,7671,0.82061,0.446,13.4
3,512,0.1,silu,0.003,256,3,5,15,120,0.01,no,adamw,60,7671,0.84885,0.4861,19.5
4,1024,0.0,silu,0.005,512,3,5,15,120,0.01,layernorm,adamw,60,7671,0.7786,0.5458,16.4
3,512,0.0,gelu,0.003,256,3,5,15,120,0.01,layernorm,adamw,60,7671,0.88123,0.3645,21.7
3,1024,0.0,gelu,0.005,512,3,5,15,120,0.01,no,adamw,60,7671,0.98091,0.224,11.9
3,512,0.0,gelu,0.005,256,3,5,15,80,0.01,no,adamw,60,7671,0.95647,0.2791,12.3
3,1024,0.0,silu,0.005,256,3,5,15,80,0.01,no,adamw,60,7671,0.80491,0.3847,7.0
3,1024,0.1,silu,0.003,512,3,5,15,120,0.01,layernorm,adamw,60,7671,0.86926,0.5035,5.9
4,1024,0.0,silu,0.003,256,3,5,15,120,0.01,no,adamw,60,7671,0.84074,0.3561,11.4
4,1024,0.1,silu,0.003,256,3,5,15,120,0.01,layernorm,adamw,60,7671,0.7241,0.5004,14.8
4,1024,0.0,gelu,0.008,512,3,5,15,120,0.01,layernorm,adamw,60,7671,0.96029,0.3875,8.2
3,1024,0.0,gelu,0.003,256,3,5,15,120,0.01,layernorm,adamw,60,7671,0.83444,0.5324,12.6
4,512,0.1,gelu,0.003,256,3,5,15,120,0.01,no,adamw,60,7671,0.80616,0.4569,10.9
3,512,0.0,silu,0.008,512,3,5,15,120,0.01,layernorm,adamw,60,7671,0.88625,0.3756,5.0
3,1024,0.1,gelu,0.008,512,3,5,15,120,0.01,layernorm,adamw,60,7671,0.85847,0.5281,6.5
3,512,0.0,gelu,0.005,512,3,5,15,120,0.01,no,adamw,60,7671,0.84154,0.222,5.7
4,512,0.1,gelu,0.005,512,3,5,15,80,0.01,layernorm,adamw,60,7671,0.91802,0.4391,4.0
4,512,0.0,silu,0.008,512,3,5,15,80,0.01,layernorm,adamw,60,7671,0.84325,0.4861,4.4
3,512,0.1,silu,0.003,256,3,5,15,80,0.01,layernorm,adamw,60,7671,0.85052,0.5243,6.4
4,1024,0.1,gelu,0.002,512,3,5,15,120,0.01,layernorm,adamw,60,7671,0.84444,0.4618,6.4
3,512,0.1,silu,0.005,256,3,5,15,120,0.01,layernorm,adamw,60,7671,0.79559,0.4277,9.5
4,1024,0.1,gelu,0.008,256,3,5,15,120,0.01,layernorm,adamw,60,7671,0.85131,0.3078,13.8
3,1024,0.0,gelu,0.005,512,3,5,15,80,0.01,no,adamw,60,7671,0.96276,0.3658,3.1
3,1024,0.1,silu,0.008,512,3,5,15,80,0.01,no,adamw,60,7671,1.00581,0.3198,2.7
3,1024,0.0,silu,0.008,512,3,5,15,80,0.01,layernorm,adamw,60,7671,0.77898,0.4925,2.8
3,512,0.1,gelu,0.008,256,3,5,15,80,0.01,no,adamw,60,7671,0.95025,0.2729,4.4
4,1024,0.0,gelu,0.003,256,1,2,15,80,0.01,no,adamw,34,7671,0.77373,0.3566,21.0
4,512,0.1,silu,0.005,512,1,2,15,120,0.01,layernorm,adamw,34,7671,0.71542,0.4591,14.3
3,1024,0.1,silu,0.005,256,1,2,15,120,0.01,layernorm,adamw,34,7671,0.80582,0.5386,26.0
4,1024,0.0,silu,0.005,256,1,2,15,120,0.01,no,adamw,34,7671,0.75314,0.428,20.5
4,1024,0.0,silu,0.005,256,1,2,15,120,0.01,layernorm,adamw,34,7671,0.82021,0.501,19.1
3,1024,0.1,gelu,0.008,512,1,2,15,80,0.01,no,adamw,34,7671,0.91038,0.4528,7.5
3,512,0.0,silu,0.002,512,1,2,15,80,0.01,no,adamw,34,7671,1.07191,0.0263,10.4
3,1024,0.1,gelu,0.002,256,1,2,15,80,0.01,no,adamw,34,7671,0.86708,0.4221,12.9
4,1024,0.1,gelu,0.002,256,1,2,15,80,0.01,layernorm,adamw,34,7671,0.70506,0.6224,19.8
3,1024,0.1,gelu,0.003,512,1,2,15,80,0.01,no,adamw,34,7671,0.95882,0.5391,7.6
3,512,0.0,silu,0.003,256,1,2,15,80,0.01,layernorm,adamw,34,7671,0.78064,0.5394,13.7
4,1024,0.1,silu,0.003,512,1,2,15,120,0.01,no,adamw,34,7671,0.80518,0.3591,10.8
3,512,0.1,gelu,0.005,256,1,2,15,80,0.01,no,adamw,34,7671,1.01555,0.2935,11.2
4,512,0.1,silu,0.003,512,1,2,15,120,0.01,no,adamw,34,7671,0.74796,0.6266,11.9
4,512,0.1,gelu,0.002,256,1,2,15,120,0.01,no,adamw,34,7671,0.89668,0.4417,22.5
4,512,0.0,silu,0.008,256,1,2,15,80,0.01,no,adamw,34,7671,0.94151,0.8127,13.3
4,1024,0.0,gelu,0.005,256,1,2,15,120,0.01,no,adamw,34,7671,0.96476,0.257,21.8
3,512,0.1,gelu,0.002,512,1,2,15,80,0.01,no,adamw,34,7671,0.89406,0.4549,9.8
4,512,0.0,gelu,0.002,512,1,2,15,80,0.01,no,adamw,34,7671,1.05635,0.3218,10.7
3,1024,0.0,gelu,0.005,512,1,2,15,120,0.01,layernorm,adamw,34,7671,0.77073,0.4639,13.8
3,1024,0.1,gelu,0.005,512,1,2,15,120,0.01,layernorm,adamw,34,7671,0.71591,0.4401,11.4
3,1024,0.0,gelu,0.003,512,1,2,15,80,0.01,layernorm,adamw,34,7671,0.93014,0.5339,8.6
3,512,0.1,silu,0.003,256,1,2,15,120,0.01,no,adamw,34,7671,0.96964,0.4506,22.7
3,512,0.1,gelu,0.005,256,1,2,15,80,0.01,layernorm,adamw,34,7671,0.82572,0.3763,27.5
4,1024,0.1,silu,0.005,256,1,2,15,80,0.01,layernorm,adamw,34,7671,0.70403,0.4342,16.4
3,512,0.0,silu,0.002,512,1,2,15,80,0.01,layernorm,adamw,34,7671,1.00305,0.4,7.3
4,1024,0.1,gelu,0.003,512,1,2,15,120,0.01,no,adamw,34,7671,0.96436,0.4254,13.5
4,1024,0.0,silu,0.002,512,1,2,15,80,0.01,no,adamw,34,7671,0.86844,0.2623,9.2
3,512,0.1,gelu,0.003,512,1,2,15,120,0.01,layernorm,adamw,34,7671,0.89804,0.621,16.5
4,1024,0.1,silu,0.005,256,1,2,15,120,0.01,layernorm,adamw,34,7671,0.649,0.4668,27.6
4,512,0.0,silu,0.008,512,1,2,15,120,0.01,layernorm,adamw,34,7671,0.81345,0.4625,10.9
4,1024,0.1,silu,0.008,512,1,2,15,120,0.01,no,adamw,34,7671,1.31823,0.0136,12.0
4,1024,0.1,gelu,0.008,512,1,2,15,120,0.01,no,adamw,34,7671,1.13227,0.2738,10.5
4,1024,0.1,silu,0.005,512,1,2,15,80,0.01,layernorm,adamw,34,7671,0.78267,0.4988,11.1
3,512,0.0,gelu,0.002,512,1,2,15,80,0.01,no,adamw,34,7671,1.13567,0.1111,8.5
4,1024,0.1,silu,0.005,512,1,2,15,80,0.01,no,adamw,34,7671,0.86173,0.5337,9.2
3,1024,0.1,silu,0.002,256,1,2,15,120,0.01,layernorm,adamw,34,7671,0.80771,0.5111,30.0
3,1024,0.1,silu,0.003,256,1,2,15,80,0.01,layernorm,adamw,34,7671,0.81262,0.5106,20.5
4,1024,0.0,silu,0.002,256,1,2,15,120,0.01,no,adamw,34,7671,0.90448,0.6019,24.5
4,512,0.0,gelu,0.002,256,1,2,15,80,0.01,no,adamw,34,7671,0.99532,0.6519,18.9
3,1024,0.0,gelu,0.008,512,1,2,15,120,0.01,no,adamw,34,7671,1.01483,0.3832,8.4
3,512,0.1,gelu,0.008,512,1,2,15,120,0.01,no,adamw,34,7671,0.81878,0.3271,11.5
3,1024,0.1,silu,0.008,512,1,2,15,120,0.01,layernorm,adamw,34,7671,0.70626,0.4402,13.8
4,512,0.1,silu,0.002,512,1,2,15,120,0.01,no,adamw,34,7671,1.04445,0.012,11.1
4,1024,0.0,silu,0.002,512,1,2,15,80,0.01,layernorm,adamw,34,7671,0.83755,0.4055,11.2
3,512,0.1,silu,0.005,256,1,2,15,120,0.01,no,adamw,34,7671,0.95353,0.2834,21.2
3,512,0.0,gelu,0.008,512,1,2,15,120,0.01,layernorm,adamw,34,7671,0.83627,0.6097,10.3
4,1024,0.0,gelu,0.008,512,1,2,15,80,0.01,layernorm,adamw,34,7671,0.92236,0.3199,10.2
4,512,0.1,gelu,0.002,256,1,2,15,80,0.01,layernorm,adamw,34,7671,0.78864,0.5043,27.8
3,1024,0.0,silu,0.002,256,1,2,15,120,0.01,no,adamw,34,7671,1.05458,0.5591,21.2
3,512,0.0,gelu,0.002,512,1,2,15,80,0.01,layernorm,adamw,34,7671,0.86956,0.2454,9.4
4,512,0.0,silu,0.002,256,1,2,15,80,0.01,layernorm,adamw,34,7671,0.81227,0.6513,17.4
3,1024,0.1,silu,0.002,256,1,2,15,120,0.01,no,adamw,34,7671,0.84916,0.4612,21.1
3,1024,0.1,silu,0.008,256,1,2,15,80,0.01,layernorm,adamw,34,7671,0.87543,0.5397,19.1
3,1024,0.0,gelu,0.003,256,1,2,15,120,0.01,no,adamw,34,7671,0.95996,0.3786,17.3
3,512,0.0,silu,0.008,256,1,2,15,80,0.01,no,adamw,34,7671,0.87795,0.398,20.2
3,1024,0.0,gelu,0.002,256,1,2,15,120,0.01,no,adamw,34,7671,0.84371,0.526,18.8
4,1024,0.0,silu,0.003,512,1,2,15,80,0.01,layernorm,adamw,34,7671,0.91485,0.4514,12.4
3,512,0.1,gelu,0.003,512,1,2,15,80,0.01,layernorm,adamw,34,7671,1.04913,0.5002,11.5
4,512,0.0,gelu,0.008,256,1,2,15,120,0.01,no,adamw,34,7671,0.85923,0.4105,31.6
4,512,0.0,gelu,0.008,512,1,2,15,80,0.01,no,adamw,34,7671,1.13123,0.3556,7.6
4,1024,0.0,silu,0.003,512,1,2,15,80,0.01,no,adamw,34,7671,0.9898,0.4951,8.0
4,512,0.1,silu,0.002,512,1,2,15,80,0.01,layernorm,adamw,34,7671,0.7482,0.5738,13.1
4,512,0.0,gelu,0.005,512,1,2,15,80,0.01,no,adamw,34,7671,1.10873,0.4011,8.9
3,512,0.0,silu,0.003,512,1,3,15,120,0.01,no,adamw,36,7671,1.03797,0.6222,12.0
4,512,0.0,gelu,0.008,512,1,3,15,80,0.01,layernorm,adamw,36,7671,0.88287,0.1401,7.5
3,512,0.1,silu,0.008,512,1,3,15,120,0.01,layernorm,adamw,36,7671,0.76928,0.5635,15.2
3,512,0.0,gelu,0.005,256,1,3,15,80,0.01,layernorm,adamw,36,7671,0.88415,0.5561,17.8
4,1024,0.0,gelu,0.003,256,1,3,15,120,0.01,layernorm,adamw,36,7671,0.80961,0.781,18.9
4,512,0.0,gelu,0.002,512,1,3,15,80,0.01,no,adamw,36,7671,0.99391,0.5124,9.7
4,512,0.1,gelu,0.008,512,1,3,15,120,0.01,no,adamw,36,7671,0.90461,0.243,13.1
3,1024,0.0,gelu,0.003,512,1,3,15,120,0.01,no,adamw,36,7671,0.98596,0.6651,10.5
3,1024,0.1,silu,0.005,256,1,3,15,80,0.01,no,adamw,36,7671,0.87322,0.2475,16.0
4,1024,0.0,silu,0.005,512,1,3,15,80,0.01,layernorm,adamw,36,7671,0.91598,0.1346,13.1
3,1024,0.0,silu,0.005,256,1,3,15,80,0.01,layernorm,adamw,36,7671,1.0596,0.1615,16.6
3,512,0.1,gelu,0.002,512,1,3,15,80,0.01,no,adamw,36,7671,0.88324,0.4147,8.9
4,512,0.0,gelu,0.008,512,1,3,15,80,0.01,no,adamw,36,7671,1.0507,0.5739,10.7
3,1024,0.1,gelu,0.005,512,1,3,15,120,0.01,no,adamw,36,7671,0.98565,0.198,10.5
4,1024,0.1,silu,0.002,512,1,3,15,120,0.01,layernorm,adamw,36,7671,0.88504,0.4461,14.0
3,512,0.0,gelu,0.008,512,1,3,15,80,0.01,layernorm,adamw,36,7671,0.88774,0.4095,9.9
3,1024,0.0,silu,0.003,512,1,3,15,80,0.01,layernorm,adamw,36,7671,1.04552,0.1147,11.4
4,1024,0.0,gelu,0.002,512,1,3,15,120,0.01,layernorm,adamw,36,7671,0.91012,0.5037,17.7
4,1024,0.0,gelu,0.005,256,1,3,15,120,0.01,no,adamw,36,7671,0.71049,0.4609,16.4
4,1024,0.1,silu,0.008,512,1,3,15,80,0.01,layernorm,adamw,36,7671,0.9354,0.4153,8.9
3,1024,0.1,silu,0.002,256,1,3,15,120,0.01,no,adamw,36,7671,0.89857,0.5325,15.5
3,512,0.1,gelu,0.008,512,1,3,15,80,0.01,no,adamw,36,7671,1.05747,0.468,8.6
3,1024,0.1,gelu,0.005,256,1,3,15,120,0.01,layernorm,adamw,36,7671,0.77699,0.5477,24.1
3,512,0.1,gelu,0.005,256,1,3,15,120,0.01,no,adamw,36,7671,0.92094,0.3003,23.1
4,512,0.1,gelu,0.002,256,1,3,15,120,0.01,no,adamw,36,7671,1.14251,0.0446,26.0
4,512,0.1,gelu,0.003,256,1,3,15,80,0.01,layernorm,adamw,36,7671,0.8569,0.538,22.8
4,512,0.1,gelu,0.005,512,1,3,15,120,0.01,no,adamw,36,7671,0.78833,0.524,15.6
4,512,0.0,silu,0.002,512,1,3,15,80,0.01,layernorm,adamw,36,7671,0.82785,0.6857,9.7
4,1024,0.0,gelu,0.003,256,1,3,15,80,0.01,layernorm,adamw,36,7671,0.86172,0.5843,14.6
3,1024,0.1,gelu,0.008,512,1,3,15,120,0.01,no,adamw,36,7671,1.03047,0.4008,10.5
4,1024,0.0,silu,0.008,256,1,3,15,80,0.01,no,adamw,36,7671,1.01093,0.2707,11.6
4,512,0.1,gelu,0.002,512,1,3,15,120,0.01,no,adamw,36,7671,0.76438,0.5637,13.5
4,1024,0.1,gelu,0.003,512,1,3,15,80,0.01,no,adamw,36,7671,0.8413,0.4663,11.3
4,1024,0.0,silu,0.005,256,1,3,15,120,0.01,no,adamw,36,7671,0.8129,0.4585,21.4
3,512,0.1,silu,0.008,256,1,3,15,120,0.01,no,adamw,36,7671,1.13038,0.4818,29.1
3,512,0.1,gelu,0.003,512,1,3,15,120,0.01,no,adamw,36,7671,1.14446,0.2123,12.9
4,512,0.0,gelu,0.003,512,1,3,15,80,0.01,layernorm,adamw,36,7671,0.83144,0.5681,9.0
4,512,0.1,silu,0.003,512,1,3,15,120,0.01,layernorm,adamw,36,7671,0.75914,0.604,20.0
4,1024,0.0,gelu,0.005,512,1,3,15,80,0.01,no,adamw,36,7671,1.17688,0.491,9.8
4,1024,0.1,silu,0.002,256,1,3,15,80,0.01,no,adamw,36,7671,0.76005,0.3703,14.1
3,1024,0.1,silu,0.008,512,1,3,15,80,0.01,layernorm,adamw,36,7671,0.94616,0.0748,11.1
3,1024,0.1,gelu,0.003,512,1,3,15,80,0.01,layernorm,adamw,36,7671,0.97663,0.1001,11.1
4,512,0.1,silu,0.003,256,1,3,15,120,0.01,layernorm,adamw,36,7671,0.95576,0.6604,32.5
4,1024,0.1,silu,0.002,512,1,3,15,80,0.01,layernorm,adamw,36,7671,0.7712,0.4492,10.9
4,1024,0.0,silu,0.008,512,1,3,15,120,0.01,layernorm,adamw,36,7671,0.96798,0.5597,19.6
4,1024,0.0,gelu,0.002,256,1,3,15,80,0.01,layernorm,adamw,36,7671,0.77775,0.5514,17.2
3,1024,0.0,gelu,0.002,512,1,3,15,120,0.01,no,adamw,36,7671,1.04914,0.5983,11.6
4,512,0.1,silu,0.002,256,1,3,15,80,0.01,layernorm,adamw,36,7671,0.97455,0.3939,22.3
3,1024,0.0,silu,0.008,512,1,3,15,120,0.01,no,adamw,36,7671,0.92562,0.3819,9.7
4,1024,0.1,gelu,0.003,256,1,3,15,120,0.01,no,adamw,36,7671,0.83227,0.4149,17.5
3,512,0.0,gelu,0.008,256,1,3,15,80,0.01,no,adamw,36,7671,1.04361,0.4686,16.2
4,512,0.0,silu,0.008,256,1,3,15,80,0.01,layernorm,adamw,36,7671,0.78061,0.476,18.6
3,1024,0.0,silu,0.008,512,1,3,15,120,0.01,layernorm,adamw,36,7671,1.03955,0.1898,19.7
3,512,0.0,gelu,0.002,256,1,3,15,120,0.01,layernorm,adamw,36,7671,0.90335,0.5532,23.5
3,512,0.1,gelu,0.008,512,1,3,15,120,0.01,layernorm,adamw,36,7671,0.75283,0.4062,16.3
3,1024,0.0,gelu,0.008,256,1,3,15,80,0.01,no,adamw,36,7671,0.90272,0.3414,15.2
3,512,0.0,gelu,0.002,512,1,3,15,80,0.01,no,adamw,36,7671,1.08012,0.3928,10.2
4,512,0.1,gelu,0.002,512,1,3,15,80,0.01,no,adamw,36,7671,0.85201,0.5354,9.1
3,1024,0.1,gelu,0.005,512,1,3,15,80,0.01,layernorm,adamw,36,7671,0.80502,0.494,8.9
4,1024,0.0,gelu,0.003,256,1,3,15,80,0.01,no,adamw,36,7671,0.93152,0.4984,11.8
3,512,0.1,silu,0.003,256,1,3,15,120,0.01,no,adamw,36,7671,0.80333,0.3112,20.0
4,1024,0.0,silu,0.002,256,1,3,15,120,0.01,layernorm,adamw,36,7671,0.80944,0.4438,24.0
3,1024,0.1,silu,0.003,512,1,3,15,120,0.01,no,adamw,36,7671,0.83954,0.3309,14.2
3,512,0.0,silu,0.002,512,1,3,15,120,0.01,layernorm,adamw,36,7671,0.88009,0.5778,11.5
3,1024,0.0,silu,0.003,512,1,5,15,120,0.01,no,adamw,40,7671,0.85232,0.5127,10.0
4,512,0.1,gelu,0.008,512,1,5,15,80,0.01,layernorm,adamw,40,7671,0.92739,0.0714,10.3
3,512,0.1,silu,0.005,512,1,5,15,120,0.01,no,adamw,40,7671,0.91338,0.4122,14.4
4,512,0.1,silu,0.005,256,1,5,15,120,0.01,layernorm,adamw,40,7671,0.81317,0.4997,33.7
3,1024,0.1,gelu,0.008,512,1,5,15,80,0.01,layernorm,adamw,40,7671,0.9143,0.2109,10.2
4,512,0.1,gelu,0.003,512,1,5,15,80,0.01,layernorm,adamw,40,7671,0.78944,0.6092,10.8
3,1024,0.1,silu,0.002,512,1,5,15,80,0.01,layernorm,adamw,40,7671,0.94688,0.3525,9.6
4,1024,0.1,gelu,0.008,512,1,5,15,120,0.01,no,adamw,40,7671,0.81565,0.2173,10.9
3,1024,0.0,silu,0.003,256,1,5,15,80,0.01,no,adamw,40,7671,0.93687,0.3961,10.8
4,1024,0.0,silu,0.005,512,1,5,15,80,0.01,layernorm,adamw,40,7671,0.92554,0.5376,9.9
3,512,0.1,silu,0.005,512,1,5,15,80,0.01,no,adamw,40,7671,0.82704,0.4881,7.3
3,1024,0.1,gelu,0.008,512,1,5,15,80,0.01,no,adamw,40,7671,1.04097,0.163,6.5
4,1024,0.0,gelu,0.008,256,1,5,15,120,0.01,layernorm,adamw,40,7671,0.85697,0.7026,20.6
3,1024,0.1,silu,0.002,256,1,5,15,80,0.01,no,adamw,40,7671,0.8801,0.5497,10.7
4,1024,0.0,gelu,0.008,256,1,5,15,80,0.01,layernorm,adamw,40,7671,1.04738,0.1367,12.4
4,1024,0.0,silu,0.005,256,1,5,15,120,0.01,no,adamw,40,7671,0.88685,0.7157,21.3
3,512,0.0,gelu,0.005,256,1,5,15,120,0.01,no,adamw,40,7671,1.00259,0.232,23.1
3,1024,0.0,gelu,0.008,256,1,5,15,80,0.01,no,adamw,40,7671,0.93794,0.347,13.5
3,512,0.1,silu,0.008,512,1,5,15,80,0.01,layernorm,adamw,40,7671,0.83897,0.3767,10.5
4,512,0.0,silu,0.003,256,1,5,15,120,0.01,layernorm,adamw,40,7671,1.04365,0.1071,19.0
4,512,0.1,silu,0.005,256,1,5,15,120,0.01,no,adamw,40,7671,0.81816,0.2451,25.9
4,1024,0.0,gelu,0.005,512,1,5,15,80,0.01,no,adamw,40,7671,1.078,0.1786,8.8
3,1024,0.1,gelu,0.003,256,1,5,15,80,0.01,no,adamw,40,7671,0.92955,0.4712,12.3
4,512,0.1,gelu,0.005,512,1,5,15,120,0.01,layernorm,adamw,40,7671,0.85746,0.5309,17.3
4,1024,0.0,gelu,0.003,512,1,5,15,120,0.01,layernorm,adamw,40,7671,0.92292,0.5229,19.8
4,512,0.1,gelu,0.002,256,1,5,15,120,0.01,layernorm,adamw,40,7671,0.86532,0.4771,30.8
4,1024,0.1,gelu,0.002,512,1,5,15,120,0.01,no,adamw,40,7671,1.11574,0.5425,12.8
4,1024,0.1,gelu,0.008,256,1,5,15,80,0.01,no,adamw,40,7671,0.82169,0.176,13.8
4,1024,0.0,gelu,0.005,256,1,5,15,120,0.01,layernorm,adamw,40,7671,0.86877,0.1299,22.4
4,512,0.1,silu,0.003,256,1,5,15,120,0.01,layernorm,adamw,40,7671,0.90735,0.6867,44.9
3,512,0.0,silu,0.003,512,1,5,15,120,0.01,no,adamw,40,7671,0.99611,0.1495,15.9
4,1024,0.1,silu,0.003,512,1,5,15,80,0.01,no,adamw,40,7671,1.02492,0.1767,9.3
3,512,0.1,gelu,0.003,256,1,5,15,80,0.01,no,adamw,40,7671,0.99083,0.3509,17.2
4,512,0.0,gelu,0.008,512,1,5,15,80,0.01,layernorm,adamw,40,7671,1.10558,0.2011,9.3
3,1024,0.0,silu,0.008,256,1,5,15,80,0.01,layernorm,adamw,40,7671,0.9721,0.1125,14.5
4,1024,0.0,gelu,0.008,512,1,5,15,120,0.01,no,adamw,40,7671,1.09496,0.008,12.6
4,512,0.1,gelu,0.003,512,1,5,15,80,0.01,no,adamw,40,7671,0.96059,0.2593,10.4
3,512,0.1,gelu,0.003,512,1,5,15,120,0.01,no,adamw,40,7671,1.05317,0.3427,13.7
4,1024,0.0,silu,0.008,256,1,5,15,120,0.01,no,adamw,40,7671,0.76793,0.3165,18.7
3,512,0.0,gelu,0.005,512,1,5,15,120,0.01,layernorm,adamw,40,7671,0.87083,0.5356,10.3
3,512,0.0,silu,0.008,256,1,5,15,80,0.01,layernorm,adamw,40,7671,0.91179,0.1374,15.8
4,512,0.1,gelu,0.008,256,1,5,15,80,0.01,layernorm,adamw,40,7671,0.8569,0.3576,26.5
3,1024,0.1,gelu,0.002,256,1,5,15,80,0.01,no,adamw,40,7671,0.90736,0.2746,11.2
4,1024,0.1,gelu,0.008,512,1,5,15,80,0.01,no,adamw,40,7671,1.12038,0.4609,8.0
4,1024,0.0,silu,0.008,256,1,5,15,80,0.01,no,adamw,40,7671,1.55583,0.001,13.5
3,1024,0.0,gelu,0.005,512,1,5,15,120,0.01,layernorm,adamw,40,7671,0.88431,0.4645,16.7
3,512,0.0,silu,0.003,512,1,5,15,80,0.01,layernorm,adamw,40,7671,0.9967,0.0942,9.7
4,512,0.1,silu,0.008,512,1,5,15,80,0.01,layernorm,adamw,40,7671,0.85026,0.6242,13.3
4,512,0.0,silu,0.008,512,1,5,15,120,0.01,no,adamw,40,7671,0.99026,0.3495,11.8
4,1024,0.0,silu,0.005,512,1,5,15,120,0.01,no,adamw,40,7671,0.93636,0.4388,11.6
3,1024,0.0,gelu,0.002,512,1,5,15,80,0.01,layernorm,adamw,40,7671,0.87733,0.1521,12.2
3,1024,0.0,silu,0.002,256,1,5,15,80,0.01,layernorm,adamw,40,7671,0.90605,0.2171,13.1
3,512,0.1,silu,0.005,256,1,5,15,80,0.01,no,adamw,40,7671,0.84678,0.2892,13.3
3,1024,0.1,gelu,0.008,256,1,5,15,80,0.01,no,adamw,40,7671,1.0026,0.269,12.5
3,1024,0.1,gelu,0.005,256,1,5,15,80,0.01,layernorm,adamw,40,7671,0.94741,0.282,18.1
4,1024,0.1,gelu,0.002,256,1,5,15,120,0.01,no,adamw,40,7671,0.87219,0.6802,22.1
4,1024,0.0,gelu,0.002,256,1,5,15,120,0.01,layernorm,adamw,40,7671,0.81763,0.7617,25.5
4,512,0.0,silu,0.005,256,1,5,15,80,0.01,no,adamw,40,7671,0.75386,0.6384,16.3
4,512,0.1,silu,0.003,256,1,5,15,80,0.01,layernorm,adamw,40,7671,0.84628,0.5031,23.1
4,512,0.1,silu,0.002,256,1,5,15,120,0.01,no,adamw,40,7671,0.97918,0.3225,28.4
3,1024,0.1,gelu,0.003,256,1,5,15,80,0.01,layernorm,adamw,40,7671,0.83031,0.3873,17.0
4,1024,0.1,silu,0.008,512,1,5,15,120,0.01,layernorm,adamw,40,7671,1.04834,0.5906,15.4
3,1024,0.0,silu,0.008,256,1,5,15,80,0.01,no,adamw,40,7671,1.07245,0.4385,13.6
3,1024,0.1,silu,0.003,512,1,5,15,80,0.01,layernorm,adamw,40,7671,0.92311,0.1336,10.4
4,1024,0.0,silu,0.003,256,2,2,15,80,0.01,no,adamw,44,7671,0.70768,0.466,15.3
3,1024,0.1,gelu,0.003,256,2,2,15,80,0.01,no,adamw,44,7671,0.8906,0.3345,13.1
4,1024,0.0,silu,0.005,256,2,2,15,80,0.01,layernorm,adamw,44,7671,0.75434,0.4641,18.0
4,1024,0.1,silu,0.005,256,2,2,15,80,0.01,no,adamw,44,7671,0.83814,0.1086,14.2
4,512,0.1,gelu,0.008,256,2,2,15,120,0.01,layernorm,adamw,44,7671,0.74742,0.2977,34.6
3,512,0.0,silu,0.005,512,2,2,15,120,0.01,no,adamw,44,7671,0.84727,0.5002,11.0
4,1024,0.0,gelu,0.002,256,2,2,15,80,0.01,layernorm,adamw,44,7671,0.91989,0.557,12.9
3,512,0.1,silu,0.005,256,2,2,15,80,0.01,layernorm,adamw,44,7671,0.83141,0.4565,24.7
3,512,0.0,silu,0.003,256,2,2,15,80,0.01,layernorm,adamw,44,7671,0.85512,0.3707,18.6
4,1024,0.0,gelu,0.002,512,2,2,15,120,0.01,no,adamw,44,7671,0.69801,0.4487,11.7
3,512,0.1,silu,0.002,256,2,2,15,80,0.01,layernorm,adamw,44,7671,0.64838,0.4045,18.7
3,1024,0.1,gelu,0.002,256,2,2,15,80,0.01,layernorm,adamw,44,7671,0.86551,0.4036,14.5
4,512,0.0,gelu,0.008,256,2,2,15,80,0.01,layernorm,adamw,44,7671,0.77901,0.417,15.2
4,512,0.1,gelu,0.002,512,2,2,15,120,0.01,no,adamw,44,7671,0.72264,0.4354,12.2
4,1024,0.0,silu,0.003,512,2,2,15,80,0.01,layernorm,adamw,44,7671,0.81321,0.3932,10.0
3,1024,0.1,gelu,0.003,256,2,2,15,120,0.01,no,adamw,44,7671,0.96554,0.3802,17.6
3,1024,0.0,silu,0.003,256,2,2,15,120,0.01,layernorm,adamw,44,7671,0.8029,0.5989,19.2
3,512,0.1,gelu,0.005,512,2,2,15,120,0.01,no,adamw,44,7671,0.95473,0.2858,12.4
4,1024,0.0,silu,0.003,512,2,2,15,80,0.01,no,adamw,44,7671,0.96696,0.6515,9.5
3,512,0.1,silu,0.003,512,2,2,15,120,0.01,no,adamw,44,7671,0.79078,0.4139,9.6
3,1024,0.0,gelu,0.002,512,2,2,15,120,0.01,no,adamw,44,7671,0.9355,0.2968,10.4
3,512,0.1,gelu,0.003,512,2,2,15,120,0.01,no,adamw,44,7671,0.78123,0.4341,13.7
4,1024,0.0,silu,0.008,256,2,2,15,80,0.01,layernorm,adamw,44,7671,0.65752,0.0917,15.9
4,512,0.1,gelu,0.002,256,2,2,15,120,0.01,layernorm,adamw,44,7671,0.724,0.5557,31.6
4,1024,0.1,silu,0.003,256,2,2,15,80,0.01,no,adamw,44,7671,0.85947,0.2654,13.6
3,512,0.1,silu,0.005,256,2,2,15,120,0.01,layernorm,adamw,44,7671,0.73522,0.5114,39.6
3,1024,0.1,gelu,0.008,512,2,2,15,120,0.01,no,adamw,44,7671,0.86096,0.2084,10.3
3,1024,0.0,gelu,0.002,512,2,2,15,80,0.01,no,adamw,44,7671,0.86707,0.4756,6.7
3,1024,0.1,silu,0.003,256,2,2,15,80,0.01,no,adamw,44,7671,0.77249,0.3535,12.0
3,512,0.1,silu,0.002,512,2,2,15,120,0.01,layernorm,adamw,44,7671,0.75334,0.3036,14.8
4,1024,0.0,gelu,0.005,256,2,2,15,120,0.01,layernorm,adamw,44,7671,0.6802,0.5654,22.7
3,1024,0.1,gelu,0.003,256,2,2,15,120,0.01,layernorm,adamw,44,7671,0.75365,0.4434,21.2
3,1024,0.0,gelu,0.005,256,2,2,15,80,0.01,no,adamw,44,7671,0.81914,0.1538,13.7
4,1024,0.1,gelu,0.008,256,2,2,15,120,0.01,layernorm,adamw,44,7671,0.71613,0.464,35.9
4,512,0.1,gelu,0.003,256,2,2,15,120,0.01,no,adamw,44,7671,0.81908,0.4997,23.2
3,1024,0.1,gelu,0.008,512,2,2,15,80,0.01,no,adamw,44,7671,1.05736,0.1659,7.9
4,1024,0.0,gelu,0.008,256,2,2,15,80,0.01,layernorm,adamw,44,7671,0.70971,0.5638,15.7
4,1024,0.1,silu,0.002,512,2,2,15,80,0.01,layernorm,adamw,44,7671,0.74025,0.5531,11.2
4,512,0.1,gelu,0.002,256,2,2,15,120,0.01,no,adamw,44,7671,0.80854,0.6103,18.7
4,512,0.1,gelu,0.005,512,2,2,15,120,0.01,layernorm,adamw,44,7671,0.69814,0.4354,15.8
3,1024,0.1,gelu,0.003,512,2,2,15,80,0.01,layernorm,adamw,44,7671,0.93528,0.4066,10.6
3,512,0.0,silu,0.008,512,2,2,15,120,0.01,no,adamw,44,7671,0.74192,0.5136,14.0
3,512,0.1,gelu,0.005,512,2,2,15,120,0.01,layernorm,adamw,44,7671,0.74176,0.4856,16.8
3,512,0.1,gelu,0.003,512,2,2,15,80,0.01,no,adamw,44,7671,0.93711,0.2972,8.1
4,1024,0.0,gelu,0.002,512,2,2,15,80,0.01,no,adamw,44,7671,0.77285,0.4628,9.5
3,1024,0.0,silu,0.005,256,2,2,15,120,0.01,no,adamw,44,7671,0.62419,0.3884,20.2
4,512,0.0,gelu,0.008,512,2,2,15,120,0.01,layernorm,adamw,44,7671,0.63404,0.3439,9.6
3,1024,0.1,silu,0.002,512,2,2,15,120,0.01,layernorm,adamw,44,7671,0.82794,0.4308,12.7
4,1024,0.1,silu,0.008,256,2,2,15,120,0.01,layernorm,adamw,44,7671,0.66846,0.5969,27.3
4,512,0.1,silu,0.008,256,2,2,15,80,0.01,no,adamw,44,7671,0.95038,0.4045,16.8
3,1024,0.0,gelu,0.008,512,2,2,15,80,0.01,no,adamw,44,7671,1.15259,0.2995,7.5
3,1024,0.0,silu,0.002,512,2,2,15,80,0.01,layernorm,adamw,44,7671,0.97084,0.5427,10.1
3,1024,0.1,silu,0.002,256,2,2,15,80,0.01,layernorm,adamw,44,7671,0.88648,0.4277,19.6
3,512,0.1,silu,0.003,256,2,2,15,120,0.01,layernorm,adamw,44,7671,0.70698,0.4967,36.1
4,1024,0.0,silu,0.005,256,2,2,15,80,0.01,no,adamw,44,7671,0.93644,0.376,13.9
3,512,0.1,silu,0.002,512,2,2,15,80,0.01,no,adamw,44,7671,0.90124,0.3863,11.3
4,512,0.0,gelu,0.003,512,2,2,15,120,0.01,layernorm,adamw,44,7671,0.68657,0.4803,13.0
4,1024,0.1,silu,0.002,512,2,2,15,80,0.01,no,adamw,44,7671,0.81393,0.4521,10.6
4,512,0.1,silu,0.005,256,2,2,15,80,0.01,layernorm,adamw,44,7671,0.63023,0.5823,23.9
3,512,0.0,silu,0.002,512,2,2,15,80,0.01,layernorm,adamw,44,7671,0.85117,0.3939,8.9
3,1024,0.0,silu,0.003,512,2,2,15,80,0.01,no,adamw,44,7671,0.89917,0.4306,8.2
3,512,0.0,silu,0.003,256,2,2,15,120,0.01,no,adamw,44,7671,0.71772,0.5041,27.6
3,512,0.1,gelu,0.005,256,2,2,15,120,0.01,layernorm,adamw,44,7671,0.72967,0.489,37.8
4,1024,0.1,gelu,0.005,256,2,2,15,80,0.01,no,adamw,44,7671,0.71147,0.2797,14.5
4,1024,0.1,gelu,0.005,512,2,3,15,80,0.01,no,adamw,46,7671,0.99982,0.4003,9.3
3,1024,0.1,gelu,0.005,512,2,3,15,120,0.01,no,adamw,46,7671,0.92263,0.285,10.4
4,512,0.1,silu,0.008,256,2,3,15,120,0.01,no,adamw,46,7671,0.84515,0.4659,22.6
4,1024,0.1,gelu,0.008,512,2,3,15,80,0.01,layernorm,adamw,46,7671,0.93965,0.2805,11.5
3,1024,0.1,silu,0.005,512,2,3,15,80,0.01,no,adamw,46,7671,0.86976,0.3335,11.0
4,1024,0.1,gelu,0.002,512,2,3,15,120,0.01,no,adamw,46,7671,0.93697,0.2961,14.7
4,1024,0.0,silu,0.002,512,2,3,15,80,0.01,no,adamw,46,7671,1.07391,0.0388,10.9
4,1024,0.1,gelu,0.003,512,2,3,15,80,0.01,layernorm,adamw,46,7671,0.7946,0.4468,10.4
4,512,0.1,silu,0.005,512,2,3,15,80,0.01,no,adamw,46,7671,0.80889,0.6428,9.6
3,512,0.0,gelu,0.005,256,2,3,15,120,0.01,no,adamw,46,7671,0.9655,0.5761,23.7
4,1024,0.1,gelu,0.003,256,2,3,15,120,0.01,layernorm,adamw,46,7671,0.76806,0.3947,27.3
4,1024,0.0,gelu,0.008,256,2,3,15,80,0.01,no,adamw,46,7671,0.9846,0.4927,14.9
3,512,0.1,silu,0.008,512,2,3,15,80,0.01,no,adamw,46,7671,0.95047,0.4642,9.6
3,512,0.0,silu,0.003,512,2,3,15,120,0.01,no,adamw,46,7671,1.00121,0.3917,11.6
4,512,0.1,gelu,0.008,256,2,3,15,120,0.01,no,adamw,46,7671,0.79872,0.3441,19.9
4,1024,0.1,silu,0.008,512,2,3,15,80,0.01,layernorm,adamw,46,7671,0.92012,0.009,9.8
3,512,0.0,gelu,0.002,512,2,3,15,80,0.01,layernorm,adamw,46,7671,1.03431,0.18,7.6
3,512,0.0,silu,0.002,256,2,3,15,80,0.01,no,adamw,46,7671,1.01845,0.458,16.2
3,512,0.1,gelu,0.008,256,2,3,15,80,0.01,no,adamw,46,7671,0.79833,0.3351,16.5
3,1024,0.1,gelu,0.002,256,2,3,15,120,0.01,no,adamw,46,7671,0.89843,0.3466,16.8
4,512,0.1,gelu,0.003,256,2,3,15,120,0.01,layernorm,adamw,46,7671,0.79442,0.4546,33.3
4,1024,0.0,silu,0.002,512,2,3,15,120,0.01,no,adamw,46,7671,0.73973,0.649,12.7
3,1024,0.0,silu,0.005,256,2,3,15,120,0.01,layernorm,adamw,46,7671,0.8438,0.2243,18.8
4,512,0.0,gelu,0.003,256,2,3,15,120,0.01,no,adamw,46,7671,0.84032,0.4362,26.4
3,1024,0.0,gelu,0.002,512,2,3,15,80,0.01,layernorm,adamw,46,7671,0.97264,0.4288,13.1
4,512,0.0,silu,0.005,512,2,3,15,120,0.01,layernorm,adamw,46,7671,0.99968,0.4889,15.9
4,512,0.1,gelu,0.005,512,2,3,15,120,0.01,layernorm,adamw,46,7671,0.77394,0.3419,21.1
3,512,0.0,silu,0.003,256,2,3,15,120,0.01,no,adamw,46,7671,0.83813,0.4181,25.6
3,1024,0.0,gelu,0.005,256,2,3,15,120,0.01,no,adamw,46,7671,0.82637,0.3749,17.2
3,512,0.1,silu,0.005,256,2,3,15,80,0.01,layernorm,adamw,46,7671,0.8196,0.5,24.8
4,512,0.0,gelu,0.003,512,2,3,15,120,0.01,layernorm,adamw,46,7671,0.74476,0.4117,13.6
3,512,0.0,silu,0.002,512,2,3,15,120,0.01,no,adamw,46,7671,0.98573,0.4113,16.5
3,1024,0.1,gelu,0.008,512,2,3,15,80,0.01,layernorm,adamw,46,7671,0.92317,0.5494,10.1
3,1024,0.0,gelu,0.008,512,2,3,15,80,0.01,layernorm,adamw,46,7671,0.91832,0.3966,10.1
4,512,0.1,gelu,0.002,512,2,3,15,80,0.01,no,adamw,46,7671,0.7975,0.5263,11.9
4,1024,0.0,silu,0.002,256,2,3,15,80,0.01,layernorm,adamw,46,7671,0.75309,0.4558,17.0
4,512,0.0,gelu,0.008,256,2,3,15,120,0.01,layernorm,adamw,46,7671,0.78567,0.3925,22.1
4,512,0.0,gelu,0.008,512,2,3,15,80,0.01,no,adamw,46,7671,0.86133,0.5477,7.9
4,512,0.0,silu,0.008,256,2,3,15,120,0.01,layernorm,adamw,46,7671,0.6839,0.4875,16.8
3,1024,0.0,silu,0.005,512,2,3,15,120,0.01,layernorm,adamw,46,7671,0.77307,0.4468,15.9
4,512,0.1,gelu,0.003,256,2,3,15,120,0.01,no,adamw,46,7671,0.73223,0.466,20.0
3,512,0.0,silu,0.008,512,2,3,15,80,0.01,layernorm,adamw,46,7671,0.8826,0.5935,8.3
3,512,0.0,gelu,0.002,256,2,3,15,120,0.01,no,adamw,46,7671,0.95532,0.4285,26.9
4,1024,0.1,gelu,0.005,512,2,3,15,80,0.01,layernorm,adamw,46,7671,0.78874,0.4633,10.5
4,1024,0.0,silu,0.002,256,2,3,15,80,0.01,no,adamw,46,7671,0.9693,0.4082,11.9
4,512,0.0,silu,0.005,512,2,3,15,80,0.01,no,adamw,46,7671,0.75462,0.1449,8.7
3,1024,0.0,silu,0.008,256,2,3,15,120,0.01,no,adamw,46,7671,0.83279,0.5424,20.8
3,1024,0.0,silu,0.002,256,2,3,15,120,0.01,layernorm,adamw,46,7671,0.7723,0.4654,29.3
4,512,0.1,gelu,0.008,256,2,3,15,80,0.01,no,adamw,46,7671,0.80118,0.4096,15.5
3,1024,0.1,silu,0.003,256,2,3,15,80,0.01,layernorm,adamw,46,7671,0.84256,0.5483,18.1
3,1024,0.0,gelu,0.003,512,2,3,15,120,0.01,no,adamw,46,7671,0.91033,0.368,11.4
3,512,0.1,silu,0.002,256,2,3,15,120,0.01,no,adamw,46,7671,0.74789,0.3895,23.9
3,1024,0.1,gelu,0.002,512,2,3,15,120,0.01,no,adamw,46,7671,0.91431,0.3123,10.2
4,512,0.0,gelu,0.008,512,2,3,15,120,0.01,layernorm,adamw,46,7671,0.78317,0.6276,11.3
3,512,0.0,silu,0.003,256,2,3,15,120,0.01,layernorm,adamw,46,7671,0.77871,0.4505,19.5
4,1024,0.1,silu,0.003,256,2,3,15,80,0.01,no,adamw,46,7671,0.81513,0.563,14.4
4,512,0.0,silu,0.002,256,2,3,15,80,0.01,layernorm,adamw,46,7671,0.75627,0.4925,17.0
3,1024,0.1,silu,0.002,512,2,3,15,80,0.01,layernorm,adamw,46,7671,0.88791,0.3974,9.5
3,512,0.0,gelu,0.003,512,2,3,15,80,0.01,layernorm,adamw,46,7671,0.80705,0.3603,9.2
3,512,0.1,silu,0.005,512,2,3,15,120,0.01,no,adamw,46,7671,0.73644,0.4183,13.6
3,1024,0.0,silu,0.002,512,2,3,15,80,0.01,no,adamw,46,7671,1.06772,0.7355,7.9
4,1024,0.1,silu,0.002,256,2,3,15,80,0.01,layernorm,adamw,46,7671,0.74765,0.4818,23.1
3,1024,0.1,gelu,0.003,256,2,3,15,80,0.01,no,adamw,46,7671,0.93002,0.4376,10.6
4,1024,0.0,silu,0.005,256,2,3,15,80,0.01,no,adamw,46,7671,0.80815,0.4157,13.7
4,1024,0.0,gelu,0.003,256,2,5,15,80,0.01,no,adamw,50,7671,0.89974,0.3477,15.4
4,512,0.1,silu,0.005,512,2,5,15,120,0.01,no,adamw,50,7671,0.77801,0.2475,12.3
3,1024,0.1,gelu,0.003,256,2,5,15,80,0.01,no,adamw,50,7671,0.92364,0.1909,14.5
4,1024,0.1,gelu,0.005,256,2,5,15,80,0.01,no,adamw,50,7671,0.86856,0.3912,16.5
3,1024,0.0,silu,0.003,256,2,5,15,80,0.01,no,adamw,50,7671,0.75302,0.5686,14.1
3,1024,0.0,silu,0.003,512,2,5,15,120,0.01,no,adamw,50,7671,0.84045,0.4144,9.8
3,1024,0.0,gelu,0.002,512,2,5,15,120,0.01,no,adamw,50,7671,0.97091,0.4217,10.6
4,1024,0.1,silu,0.003,512,2,5,15,80,0.01,layernorm,adamw,50,7671,0.86411,0.4422,9.9
3,1024,0.0,gelu,0.008,512,2,5,15,80,0.01,layernorm,adamw,50,7671,0.79982,0.7133,12.6
4,1024,0.1,gelu,0.002,512,2,5,15,120,0.01,layernorm,adamw,50,7671,0.76795,0.5035,15.9
4,1024,0.0,gelu,0.008,512,2,5,15,120,0.01,no,adamw,50,7671,1.0328,0.1963,15.8
4,1024,0.0,silu,0.005,512,2,5,15,80,0.01,layernorm,adamw,50,7671,0.7853,0.5535,14.7
4,1024,0.1,gelu,0.005,512,2,5,15,120,0.01,no,adamw,50,7671,0.88823,0.4392,12.1
3,1024,0.0,gelu,0.003,512,2,5,15,80,0.01,no,adamw,50,7671,0.92532,0.485,6.1
4,512,0.0,silu,0.003,512,2,5,15,120,0.01,no,adamw,50,7671,0.91178,0.3892,10.1
4,512,0.0,gelu,0.002,256,2,5,15,80,0.01,layernorm,adamw,50,7671,0.84219,0.3772,14.3
3,512,0.1,silu,0.005,512,2,5,15,80,0.01,no,adamw,50,7671,0.89003,0.4669,9.5
4,512,0.0,silu,0.008,256,2,5,15,120,0.01,no,adamw,50,7671,0.75195,0.3893,23.3
3,1024,0.1,gelu,0.002,512,2,5,15,120,0.01,layernorm,adamw,50,7671,0.87206,0.3382,13.4
4,1024,0.0,silu,0.002,512,2,5,15,80,0.01,layernorm,adamw,50,7671,0.8886,0.3646,10.8
3,512,0.1,gelu,0.003,512,2,5,15,80,0.01,layernorm,adamw,50,7671,0.85582,0.3437,11.2
3,1024,0.0,silu,0.002,512,2,5,15,80,0.01,layernorm,adamw,50,7671,0.95401,0.4648,10.8
3,512,0.0,silu,0.003,256,2,5,15,80,0.01,no,adamw,50,7671,0.83894,0.3477,16.9
4,1024,0.0,gelu,0.005,256,2,5,15,80,0.01,no,adamw,50,7671,1.06035,0.2798,16.9
3,1024,0.0,gelu,0.003,256,2,5,15,80,0.01,no,adamw,50,7671,1.02586,0.32,16.0
4,1024,0.1,gelu,0.002,512,2,5,15,80,0.01,no,adamw,50,7671,0.87245,0.2786,10.9
3,1024,0.0,gelu,0.003,512,2,5,15,120,0.01,layernorm,adamw,50,7671,0.89968,0.1114,15.9
4,512,0.1,silu,0.002,256,2,5,15,120,0.01,layernorm,adamw,50,7671,0.77311,0.5453,43.9
4,1024,0.1,gelu,0.005,512,2,5,15,80,0.01,no,adamw,50,7671,1.07235,0.3797,8.9
3,512,0.0,gelu,0.003,512,2,5,15,80,0.01,no,adamw,50,7671,1.01527,0.3797,8.8
3,512,0.0,silu,0.008,256,2,5,15,80,0.01,layernorm,adamw,50,7671,0.76302,0.5763,16.5
3,512,0.1,gelu,0.002,512,2,5,15,120,0.01,no,adamw,50,7671,0.84016,0.3542,13.4
4,512,0.1,silu,0.008,256,2,5,15,120,0.01,no,adamw,50,7671,0.90513,0.3781,25.5
4,512,0.1,silu,0.005,512,2,5,15,80,0.01,layernorm,adamw,50,7671,0.7971,0.3945,10.0
4,512,0.0,silu,0.005,512,2,5,15,120,0.01,no,adamw,50,7671,0.76756,0.4753,12.9
3,512,0.0,silu,0.005,512,2,5,15,80,0.01,layernorm,adamw,50,7671,0.85638,0.3222,10.4
4,512,0.0,silu,0.005,512,2,5,15,80,0.01,no,adamw,50,7671,0.84578,0.3504,10.2
4,1024,0.0,silu,0.002,512,2,5,15,120,0.01,layernorm,adamw,50,7671,0.85893,0.3594,18.4
4,512,0.1,silu,0.005,256,2,5,15,120,0.01,layernorm,adamw,50,7671,0.84928,0.5391,35.4
3,1024,0.0,silu,0.005,256,2,5,15,120,0.01,layernorm,adamw,50,7671,0.80822,0.6442,20.0
4,512,0.0,gelu,0.002,256,2,5,15,120,0.01,no,adamw,50,7671,0.88659,0.2446,26.5
3,512,0.1,gelu,0.003,256,2,5,15,120,0.01,no,adamw,50,7671,0.8561,0.3106,26.0
4,512,0.1,gelu,0.008,256,2,5,15,120,0.01,layernorm,adamw,50,7671,0.75334,0.5056,35.5
4,1024,0.0,gelu,0.005,256,2,5,15,80,0.01,layernorm,adamw,50,7671,0.81213,0.4389,16.5
4,1024,0.0,silu,0.003,256,2,5,15,120,0.01,layernorm,adamw,50,7671,0.75728,0.5985,25.2
4,512,0.0,silu,0.003,512,2,5,15,80,0.01,no,adamw,50,7671,0.7596,0.2569,9.4
3,512,0.0,gelu,0.005,256,2,5,15,80,0.01,no,adamw,50,7671,0.92479,0.3437,16.1
3,512,0.1,silu,0.005,512,2,5,15,80,0.01,layernorm,adamw,50,7671,0.81095,0.397,10.4
3,1024,0.0,gelu,0.002,256,2,5,15,120,0.01,no,adamw,50,7671,0.89646,0.4402,16.3
3,512,0.0,silu,0.008,256,2,5,15,80,0.01,no,adamw,50,7671,0.93631,0.4173,14.1
3,1024,0.0,gelu,0.008,256,2,5,15,120,0.01,no,adamw,50,7671,0.96644,0.3682,13.4
4,512,0.1,gelu,0.002,256,2,5,15,120,0.01,layernorm,adamw,50,7671,0.76592,0.6111,30.6
4,1024,0.0,gelu,0.003,256,2,5,15,120,0.01,layernorm,adamw,50,7671,0.74803,0.5424,22.0
3,512,0.1,gelu,0.003,256,2,5,15,80,0.01,layernorm,adamw,50,7671,0.87057,0.3704,24.4
3,1024,0.1,gelu,0.005,256,2,5,15,120,0.01,no,adamw,50,7671,0.80488,0.2503,18.0
3,512,0.1,silu,0.003,512,2,5,15,120,0.01,no,adamw,50,7671,0.75476,0.426,15.0
4,1024,0.1,gelu,0.003,512,2,5,15,120,0.01,no,adamw,50,7671,0.85114,0.2096,10.6
4,1024,0.0,silu,0.008,512,2,5,15,80,0.01,no,adamw,50,7671,0.80196,0.1853,7.4
3,512,0.0,gelu,0.008,512,2,5,15,120,0.01,layernorm,adamw,50,7671,0.85032,0.4526,12.1
3,512,0.1,gelu,0.008,256,2,5,15,120,0.01,no,adamw,50,7671,0.90375,0.2903,25.9
3,512,0.0,silu,0.003,256,2,5,15,120,0.01,layernorm,adamw,50,7671,0.79811,0.5727,19.2
4,1024,0.1,gelu,0.003,256,2,5,15,80,0.01,layernorm,adamw,50,7671,0.92487,0.5225,18.5
4,1024,0.1,silu,0.005,256,2,5,15,80,0.01,no,adamw,50,7671,0.98667,0.1169,12.9
4,512,0.1,gelu,0.008,512,2,5,15,120,0.01,layernorm,adamw,50,7671,0.88173,0.6231,16.8
3,1024,0.1,gelu,0.005,256,3,2,15,120,0.01,layernorm,adamw,54,7671,0.74889,0.3516,26.7
4,1024,0.1,silu,0.002,256,3,2,15,80,0.01,no,adamw,54,7671,0.79789,0.4863,13.3
3,1024,0.0,gelu,0.003,512,3,2,15,80,0.01,no,adamw,54,7671,0.83524,0.5145,8.8
3,512,0.1,gelu,0.003,512,3,2,15,80,0.01,layernorm,adamw,54,7671,0.78543,0.6113,12.2
3,512,0.0,silu,0.002,512,3,2,15,120,0.01,layernorm,adamw,54,7671,0.96334,0.4447,11.7
3,512,0.1,silu,0.003,512,3,2,15,120,0.01,no,adamw,54,7671,0.8837,0.423,14.3
4,512,0.0,silu,0.003,256,3,2,15,120,0.01,no,adamw,54,7671,1.08176,0.3868,23.0
3,512,0.0,gelu,0.008,512,3,2,15,80,0.01,no,adamw,54,7671,0.93418,0.3275,8.5
3,512,0.1,gelu,0.003,512,3,2,15,80,0.01,no,adamw,54,7671,0.87138,0.4401,11.1
3,512,0.1,gelu,0.005,256,3,2,15,80,0.01,layernorm,adamw,54,7671,0.75613,0.6827,22.4
4,1024,0.0,gelu,0.002,512,3,2,15,80,0.01,layernorm,adamw,54,7671,0.83585,0.462,10.1
4,512,0.1,silu,0.005,256,3,2,15,80,0.01,layernorm,adamw,54,7671,0.61394,0.5557,22.3
4,512,0.1,gelu,0.005,256,3,2,15,80,0.01,layernorm,adamw,54,7671,0.75712,0.48,28.8
4,1024,0.0,gelu,0.003,512,3,2,15,80,0.01,layernorm,adamw,54,7671,0.75948,0.2997,10.7
3,512,0.1,silu,0.005,512,3,2,15,120,0.01,no,adamw,54,7671,0.85804,0.5488,16.7
3,512,0.0,gelu,0.005,512,3,2,15,120,0.01,no,adamw,54,7671,1.26009,0.0015,11.6
4,1024,0.0,gelu,0.002,512,3,2,15,80,0.01,no,adamw,54,7671,0.83018,0.3895,8.6
4,1024,0.0,gelu,0.002,256,3,2,15,120,0.01,no,adamw,54,7671,0.79128,0.4537,19.5
4,1024,0.0,silu,0.002,256,3,2,15,120,0.01,no,adamw,54,7671,0.77822,0.6296,18.9
4,512,0.0,silu,0.003,512,3,2,15,120,0.01,layernorm,adamw,54,7671,0.86118,0.1709,13.8
3,1024,0.1,silu,0.002,256,3,2,15,80,0.01,no,adamw,54,7671,0.81248,0.4475,12.9
4,1024,0.1,gelu,0.008,256,3,2,15,120,0.01,layernorm,adamw,54,7671,0.68481,0.5386,25.9
4,512,0.0,silu,0.008,256,3,2,15,80,0.01,no,adamw,54,7671,0.72728,0.4137,18.7
4,512,0.0,silu,0.005,512,3,2,15,80,0.01,layernorm,adamw,54,7671,0.68307,0.5303,9.7
4,512,0.1,silu,0.008,512,3,2,15,120,0.01,no,adamw,54,7671,0.69442,0.3249,16.5
4,1024,0.0,gelu,0.003,512,3,2,15,120,0.01,layernorm,adamw,54,7671,0.72782,0.4379,16.6
4,1024,0.1,gelu,0.005,256,3,2,15,80,0.01,layernorm,adamw,54,7671,0.75013,0.5167,21.0
4,1024,0.0,gelu,0.003,256,3,2,15,120,0.01,no,adamw,54,7671,0.79009,0.3201,19.9
4,1024,0.0,silu,0.005,512,3,2,15,80,0.01,no,adamw,54,7671,1.02,0.1981,9.0
4,512,0.1,silu,0.005,512,3,2,15,80,0.01,layernorm,adamw,54,7671,0.95253,0.5219,10.5
4,512,0.0,silu,0.002,256,3,2,15,120,0.01,layernorm,adamw,54,7671,0.68593,0.4246,28.2
3,512,0.1,silu,0.003,512,3,2,15,80,0.01,layernorm,adamw,54,7671,0.94952,0.4928,12.6
4,1024,0.0,gelu,0.003,256,3,2,15,80,0.01,no,adamw,54,7671,0.78376,0.4119,16.6
3,1024,0.0,gelu,0.003,256,3,2,15,120,0.01,no,adamw,54,7671,0.80241,0.3691,22.0
3,1024,0.1,silu,0.008,256,3,2,15,120,0.01,no,adamw,54,7671,0.76006,0.3882,16.3
4,1024,0.1,gelu,0.003,256,3,2,15,80,0.01,no,adamw,54,7671,0.71905,0.4757,13.3
4,1024,0.1,silu,0.003,512,3,2,15,80,0.01,no,adamw,54,7671,0.75215,0.3273,9.9
3,1024,0.0,silu,0.005,512,3,2,15,120,0.01,no,adamw,54,7671,1.06419,0.5242,10.5
4,512,0.0,silu,0.002,512,3,2,15,120,0.01,layernorm,adamw,54,7671,0.73668,0.3974,13.4
3,512,0.1,gelu,0.005,512,3,2,15,80,0.01,layernorm,adamw,54,7671,0.79773,0.4821,12.1
3,512,0.1,silu,0.005,256,3,2,15,120,0.01,layernorm,adamw,54,7671,0.72048,0.4421,36.2
4,512,0.0,gelu,0.002,256,3,2,15,80,0.01,no,adamw,54,7671,0.87577,0.5179,15.5
4,1024,0.1,silu,0.003,256,3,2,15,80,0.01,no,adamw,54,7671,0.79563,0.6103,14.0
4,512,0.1,silu,0.003,512,3,2,15,80,0.01,no,adamw,54,7671,0.82268,0.1938,10.0
3,512,0.0,silu,0.008,512,3,2,15,120,0.01,no,adamw,54,7671,0.78576,0.4509,11.7
3,512,0.1,silu,0.002,512,3,2,15,80,0.01,no,adamw,54,7671,0.893,0.4957,7.9
4,512,0.0,gelu,0.005,256,3,2,15,120,0.01,layernorm,adamw,54,7671,0.78442,0.5407,23.3
3,512,0.0,silu,0.008,256,3,2,15,120,0.01,layernorm,adamw,54,7671,0.79603,0.3428,22.7
4,512,0.1,silu,0.002,512,3,2,15,120,0.01,layernorm,adamw,54,7671,0.7147,0.5417,21.2
3,1024,0.1,gelu,0.002,256,3,2,15,80,0.01,no,adamw,54,7671,0.85829,0.4408,15.3
4,1024,0.1,gelu,0.002,512,3,2,15,120,0.01,layernorm,adamw,54,7671,0.68056,0.4387,14.4
3,512,0.1,gelu,0.008,512,3,2,15,120,0.01,layernorm,adamw,54,7671,0.79841,0.7561,14.3
4,512,0.1,gelu,0.003,256,3,2,15,120,0.01,no,adamw,54,7671,0.7227,0.4416,22.3
3,512,0.1,silu,0.008,512,3,2,15,80,0.01,layernorm,adamw,54,7671,0.72202,0.2375,13.3
3,512,0.0,silu,0.002,512,3,2,15,80,0.01,layernorm,adamw,54,7671,0.97083,0.3061,10.6
4,1024,0.1,silu,0.003,512,3,2,15,120,0.01,no,adamw,54,7671,0.63895,0.4374,11.2
3,512,0.1,gelu,0.008,512,3,2,15,80,0.01,no,adamw,54,7671,0.8097,0.2277,7.5
4,1024,0.1,gelu,0.005,256,3,2,15,120,0.01,layernorm,adamw,54,7671,0.77133,0.2144,26.4
4,1024,0.1,gelu,0.008,256,3,2,15,80,0.01,layernorm,adamw,54,7671,0.72586,0.6076,18.5
3,512,0.1,silu,0.002,256,3,2,15,120,0.01,no,adamw,54,7671,1.05842,0.5029,23.9
3,512,0.1,silu,0.005,512,3,2,15,80,0.01,layernorm,adamw,54,7671,0.81589,0.4565,13.2
4,512,0.0,silu,0.008,512,3,2,15,80,0.01,layernorm,adamw,54,7671,0.8798,0.6103,9.2
3,512,0.0,silu,0.008,512,3,2,15,80,0.01,layernorm,adamw,54,7671,0.98963,0.3707,6.9
4,512,0.1,silu,0.008,512,3,2,15,80,0.01,layernorm,adamw,54,7671,0.68107,0.6637,9.6
3,1024,0.1,gelu,0.002,512,3,3,15,120,0.01,layernorm,adamw,56,7671,0.8122,0.3044,12.8
4,512,0.1,gelu,0.008,512,3,3,15,80,0.01,no,adamw,56,7671,0.99262,0.2406,9.7
4,512,0.0,gelu,0.002,512,3,3,15,120,0.01,no,adamw,56,7671,0.955,0.3501,14.3
3,512,0.0,silu,0.008,512,3,3,15,80,0.01,layernorm,adamw,56,7671,0.82698,0.3796,8.8
4,1024,0.1,gelu,0.008,256,3,3,15,120,0.01,layernorm,adamw,56,7671,0.66987,0.5454,29.5
3,1024,0.1,silu,0.008,512,3,3,15,120,0.01,no,adamw,56,7671,0.82162,0.4423,12.5
3,512,0.0,silu,0.008,256,3,3,15,120,0.01,no,adamw,56,7671,0.91485,0.377,29.2
4,1024,0.0,silu,0.003,512,3,3,15,80,0.01,no,adamw,56,7671,1.03208,0.6462,8.3
3,1024,0.0,gelu,0.005,256,3,3,15,80,0.01,layernorm,adamw,56,7671,0.81405,0.4041,12.8
4,512,0.1,silu,0.002,256,3,3,15,80,0.01,layernorm,adamw,56,7671,0.82419,0.2725,22.7
3,1024,0.0,gelu,0.003,256,3,3,15,120,0.01,layernorm,adamw,56,7671,0.82947,0.4175,24.0
3,1024,0.1,silu,0.005,512,3,3,15,80,0.01,no,adamw,56,7671,0.85763,0.4247,8.1
4,1024,0.0,silu,0.008,256,3,3,15,80,0.01,no,adamw,56,7671,1.31872,0.0011,15.0
3,512,0.0,gelu,0.003,256,3,3,15,120,0.01,no,adamw,56,7671,0.97012,0.4985,21.2
3,512,0.1,silu,0.003,256,3,3,15,80,0.01,no,adamw,56,7671,0.77785,0.3307,15.7
4,512,0.0,gelu,0.002,256,3,3,15,120,0.01,no,adamw,56,7671,0.97707,0.5659,29.7
3,512,0.1,silu,0.003,256,3,3,15,80,0.01,layernorm,adamw,56,7671,0.80145,0.4567,23.4
4,512,0.0,silu,0.005,256,3,3,15,80,0.01,layernorm,adamw,56,7671,0.82056,0.4008,20.3
4,1024,0.0,gelu,0.002,256,3,3,15,80,0.01,layernorm,adamw,56,7671,0.71618,0.3637,18.1
4,1024,0.0,gelu,0.005,256,3,3,15,120,0.01,layernorm,adamw,56,7671,0.74798,0.3923,25.3
3,512,0.1,silu,0.002,512,3,3,15,120,0.01,no,adamw,56,7671,0.95297,0.5671,12.8
3,512,0.0,silu,0.005,512,3,3,15,120,0.01,layernorm,adamw,56,7671,0.89884,0.461,9.3
4,512,0.0,silu,0.002,256,3,3,15,80,0.01,no,adamw,56,7671,0.85616,0.4275,16.9
3,1024,0.1,gelu,0.008,512,3,3,15,120,0.01,no,adamw,56,7671,0.90886,0.2734,13.4
3,1024,0.1,gelu,0.005,256,3,3,15,120,0.01,no,adamw,56,7671,0.82676,0.1721,18.7
4,512,0.0,silu,0.003,256,3,3,15,80,0.01,layernorm,adamw,56,7671,0.78298,0.4637,16.6
4,1024,0.1,silu,0.008,256,3,3,15,80,0.01,no,adamw,56,7671,1.04447,0.0156,15.0
3,512,0.1,gelu,0.005,256,3,3,15,120,0.01,layernorm,adamw,56,7671,0.73111,0.4441,35.4
4,512,0.0,silu,0.005,512,3,3,15,80,0.01,layernorm,adamw,56,7671,0.77425,0.2866,9.5
4,512,0.0,silu,0.008,512,3,3,15,120,0.01,layernorm,adamw,56,7671,0.7785,0.4022,14.0
4,512,0.1,silu,0.003,256,3,3,15,80,0.01,layernorm,adamw,56,7671,0.71741,0.5228,20.9
4,1024,0.1,gelu,0.005,256,3,3,15,80,0.01,no,adamw,56,7671,0.84516,0.3371,13.6
3,512,0.1,gelu,0.005,512,3,3,15,120,0.01,no,adamw,56,7671,0.98221,0.1934,11.9
4,1024,0.0,silu,0.002,512,3,3,15,80,0.01,layernorm,adamw,56,7671,0.8797,0.3605,11.7
4,512,0.0,gelu,0.005,512,3,3,15,80,0.01,layernorm,adamw,56,7671,0.70033,0.4206,7.0
3,1024,0.1,gelu,0.005,512,3,3,15,80,0.01,layernorm,adamw,56,7671,0.86753,0.5386,8.1
3,1024,0.0,silu,0.005,256,3,3,15,120,0.01,no,adamw,56,7671,0.81402,0.4013,17.3
4,512,0.0,gelu,0.003,512,3,3,15,80,0.01,no,adamw,56,7671,0.90415,0.5866,7.2
4,1024,0.1,silu,0.008,256,3,3,15,120,0.01,layernorm,adamw,56,7671,0.68096,0.6932,24.9
4,512,0.1,gelu,0.005,256,3,3,15,120,0.01,no,adamw,56,7671,0.8166,0.3397,24.8
4,1024,0.0,gelu,0.005,256,3,3,15,80,0.01,no,adamw,56,7671,0.90726,0.4253,10.9
3,512,0.0,silu,0.003,512,3,3,15,80,0.01,layernorm,adamw,56,7671,0.84074,0.3939,6.7
3,512,0.1,gelu,0.003,512,3,3,15,120,0.01,no,adamw,56,7671,0.79873,0.337,15.4
4,1024,0.0,gelu,0.002,256,3,3,15,80,0.01,no,adamw,56,7671,0.85182,0.516,15.4
4,512,0.0,silu,0.008,512,3,3,15,80,0.01,no,adamw,56,7671,1.09002,0.1018,12.8
3,1024,0.1,gelu,0.003,512,3,3,15,120,0.01,layernorm,adamw,56,7671,0.79954,0.4204,13.8
3,1024,0.1,silu,0.008,512,3,3,15,120,0.01,layernorm,adamw,56,7671,0.84156,0.5377,11.8
4,1024,0.0,gelu,0.005,512,3,3,15,80,0.01,no,adamw,56,7671,0.98807,0.4343,8.3
3,1024,0.0,silu,0.002,256,3,3,15,120,0.01,no,adamw,56,7671,0.8678,0.4871,17.3
3,1024,0.1,gelu,0.002,512,3,3,15,120,0.01,no,adamw,56,7671,1.04294,0.4806,10.6
4,1024,0.0,silu,0.008,512,3,3,15,120,0.01,layernorm,adamw,56,7671,0.79664,0.3692,17.4
3,512,0.1,silu,0.002,512,3,3,15,80,0.01,no,adamw,56,7671,0.7855,0.3644,9.0
4,1024,0.0,gelu,0.008,256,3,3,15,120,0.01,no,adamw,56,7671,0.97833,0.4181,18.0
3,512,0.1,silu,0.002,256,3,3,15,120,0.01,layernorm,adamw,56,7671,0.74381,0.3948,34.3
3,1024,0.0,silu,0.008,512,3,3,15,80,0.01,layernorm,adamw,56,7671,0.952,0.0233,13.1
3,512,0.0,silu,0.008,256,3,3,15,80,0.01,layernorm,adamw,56,7671,0.82085,0.6216,13.6
3,512,0.1,gelu,0.002,512,3,3,15,120,0.01,layernorm,adamw,56,7671,0.86576,0.404,15.7
4,512,0.1,silu,0.005,256,3,3,15,120,0.01,no,adamw,56,7671,0.75952,0.5552,27.1
4,1024,0.1,silu,0.005,256,3,3,15,80,0.01,layernorm,adamw,56,7671,0.68528,0.4991,21.6
4,512,0.1,silu,0.002,512,3,3,15,120,0.01,no,adamw,56,7671,1.19022,0.0029,12.6
3,512,0.0,silu,0.002,256,3,3,15,120,0.01,no,adamw,56,7671,0.85506,0.5977,22.4
4,1024,0.1,silu,0.003,512,3,3,15,120,0.01,no,adamw,56,7671,0.71414,0.6186,13.3
3,512,0.1,gelu,0.005,256,3,3,15,120,0.01,no,adamw,56,7671,0.88178,0.4405,25.4
4,1024,0.1,gelu,0.003,256,3,3,15,120,0.01,no,adamw,56,7671,0.9079,0.3916,20.5
4,1024,0.0,gelu,0.003,512,3,5,15,120,0.01,layernorm,adamw,60,7671,0.76083,0.6245,19.7
3,1024,0.0,silu,0.008,256,3,5,15,120,0.01,layernorm,adamw,60,7671,0.82804,0.5443,22.3
4,1024,0.1,silu,0.003,512,3,5,15,120,0.01,no,adamw,60,7671,0.82986,0.2875,11.6
3,1024,0.0,silu,0.003,256,3,5,15,120,0.01,no,adamw,60,7671,0.85444,0.4906,21.0
4,1024,0.1,silu,0.003,512,3,5,15,80,0.01,layernorm,adamw,60,7671,0.79663,0.424,13.4
4,512,0.1,gelu,0.002,512,3,5,15,80,0.01,no,adamw,60,7671,0.82242,0.4015,11.2
4,512,0.1,silu,0.008,512,3,5,15,120,0.01,no,adamw,60,7671,0.73145,0.4635,12.8
3,1024,0.0,silu,0.002,512,3,5,15,80,0.01,layernorm,adamw,60,7671,0.92856,0.3457,11.2
4,512,0.0,gelu,0.003,256,3,5,15,120,0.01,no,adamw,60,7671,0.91129,0.5054,26.3
4,512,0.1,gelu,0.005,256,3,5,15,120,0.01,layernorm,adamw,60,7671,0.8048,0.5112,41.9
4,1024,0.0,silu,0.002,256,3,5,15,80,0.01,no,adamw,60,7671,0.89972,0.4604,13.1
4,1024,0.1,silu,0.002,512,3,5,15,80,0.01,no,adamw,60,7671,0.99767,0.2384,7.2
3,512,0.1,gelu,0.005,256,3,5,15,120,0.01,layernorm,adamw,60,7671,0.75547,0.4623,33.0
3,512,0.0,gelu,0.005,512,3,5,15,80,0.01,no,adamw,60,7671,0.92014,0.335,9.7
3,512,0.1,silu,0.008,512,3,5,15,80,0.01,layernorm,adamw,60,7671,0.82266,0.6366,16.1
4,1024,0.0,silu,0.002,512,3,5,15,80,0.01,layernorm,adamw,60,7671,0.85677,0.473,13.4
4,1024,0.0,silu,0.005,256,3,5,15,80,0.01,layernorm,adamw,60,7671,0.8504,0.6204,19.2
4,512,0.1,gelu,0.003,512,3,5,15,120,0.01,layernorm,adamw,60,7671,0.80204,0.4078,14.8
4,1024,0.0,silu,0.005,256,3,5,15,120,0.01,layernorm,adamw,60,7671,0.78797,0.4925,24.7
3,512,0.0,silu,0.005,256,3,5,15,120,0.01,layernorm,adamw,60,7671,0.77268,0.6243,22.8
3,1024,0.0,gelu,0.002,512,3,5,15,80,0.01,layernorm,adamw,60,7671,0.8294,0.3698,10.6
4,512,0.1,gelu,0.002,512,3,5,15,120,0.01,layernorm,adamw,60,7671,0.82066,0.3366,16.1
4,1024,0.0,gelu,0.008,256,3,5,15,80,0.01,layernorm,adamw,60,7671,0.80156,0.4706,15.4
3,1024,0.1,gelu,0.008,512,3,5,15,120,0.01,no,adamw,60,7671,0.80092,0.3934,11.9
3,512,0.1,gelu,0.005,512,3,5,15,80,0.01,no,adamw,60,7671,0.79472,0.3132,9.0
4,1024,0.0,gelu,0.002,512,3,5,15,80,0.01,no,adamw,60,7671,0.94616,0.4711,8.1
4,512,0.1,gelu,0.008,256,3,5,15,80,0.01,no,adamw,60,7671,1.04637,0.5058,13.8
3,512,0.1,silu,0.005,512,3,5,15,120,0.01,no,adamw,60,7671,0.87212,0.3618,11.1
3,512,0.0,gelu,0.008,512,3,5,15,80,0.01,layernorm,adamw,60,7671,0.94298,0.4803,9.4
4,1024,0.1,gelu,0.005,512,3,5,15,120,0.01,layernorm,adamw,60,7671,0.73859,0.4943,14.1
3,512,0.1,gelu,0.003,256,3,5,15,80,0.01,layernorm,adamw,60,7671,0.89194,0.3542,14.9
4,1024,0.1,silu,0.008,512,3,5,15,120,0.01,layernorm,adamw,60,7671,0.74643,0.5103,13.8
4,1024,0.1,silu,0.002,512,3,5,15,120,0.01,no,adamw,60,7671,0.95556,0.484,14.7
3,512,0.0,silu,0.002,512,3,5,15,120,0.01,no,adamw,60,7671,0.97931,0.6583,15.0
4,512,0.0,gelu,0.005,512,3,5,15,120,0.01,layernorm,adamw,60,7671,1.00543,0.5513,14.3
3,1024,0.1,silu,0.002,256,3,5,15,80,0.01,layernorm,adamw,60,7671,0.85083,0.312,18.0
4,1024,0.1,gelu,0.003,256,3,5,15,80,0.01,layernorm,adamw,60,7671,0.71223,0.5248,20.1
4,512,0.0,gelu,0.008,256,3,5,15,80,0.01,layernorm,adamw,60,7671,0.82032,0.5048,18.2
4,512,0.1,gelu,0.003,256,3,5,15,80,0.01,layernorm,adamw,60,7671,0.74413,0.4429,28.4
3,1024,0.1,gelu,0.005,512,3,5,15,120,0.01,layernorm,adamw,60,7671,0.76793,0.5574,12.9
3,512,0.1,gelu,0.002,256,3,5,15,80,0.01,layernorm,adamw,60,7671,0.89285,0.4484,27.4
3,512,0.0,silu,0.003,256,3,5,15,120,0.01,no,adamw,60,7671,0.81413,0.5163,26.1
3,1024,0.1,gelu,0.003,512,3,5,15,120,0.01,no,adamw,60,7671,0.9935,0.3295,14.2
3,512,0.0,gelu,0.008,512,3,5,15,80,0.01,no,adamw,60,7671,1.0049,0.3636,8.8
4,512,0.1,silu,0.005,256,3,5,15,120,0.01,no,adamw,60,7671,0.79139,0.2179,23.1
3,512,0.1,silu,0.008,512,3,5,15,80,0.01,no,adamw,60,7671,0.81274,0.4261,11.2
4,512,0.0,silu,0.008,512,3,5,15,120,0.01,no,adamw,60,7671,0.84406,0.1234,14.1
4,512,0.1,gelu,0.003,512,3,5,15,120,0.01,no,adamw,60,7671,0.8371,0.4081,12.0
4,512,0.1,silu,0.008,512,3,5,15,120,0.01,layernorm,adamw,60,7671,0.77125,0.6071,14.1
3,1024,0.1,silu,0.003,256,3,5,15,120,0.01,no,adamw,60,7671,0.82028,0.2869,20.7
3,512,0.1,gelu,0.008,256,3,5,15,80,0.01,layernorm,adamw,60,7671,0.87678,0.4086,19.3
4,1024,0.1,gelu,0.002,256,3,5,15,120,0.01,no,adamw,60,7671,0.88875,0.5121,22.5
3,1024,0.0,gelu,0.003,512,3,5,15,120,0.01,no,adamw,60,7671,0.92556,0.5193,12.5
4,1024,0.1,gelu,0.002,512,3,5,15,80,0.01,no,adamw,60,7671,1.05416,0.3328,8.8
4,512,0.1,gelu,0.005,256,3,5,15,80,0.01,layernorm,adamw,60,7671,0.75811,0.5855,26.0
4,1024,0.1,gelu,0.002,256,3,5,15,80,0.01,layernorm,adamw,60,7671,0.79393,0.273,19.8
3,1024,0.0,gelu,0.003,512,3,5,15,80,0.01,layernorm,adamw,60,7671,0.94759,0.395,8.7
4,512,0.1,silu,0.008,256,3,5,15,80,0.01,no,adamw,60,7671,0.84711,0.1956,15.7
4,512,0.0,gelu,0.005,256,3,5,15,80,0.01,no,adamw,60,7671,0.94422,0.3735,17.8
4,512,0.0,gelu,0.003,256,3,5,15,120,0.01,layernorm,adamw,60,7671,0.83579,0.4628,22.5
3,512,0.0,silu,0.003,256,3,5,15,120,0.01,layernorm,adamw,60,7671,0.76723,0.4719,22.2
3,512,0.1,gelu,0.002,512,3,5,15,120,0.01,layernorm,adamw,60,7671,0.80242,0.5126,17.2
3,512,0.0,gelu,0.005,256,3,5,15,80,0.01,layernorm,adamw,60,7671,0.78484,0.3282,13.3
3,1024,0.1,silu,0.003,256,3,5,15,80,0.01,layernorm,adamw,60,7671,0.79343,0.5879,11.9
